original,attacked
CC 2L,CC 2L
CC 2L,Cc 2l
COCA COLA 2 LT,COCA 2 LT
COCA COLA 2 LT,COLA 2 COCA LT
COCA COLA 2 LT,COCA COLA LT 2
COCA COLA 2 LT,COCA COLA 2 LT
COCA COLA 2 LT,CLCA COLA 2 LT
COCA COLA 2 LT,Coca cola 2 lt
COKA COLA 2L,coka cola 2l
COKA COLA 2L,COLA
COKA COLA 2L,COKA CKLA 2L
COKA COLA 2L,COLA COKA 2L
COKA COLA 2L,COKA COLA 2L
COCA-COLA 2LT,2LT COCA-COLA
COCA-COLA 2LT,COCA-COLA 2LT
COCA-COLA 2LT,COCA COLA 2LT
COCACOLA 2 LITROS,cocacola 2 litros
COCACOLA 2 LITROS,COCACOLA 2 LITROS
COCACOLA 2 LITROS,2 LITROS
COCACOLA 2 LITROS,2 COCACOLA LITROS
COCACOLA 2 LITROS,COVACOLA 2 LITROS
COCACOLA 2 LITROS,LITROS COCACOLA 2
CCA COLA 2L,CCA 2L COLA
CCA COLA 2L,CCA COLA 2K
CCA COLA 2L,CCA COLA 2L
CCA COLA 2L,2L COLA CCA
REFRIG COCA 2L,REFRIG 2L COCA
REFRIG COCA 2L,REFRIG COCA 2L
COCA COLA DOIS LITROS,COLA COCA DOIS LITROS
COCA COLA DOIS LITROS,COXA COLA DOUS LITRPS
COCA COLA DOIS LITROS,Coca cola dois litros
COCA COLA DOIS LITROS,COCA COLA DOIS LITROS
COCA COLA DOIS LITROS,LITROS COLA DOIS COCA
REFRIG CC 2LT,REFFIG CC 2LT
REFRIG CC 2LT,refrig cc 2lt
REFRIG CC 2LT,REFRIG 2LT CC
REFRIG CC 2LT,REFRIG CC 2LT
COCA COLA 2000ML,COCA COLA 2000ML
COCA COLA 2000ML,COCA 2000ML COLA
COCA COLA 2000ML,Coca cola 2000ml
CADEADO PADO LT-50MM,CADEADO LT-50MM PADO
CADEADO PADO LT-50MM,CADEADO PADO LT-50MM
CADEADO PADO LT-50MM,PADO CADEADO LT-50MM
CADEADO PADO LT-50MM,CSDEADO PADO LT-50MM
CADEADO PADO LT-50MM,CADEADO PADO LT 50MM
CAD PDO LT50,PDO CAD LT50
CAD PDO LT50,CAD PDO LT50
CAD PDO LT50,cad pdo lt50
CAD PDO LT50,PDO LT50 CAD
CADEADO PADRAO LT 50MM,CADEADO PADRAO LT 50MM
CADEADO PADRAO LT 50MM,LT CADEADO PADRAO 50MM
CADEADO PADRAO LT 50MM,PADRAO LT 50MM
CADEADO PADRAO LT 50MM,PADRAO CADEADO LT 50MM
CADEADO PADRAO LT 50MM,CADEADO PADRQO LT 50MM
CADEADO PADRAO LT 50MM,Cadeado padrao lt 50mm
CDO PADO LT-50,cdo pado lt-50
CDO PADO LT-50,CDO PADO LT 50
CDO PADO LT-50,CDO PADO LT-50
CDO PADO LT-50,PADO CDO LT-50
CADEADO PADO LT50MM,CADEADO PADO LT50MM
CADEADO PADO LT50MM,VADEACO PADO LT50MM
CADEADO PADO LT50MM,PADO CADEADO LT50MM
CADEADO PADO LT50MM,Cadeado pado lt50mm
CAD PADR LT-50MM,CAD PADR LT 50MM
CAD PADR LT-50MM,Cad padr lt-50mm
CAD PADR LT-50MM,PADR LT-50MM CAD
CAD PADR LT-50MM,CAD LT-50MM PADR
CAD PADR LT-50MM,CAD PADR LT-50MM
CAD PADR LT-50MM,CAD PADR
CADEADO PDO 50MM,PDO 50MM CADEADO
CADEADO PDO 50MM,50MM
CADEADO PDO 50MM,Cadeado pdo 50mm
CADEADO PDO 50MM,CADEADO PDO 50MM
CADEADO PDO 50MM,CADSADO PDO 50MN
CADEADO PDO 50MM,PDO CADEADO 50MM
CADEADO PADO MOD LT50,CADEADO LADO MOD LT50
CADEADO PADO MOD LT50,CADEADO PADO MOD LT50
CADEADO PADO MOD LT50,LT50 CADEADO MOD PADO
CADEADO PADO MOD LT50,CADEADO MOD PADO LT50
CDO PAD LT 50 MM,LT MM PAD CDO 50
CDO PAD LT 50 MM,LT CDO PAD 50 MM
CDO PAD LT 50 MM,PAD 50 MM
CDO PAD LT 50 MM,CDO PAD LT 50 MM
CDO PAD LT 50 MM,cdo pad lt 50 mm
CADEADO PADO LT - 50 MM,CADEADO PADO - 50 LT MM
CADEADO PADO LT - 50 MM,Cadeado pado lt - 50 mm
CADEADO PADO LT - 50 MM,CADEADO LT - 50 MM
CADEADO PADO LT - 50 MM,CADEADO PADO LT - 50 MM
CADEADO PADO LT - 50 MM,CADEADO PADO LT  50 MM
CADEADO PADO LT - 50 MM,- 50 MM CADEADO LT PADO
CADEADO PADO LT - 50 MM,DADEADO PSDO LT - 50 MM
ARR BCO TJ 1KG,ARR 1KG TJ BCO
ARR BCO TJ 1KG,arr bco tj 1kg
ARR BCO TJ 1KG,BCO ARR TJ 1KG
ARR BCO TJ 1KG,ARR BCO TJ 1KG
ARROZ BRANCO TIO JOAO 1KG,ARROZ BRANCO TJO JOAO 1KG
ARROZ BRANCO TIO JOAO 1KG,ARROZ BRANCO TIO JOAO
ARROZ BRANCO TIO JOAO 1KG,1KG JOAO ARROZ TIO BRANCO
ARROZ BRANCO TIO JOAO 1KG,Arroz branco tio joao 1kg
ARROZ BRANCO TIO JOAO 1KG,ARROZ BRANCO TIO JOAO 1KG
ARROZ BRANCO TIO JOAO 1KG,ARROZ TIO JOAO BRANCO 1KG
ARZ BCO TIO JOAO 1 KG,ARZ BCO TIO JOAO 1 KG
ARZ BCO TIO JOAO 1 KG,ARZ JOAO 1 BCO KG TIO
ARZ BCO TIO JOAO 1 KG,ARZ TIO BCO JOAO KG 1
ARZ BCO TIO JOAO 1 KG,ARZ BCO JOAO 1 KG
ARROZ TIO JOAO BCO 1KG,ZRROZ TIO JOAO BCO 1KG
ARROZ TIO JOAO BCO 1KG,TIO BCO 1KG
ARROZ TIO JOAO BCO 1KG,ARROZ TIO JOAO BCO 1KG
ARROZ TIO JOAO BCO 1KG,arroz tio joao bco 1kg
ARROZ TIO JOAO BCO 1KG,ARROZ JOAO BCO TIO 1KG
ARROZ TIO JOAO BCO 1KG,BCO ARROZ 1KG JOAO TIO
ARR BRANCO TIO JOAO 1KG,BRANCO TIO ARR JOAO 1KG
ARR BRANCO TIO JOAO 1KG,ARR BTQNCO TIO JOAO 1KG
ARR BRANCO TIO JOAO 1KG,ARR BRANCO TIO JOAO
ARR BRANCO TIO JOAO 1KG,1KG JOAO ARR TIO BRANCO
ARR BRANCO TIO JOAO 1KG,Arr branco tio joao 1kg
ARR BRANCO TIO JOAO 1KG,ARR BRANCO TIO JOAO 1KG
ARRZ TIO JOA BCO 1KG,ARRZ JOA TIO 1KG BCO
ARRZ TIO JOA BCO 1KG,ARRZ TIO JOA BCO 1KG
ARRZ TIO JOA BCO 1KG,Arrz tio joa bco 1kg
ARRZ TIO JOA BCO 1KG,ARRZ BCO 1KG TIO JOA
ARROZ BCO 1KG TIO JOAO,ARROZ BCO 1KG TIO JOAO
ARROZ BCO 1KG TIO JOAO,ARROZ 1KG JOAO
ARROZ BCO 1KG TIO JOAO,BCO 1KG JOAO ARROZ TIO
ARROZ BCO 1KG TIO JOAO,ARROZ BFO 1KG TJO JOAO
ARROZ BCO 1KG TIO JOAO,BCO ARROZ 1KG JOAO TIO
ARZ BRCO TIO JOAO 1KG,ATZ BRCO TIO JOAO 1KG
ARZ BRCO TIO JOAO 1KG,1KG ARZ TIO BRCO JOAO
ARZ BRCO TIO JOAO 1KG,BRCO JOAO
ARZ BRCO TIO JOAO 1KG,ARZ BRCO TIO JOAO 1KG
ARZ BRCO TIO JOAO 1KG,ARZ TIO BRCO 1KG JOAO
ARROZ BCO TIO JO 1KG,ARROZ TIO JO 1KG
ARROZ BCO TIO JO 1KG,ARROZ 1KG BCO TIO JO
ARROZ BCO TIO JO 1KG,BCO ARROZ TIO 1KG JO
ARROZ BCO TIO JO 1KG,ARROZ BCO TIO JO 1KG
ARROZ BCO TIO JO 1KG,ARROZ BCO TIO JO 1LG
ARROZ BCO TIO JO 1KG,Arroz bco tio jo 1kg
ARR BCO T JOAO 1 KG,T BCO JOAO ARR KG 1
ARR BCO T JOAO 1 KG,BCO ARR T JOAO KG 1
ARR BCO T JOAO 1 KG,Arr bco t joao 1 kg
ARR BCO T JOAO 1 KG,BCO T JOAO 1 KG
ARR BCO T JOAO 1 KG,ARR BCO T JOAO 1 KG
ARR BCO T JOAO 1 KG,ARR BCO R JOAO 1 KG
FEJ CARIOCA KICALDO 1KG,CARIOCA FEJ KICALDO 1KG
FEJ CARIOCA KICALDO 1KG,FEJ CARIOCA KICALDO 1KG
FEJ CARIOCA KICALDO 1KG,KICALDO CARIOCA 1KG FEJ
FEIJAO CARIOCA KICALDO 1KG,FEIJAO CARIOCQ KICAKDO 1KG
FEIJAO CARIOCA KICALDO 1KG,FEIJAO KICALDO CARIOCA 1KG
FEIJAO CARIOCA KICALDO 1KG,CARIOCA KICALDO FEIJAO 1KG
FEIJAO CARIOCA KICALDO 1KG,FEIJAO CARIOCA KICALDO 1KG
FEIJ CAR KICALDO 1 KG,FEIJ CAR KICZLDO 1 KG
FEIJ CAR KICALDO 1 KG,1 KICALDO FEIJ CAR KG
FEIJ CAR KICALDO 1 KG,FEIJ CAR KICALDO 1 KG
FEIJ CAR KICALDO 1 KG,FEIJ KICALDO CAR KG 1
FJO CARIOCA KICALDO 1KG,FJO CARIOCA KICALFO 1KG
FJO CARIOCA KICALDO 1KG,CARIOCA 1KG KICALDO FJO
FJO CARIOCA KICALDO 1KG,FJO KICALDO CARIOCA 1KG
FJO CARIOCA KICALDO 1KG,FJO CARIOCA KICALDO 1KG
FJO CARIOCA KICALDO 1KG,FJO CARIOCA KICALDO
FEIJAO CARICOA KICALDO 1KG,FEIJAO CQRICOA KICALXO 1KG
FEIJAO CARICOA KICALDO 1KG,FEIJAO KICALDO CARICOA 1KG
FEIJAO CARICOA KICALDO 1KG,FEIJAO CARICOA KICALDO 1KG
FEIJ CARIOCA KIC 1KG,FEIJ CATIOCA KID 1KV
FEIJ CARIOCA KIC 1KG,KIC CARIOCA FEIJ 1KG
FEIJ CARIOCA KIC 1KG,CARIOCA FEIJ KIC 1KG
FEIJ CARIOCA KIC 1KG,FEIJ CARIOCA KIC 1KG
FEIJ CARIOCA KIC 1KG,CARIOCA KIC
FJ CARIOCA KICALDO 1KG,Fj carioca kicaldo 1kg
FJ CARIOCA KICALDO 1KG,FJ 1KG KICALDO CARIOCA
FJ CARIOCA KICALDO 1KG,FJ CARIOCA KICALDO 1KG
FJ CARIOCA KICALDO 1KG,FJ CARIOCA MICALDO 1KG
FJ CARIOCA KICALDO 1KG,FJ KICALDO CARIOCA 1KG
FJ CARIOCA KICALDO 1KG,FJ 1KG
FEIJAO CARIOCA KICLD 1KG,Feijao carioca kicld 1kg
FEIJAO CARIOCA KICLD 1KG,FEIJAO CARIOCA 1KG KICLD
FEIJAO CARIOCA KICLD 1KG,FEIJAO KICLD 1KG
FEIJAO CARIOCA KICLD 1KG,FEIJAO CARIOCA KICLD 1KG
FEIJAO CARIOCA KICLD 1KG,DEIJAO CARIOCA KKVLD 1KG
FEIJAO CAR KICALDO 1 KG,feijao car kicaldo 1 kg
FEIJAO CAR KICALDO 1 KG,FEIJAO CAR 1 KG KICALDO
FEIJAO CAR KICALDO 1 KG,FRIJAO CAR KICALDO 1 KG
FEIJAO CAR KICALDO 1 KG,FEIJAO CAR 1 KG
FEIJAO CAR KICALDO 1 KG,FEIJAO CAR KICALDO 1 KG
FEIJAO CAR KICALDO 1 KG,KG KICALDO FEIJAO CAR 1
FJO CAR KICALDO1KG,Fjo car kicaldo1kg
FJO CAR KICALDO1KG,FJO XAR KICALDO1KG
FJO CAR KICALDO1KG,FJO CAR KICALDO1KG
FJO CAR KICALDO1KG,FJO KICALDO1KG CAR
LEITE INTEGRAL ITALAC 1L,LEITE INTEGRAL ITALAC 1L
LEITE INTEGRAL ITALAC 1L,LEITE INTEHRAL ITAOAC 1L
LEITE INTEGRAL ITALAC 1L,leite integral italac 1l
LEITE INTEGRAL ITALAC 1L,LEITE 1L INTEGRAL ITALAC
LEITE INTEGRAL ITALAC 1L,INTEGRAL LEITE ITALAC 1L
LT INTEG ITALAC 1L,LT INTEG ITALAC 1L
LT INTEG ITALAC 1L,LT ITALAC INTEG 1L
LT INTEG ITALAC 1L,INTEG ITALAC
LT INTEG ITALAC 1L,LT INTEG 1L ITALAC
LEITE INT ITALAC 1LT,LEITE INT 1LT ITALAC
LEITE INT ITALAC 1LT,LEITE INT ITALAC 1LT
LEITE INT ITALAC 1LT,LEITE 1LT
LEITE INT ITALAC 1LT,Leite int italac 1lt
LEITE INT ITALAC 1LT,LEITE 1LT INT ITALAC
LEITE ITALAC INTEGRAL 1L,LEITE INTEGRAL ITALAC 1L
LEITE ITALAC INTEGRAL 1L,LEITE IGSLAC INTEGRAO 1L
LEITE ITALAC INTEGRAL 1L,Leite italac integral 1l
LEITE ITALAC INTEGRAL 1L,LEITE ITALAC INTEGRAL 1L
LEITE ITALAC INTEGRAL 1L,ITALAC LEITE INTEGRAL 1L
LEITE ITALAC INTEGRAL 1L,LEITE 1L
LTE INTEGRAL ITALAC 1L,LTE INTEGRAL ITALAC 1L
LTE INTEGRAL ITALAC 1L,LTE INTEGRAL 1L ITALAC
LTE INTEGRAL ITALAC 1L,Lte integral italac 1l
LTE INTEGRAL ITALAC 1L,ITALAC INTEGRAL 1L LTE
LTE INTEGRAL ITALAC 1L,LTE INTEGRAL ITAKAC 1L
LEITE ITALAC 1L INT,LEITE ITALAC 1L INT
LEITE ITALAC 1L INT,ITALAC LEITE 1L INT
LEITE ITALAC 1L INT,leite italac 1l int
LEITE ITALAC 1L INT,1L INT
LEITE ITALAC 1L INT,LEITE 1L ITALAC INT
LEITE ITALAC 1L INT,LEITE ITALAC 1P INT
LT INT ITALAC 1 LITRO,LT ITALAC 1 INT LITRO
LT INT ITALAC 1 LITRO,LT INT ITALAC 1 LITRO
LT INT ITALAC 1 LITRO,lt int italac 1 litro
LT INT ITALAC 1 LITRO,LT LITRO 1 INT ITALAC
LT INT ITALAC 1 LITRO,LT INT 1
LEITE INTGL ITALAC 1LT,LEITE INTGL 1LT ITALAC
LEITE INTGL ITALAC 1LT,Leite intgl italac 1lt
LEITE INTGL ITALAC 1LT,LEITE INTGL ITALAC 1LT
LEITE INTGL ITALAC 1LT,1LT ITALAC LEITE INTGL
LEITE ITALAC INTEG 1000ML,1000ML LEITE INTEG ITALAC
LEITE ITALAC INTEG 1000ML,LEITE ITALAC 1000ML INTEG
LEITE ITALAC INTEG 1000ML,1000ML
LEITE ITALAC INTEG 1000ML,LEITE IFZLAC INTEF 1000KL
LEITE ITALAC INTEG 1000ML,LEITE ITALAC INTEG 1000ML
LT ITALAC INTEGRAL 1L,LT ITALAC INTEGRAL
LT ITALAC INTEGRAL 1L,LT ITALAC INTEGRAL 1L
LT ITALAC INTEGRAL 1L,Lt italac integral 1l
LT ITALAC INTEGRAL 1L,ITALAC LT INTEGRAL 1L
LT ITALAC INTEGRAL 1L,KY ITALAC UNTEGRAL 1L
LT ITALAC INTEGRAL 1L,ITALAC LT 1L INTEGRAL
ACU CRISTAL UNIAO 1KG,Acu cristal uniao 1kg
ACU CRISTAL UNIAO 1KG,ACU CRISTAL UNIAO 1KG
ACU CRISTAL UNIAO 1KG,ACI CRISTAL UNIAO 1JG
ACU CRISTAL UNIAO 1KG,CRISTAL ACU UNIAO 1KG
ACU CRISTAL UNIAO 1KG,CRISTAL 1KG UNIAO ACU
ACUCAR CRISTAL UNIAO 1KG,ACUCAR CRISTAL 1KG UNIAO
ACUCAR CRISTAL UNIAO 1KG,ACUCAR CRISTAL UNIAO 1KG
ACUCAR CRISTAL UNIAO 1KG,CRISTAL 1KG UNIAO ACUCAR
ACUCAR CRISTAL UNIAO 1KG,ACUCAR UNIAO 1KG
ACUCAR CRISTAL UNIAO 1KG,ACUCZR CRISTAL UNIAO 1KG
ACU CRIST UNIAO 1 KG,QDU CRUWT UBIAI 1 KG
ACU CRIST UNIAO 1 KG,CRIST 1 KG
ACU CRIST UNIAO 1 KG,UNIAO KG CRIST 1 ACU
ACU CRIST UNIAO 1 KG,acu crist uniao 1 kg
ACU CRIST UNIAO 1 KG,ACU CRIST UNIAO 1 KG
ACU CRIST UNIAO 1 KG,CRIST ACU 1 UNIAO KG
AÇUCAR CRISTAL UNIAO 1KG,AÇUXAR CRISTAL UMIAO 1LG
AÇUCAR CRISTAL UNIAO 1KG,AÇUCAR CRISTAL UNIAO 1KG
AÇUCAR CRISTAL UNIAO 1KG,Açucar cristal uniao 1kg
AÇUCAR CRISTAL UNIAO 1KG,CRISTAL AÇUCAR UNIAO 1KG
AÇUCAR CRISTAL UNIAO 1KG,AÇUCAR UNIAO CRISTAL 1KG
ACUCAR CRITAL UNIAO 1KG,ACUCAR CRITAL UNIAO 1KG
ACUCAR CRITAL UNIAO 1KG,ACUCAR 1KG CRITAL UNIAO
ACUCAR CRITAL UNIAO 1KG,AVUCAR XRITAL UNIAO 1KG
ACUCAR CRITAL UNIAO 1KG,CRITAL ACUCAR UNIAO 1KG
ACU CRISTAL UNI 1KG,ACU CRISTAL UNI 1KG
ACU CRISTAL UNI 1KG,ACU UNI CRISTAL 1KG
ACU CRISTAL UNI 1KG,ACJ CRISTAL INI 1KG
ACU CRISTAL UNI 1KG,acu cristal uni 1kg
ACU CRISTAL UNI 1KG,CRISTAL 1KG UNI ACU
ACUCAR UNIAO CRISTAL 1KG,ACUCAR UNIAO CRISTZO 1LG
ACUCAR UNIAO CRISTAL 1KG,ACUCAR UNIAO CRISTAL 1KG
ACUCAR UNIAO CRISTAL 1KG,ACUCAR 1KG UNIAO CRISTAL
ACUCAR UNIAO CRISTAL 1KG,Acucar uniao cristal 1kg
ACUCAR UNIAO CRISTAL 1KG,UNIAO ACUCAR CRISTAL 1KG
AÇUCAR UNION CRISTAL 1KG,AÇUCAR UNION CRISTAL 1KG
AÇUCAR UNION CRISTAL 1KG,UNION CRISTAL 1KG
AÇUCAR UNION CRISTAL 1KG,AÇUCAR CRISTAL UNION 1KG
AÇUCAR UNION CRISTAL 1KG,UNION AÇUCAR CRISTAL 1KG
AÇUCAR UNION CRISTAL 1KG,AÇUCAR UNION CRISRAL 1LG
ACUCAR CRIST UNIAO1KG,ACUCAR UNIAO1KG CRIST
ACUCAR CRIST UNIAO1KG,ACUCAR CRIST UNIAO1KG
ACUCAR CRIST UNIAO1KG,acucar crist uniao1kg
ACUCAR CRIST UNIAO1KG,UNIAO1KG ACUCAR CRIST
ACUCAR CRIST UNIAO1KG,ACUCAR CRIST JNIAO1KT
ACU CRISAL UNIAO 1KG,CRISAL ACU UNIAO 1KG
ACU CRISAL UNIAO 1KG,ACU CRISAL 1KG
ACU CRISAL UNIAO 1KG,ACU CRISAL UNIAO 1KG
ACU CRISAL UNIAO 1KG,UNIAO 1KG CRISAL ACU
ACU CRISAL UNIAO 1KG,AXU CRISAL UNIAO 1KG
CAFE PILO TRAD 500G,FAFE PILO TRAD 500G
CAFE PILO TRAD 500G,cafe pilo trad 500g
CAFE PILO TRAD 500G,500G CAFE TRAD PILO
CAFE PILO TRAD 500G,PILO CAFE TRAD 500G
CAFE PILO TRAD 500G,CAFE TRAD 500G
CAFE PILO TRAD 500G,CAFE PILO TRAD 500G
CAFE TRADICIONAL PILAO 500G,CAFE RRADICIONAL PILAO 500G
CAFE TRADICIONAL PILAO 500G,PILAO CAFE 500G TRADICIONAL
CAFE TRADICIONAL PILAO 500G,CAFE TRADICIONAL PILAO 500G
CAFE TRADICIONAL PILAO 500G,CAFE TRADICIONAL 500G PILAO
CF TRAD PILAO 500G,CF PILAO TRAD 500G
CF TRAD PILAO 500G,CF TRAD 500G PILAO
CF TRAD PILAO 500G,Cf trad pilao 500g
CF TRAD PILAO 500G,CF TRAD PILAO 500G
CF TRAD PILAO 500G,FC TRAD PILAO 500G
CAFE PILAO 500G TRAD,500G TRAD PILAO CAFE
CAFE PILAO 500G TRAD,CAFE PILAO 500G TRAD
CAFE PILAO 500G TRAD,CAFE PILAO TRAD 500G
CAFE TRAD PILAO 500GR,PILAO 500GR TRAD CAFE
CAFE TRAD PILAO 500GR,CAFE PILAO 500GR
CAFE TRAD PILAO 500GR,TRAD CAFE PILAO 500GR
CAFE TRAD PILAO 500GR,CAFE TRAX PILAO 500TR
CAFE TRAD PILAO 500GR,CAFE TRAD PILAO 500GR
CAF TRADICIONAL PILAO 500G,CAF 500G TRADICIONAL PILAO
CAF TRADICIONAL PILAO 500G,CAF TRADIXIOBQL PILAO 500G
CAF TRADICIONAL PILAO 500G,CAF TRADICIONAL PILAO 500G
CAF TRADICIONAL PILAO 500G,CAF PILAO TRADICIONAL 500G
CAFE TRAD PILAÔ 500G,CAFE TRAD PILAÔ 500G
CAFE TRAD PILAÔ 500G,TRAD CAFE 500G PILAÔ
CAFE TRAD PILAÔ 500G,CAFE TRAD 500G PILAÔ
CAFE TRAD PILAÔ 500G,TRAD PILAÔ 500G
CAFE TRAD PILAÔ 500G,CADE TTAD PILAÔ 500G
CAFE PILÃO TRADICIONAL 500G,cafe pilão tradicional 500g
CAFE PILÃO TRADICIONAL 500G,500G PILÃO TRADICIONAL CAFE
CAFE PILÃO TRADICIONAL 500G,CAFE PILÃO TRADICIONAP 500G
CAFE PILÃO TRADICIONAL 500G,CAFE PILÃO TRADICIONAL
CAFE PILÃO TRADICIONAL 500G,CAFE PILÃO 500G TRADICIONAL
CAFE PILÃO TRADICIONAL 500G,CAFE PILÃO TRADICIONAL 500G
CAFE TRAD PIL 500G,CAFE PIL TRAD 500G
CAFE TRAD PIL 500G,CAFE PIL
CAFE TRAD PIL 500G,CAFE TRAD PIL 500G
CAFE TRAD PIL 500G,500G PIL CAFE TRAD
CFE TRADICIONAL PILAO 500G,CFE TRQDICJONQL PILAO 500G
CFE TRADICIONAL PILAO 500G,TRADICIONAL CFE PILAO 500G
CFE TRADICIONAL PILAO 500G,cfe tradicional pilao 500g
CFE TRADICIONAL PILAO 500G,CFE 500G PILAO TRADICIONAL
CFE TRADICIONAL PILAO 500G,CFE TRADICIONAL PILAO 500G
DET LIMAO YPE 500ML,DET LIMAO YPE 500ML
DET LIMAO YPE 500ML,DET LIMAO 500ML YPE
DET LIMAO YPE 500ML,500ML LIMAO YPE DET
DET LIMAO YPE 500ML,DST OIMQO UPE 500ML
DET LIMAO YPE 500ML,det limao ype 500ml
DETERGENTE LIMAO YPE 500ML,DETERGENTE LIMQO YPE 500ML
DETERGENTE LIMAO YPE 500ML,detergente limao ype 500ml
DETERGENTE LIMAO YPE 500ML,DETERGENTE LIMAO 500ML YPE
DETERGENTE LIMAO YPE 500ML,DETERGENTE LIMAO YPE 500ML
DETERGENTE LIMAO YPE 500ML,YPE LIMAO DETERGENTE 500ML
DET LIM IPE 500ML,DET LIM IPE 500ML
DET LIM IPE 500ML,500ML LIM IPE DET
DET LIM IPE 500ML,LIM DET IPE 500ML
DET LIM IPE 500ML,det lim ipe 500ml
DET LIM IPE 500ML,EET LIM IPE 500ML
DETERG LIMAO YPE 500 ML,DETERG LIMAO YPE 500 ML
DETERG LIMAO YPE 500 ML,LIMAO 500 DETERG YPE ML
DETERG LIMAO YPE 500 ML,DETERG LIMAO ML YPE 500
DETERG LIMAO YPE 500 ML,DETERG LIMAO 500 ML
DETERG LIMAO YPE 500 ML,DETERG PIMAO YPE 500 ML
DETERGNT LIMAO YPE 500ML,DETERGNT YPE LIMAO 500ML
DETERGNT LIMAO YPE 500ML,DETERGNT LIMAO YPE 500ML
DETERGNT LIMAO YPE 500ML,FETERGNT LIMAO YPE 500NL
DETERGNT LIMAO YPE 500ML,DETERGNT LIMAO 500ML
DET LIMÃO YPE 500ML,DET LIMÃO YPE 500KL
DET LIMÃO YPE 500ML,500ML DET YPE LIMÃO
DET LIMÃO YPE 500ML,Det limão ype 500ml
DET LIMÃO YPE 500ML,DET LIMÃO YPE 500ML
DET LIMÃO YPE 500ML,LIMÃO DET YPE 500ML
DETERGENTE LIM YPE 500ML,DETERGENTE LIM 500ML
DETERGENTE LIM YPE 500ML,detergente lim ype 500ml
DETERGENTE LIM YPE 500ML,DETERGENTE LIM YPE 500ML
DETERGENTE LIM YPE 500ML,XDTEEGWNTE LIM YPE 500ML
DETERGENTE LIM YPE 500ML,LIM DETERGENTE YPE 500ML
DETERGENTE LIM YPE 500ML,DETERGENTE 500ML YPE LIM
DETERGT LIMAO YPE 500ML,DETERGT LIMAO YPE 500ML
DETERGT LIMAO YPE 500ML,DETERGT YPE LIMAO 500ML
DETERGT LIMAO YPE 500ML,detergt limao ype 500ml
DETERGT LIMAO YPE 500ML,YPE 500ML DETERGT LIMAO
DETERGT LIMAO YPE 500ML,CETERGT OIMAO YPR 500ML
DET LM YPÊ 500ML,DET YPÊ LM 500ML
DET LM YPÊ 500ML,DDT LM YPÊ 500ML
DET LM YPÊ 500ML,det lm ypê 500ml
DET LM YPÊ 500ML,DET YPÊ 500ML
DET LM YPÊ 500ML,500ML YPÊ DET LM
DET LM YPÊ 500ML,DET LM YPÊ 500ML
DETERG LIM IPÊ 500 ML,DETERG LIM IPÊ 500 ML
DETERG LIM IPÊ 500 ML,DETERG IPÊ LIM ML 500
DETERG LIM IPÊ 500 ML,500 ML LIM IPÊ DETERG
SAB PO OMO LAVANDA 1KG,SAB OMO LAVANDA PO 1KG
SAB PO OMO LAVANDA 1KG,SAB PO OMO LAVZNSA 1JG
SAB PO OMO LAVANDA 1KG,SAB PO OMO LAVANDA 1KG
SAB PO OMO LAVANDA 1KG,SAB PO OMO 1KG
SAB PO OMO LAVANDA 1KG,Sab po omo lavanda 1kg
SAB PO OMO LAVANDA 1KG,SAB 1KG LAVANDA OMO PO
SABAO EM PO OMO LAVANDA 1KG,SAHAP EM PO OMO LAVZNDA 1KH
SABAO EM PO OMO LAVANDA 1KG,PO LAVANDA EM 1KG OMO SABAO
SABAO EM PO OMO LAVANDA 1KG,EM PO OMO LAVANDA 1KG
SABAO EM PO OMO LAVANDA 1KG,SABAO EM PO OMO LAVANDA 1KG
SABAO EM PO OMO LAVANDA 1KG,sabao em po omo lavanda 1kg
SABAO EM PO OMO LAVANDA 1KG,EM SABAO PO OMO 1KG LAVANDA
SABAO PO LAVANDA OMO 1KG,SABAO LAVANDA PO 1KG OMO
SABAO PO LAVANDA OMO 1KG,SABAO PO LAVANDA OMO 1KG
SABAO PO LAVANDA OMO 1KG,Sabao po lavanda omo 1kg
SABAO PO LAVANDA OMO 1KG,SABQL PO LAVANDA OMO 1KG
SABAO PO LAVANDA OMO 1KG,1KG LAVANDA OMO SABAO PO
SAB PO OMO LAV 1KG,SAB PO LAV
SAB PO OMO LAV 1KG,SAB PO OMO LAV 1KG
SAB PO OMO LAV 1KG,SAB PO OMO LQV 1KG
SAB PO OMO LAV 1KG,SAB OMO PO 1KG LAV
SAB PO OMO LAV 1KG,SAB OMO 1KG PO LAV
SABAO LAVANDA OMO 1KG,SABAO LAVANDA 1KG OMO
SABAO LAVANDA OMO 1KG,SABAO 1KG OMO LAVANDA
SABAO LAVANDA OMO 1KG,SABAO LAVANDA OMO 1KG
SABAO LAVANDA OMO 1KG,SABAO LACANDA LMO 1KB
SAB EM PO OMO LAVANDA 1KG,SAB OMO LAVANDA 1KG
SAB EM PO OMO LAVANDA 1KG,SAB EM PO OMO LAVANDA 1KG
SAB EM PO OMO LAVANDA 1KG,PO SAB EM OMO LAVANDA 1KG
SAB EM PO OMO LAVANDA 1KG,LAVANDA OMO PO EM SAB 1KG
SAB EM PO OMO LAVANDA 1KG,SQB EM PO OMO LAVANDA 1KG
SABAO PO OMO LAVNDA 1KG,sabao po omo lavnda 1kg
SABAO PO OMO LAVNDA 1KG,PO OMO SABAO LAVNDA 1KG
SABAO PO OMO LAVNDA 1KG,PO OMO 1KG
SABAO PO OMO LAVNDA 1KG,AABAO PO OMO LAVNDA 1KG
SABAO PO OMO LAVNDA 1KG,LAVNDA PO 1KG SABAO OMO
SABAO PO OMO LAVNDA 1KG,SABAO PO OMO LAVNDA 1KG
SAB EM P OMO LAVANDA 1KG,SAB EM P OMO LAVANDA
SAB EM P OMO LAVANDA 1KG,AQB EM P OMO LAVANDA 1KG
SAB EM P OMO LAVANDA 1KG,1KG P SAB OMO LAVANDA EM
SAB EM P OMO LAVANDA 1KG,sab em p omo lavanda 1kg
SAB EM P OMO LAVANDA 1KG,SAB EM P OMO LAVANDA 1KG
SAB EM P OMO LAVANDA 1KG,P SAB EM OMO LAVANDA 1KG
SABAO PO OMO LAVANDA 1 KG,SABAO PO OMO 1 KG
SABAO PO OMO LAVANDA 1 KG,SABAO PO LMO LAVSNDS 1 KG
SABAO PO OMO LAVANDA 1 KG,SABAO PO OMO LAVANDA 1 KG
SABAO PO OMO LAVANDA 1 KG,KG LAVANDA 1 PO OMO SABAO
SABAO PO OMO LAVANDA 1 KG,sabao po omo lavanda 1 kg
SABAO PO OMO LAVANDA 1 KG,SABAO PO LAVANDA 1 OMO KG
SB PO OMO LAVANDA 1KG,SB LAVANDA OMO 1KG PO
SB PO OMO LAVANDA 1KG,SB PO ONO PAVANDA 1KB
SB PO OMO LAVANDA 1KG,OMO SB PO LAVANDA 1KG
SB PO OMO LAVANDA 1KG,SB PO OMO LAVANDA 1KG
AGUA MIN SG CRYSTAL 500ML,AGUA MIN SG DRYSTAL 500ML
AGUA MIN SG CRYSTAL 500ML,AGUA MIN SG CRYSTAL 500ML
AGUA MIN SG CRYSTAL 500ML,Agua min sg crystal 500ml
AGUA MIN SG CRYSTAL 500ML,AGUA SG CRYSTAL MIN 500ML
AGUA MIN SG CRYSTAL 500ML,MIN AGUA CRYSTAL SG 500ML
AGUA MINERAL SEM GAS CRYSTAL 500ML,MINERAL SEM AGUA GAS CRYSTAL 500ML
AGUA MINERAL SEM GAS CRYSTAL 500ML,AGUA MINERAL SEM GAS CRYSTAL 500NL
AGUA MINERAL SEM GAS CRYSTAL 500ML,AGUA MINERAL SEM GAS CRYSTAL 500ML
AGUA MINERAL SEM GAS CRYSTAL 500ML,Agua mineral sem gas crystal 500ml
AGUA MINERAL SEM GAS CRYSTAL 500ML,AGUA MINERAL CRYSTAL SEM GAS 500ML
AGU MIN S/GAS CRYSTAL 500ML,500ML MIN S/GAS AGU CRYSTAL
AGU MIN S/GAS CRYSTAL 500ML,Agu min s/gas crystal 500ml
AGU MIN S/GAS CRYSTAL 500ML,MIN S/GAS AGU CRYSTAL 500ML
AGU MIN S/GAS CRYSTAL 500ML,AGU MIN S/GAS CRYSTAL 500ML
AGU MIN S/GAS CRYSTAL 500ML,AGU MIN S GAS CRYSTAL 500ML
AGU MIN S/GAS CRYSTAL 500ML,AGU MIB S/GAS CRYSTAL 500ML
AGUA MINRL SEM GAS CRYSTAL 500ML,AGUA MINRL GAS 500ML
AGUA MINRL SEM GAS CRYSTAL 500ML,AGUA SEM MINRL GAS 500ML CRYSTAL
AGUA MINRL SEM GAS CRYSTAL 500ML,SEM AGUA GAS MINRL 500ML CRYSTAL
AGUA MINRL SEM GAS CRYSTAL 500ML,AGUA MINRL SEM GAS CRYSTAL 500ML
AGUA MINERAL CRYSTAL S/GAS 500ML,AGUA MINERAL CRYSTAL S GAS 500ML
AGUA MINERAL CRYSTAL S/GAS 500ML,AGIA MINEDAL CRYSTAL S/GAD 500ML
AGUA MINERAL CRYSTAL S/GAS 500ML,AGUA MINERAL 500ML CRYSTAL S/GAS
AGUA MINERAL CRYSTAL S/GAS 500ML,AGUA MINERAL CRYSTAL S/GAS 500ML
AGUA MINERAL CRYSTAL S/GAS 500ML,CRYSTAL MINERAL 500ML S/GAS AGUA
AGUA MINERAL CRYSTAL S/GAS 500ML,AGUA MINERAL S/GAS 500ML
AGUA MIN CRYSTAL 500ML SG,CRYSTAL AGUA MIN 500ML SG
AGUA MIN CRYSTAL 500ML SG,Agua min crystal 500ml sg
AGUA MIN CRYSTAL 500ML SG,QGIA MIN CRHATAL 500MP SG
AGUA MIN CRYSTAL 500ML SG,AGUA MIN CRYSTAL 500ML SG
AGUA MIN CRYSTAL 500ML SG,SG MIN 500ML AGUA CRYSTAL
AGUA MINRAL S GAS CRYSTAL 500ML,GAS S MINRAL 500ML CRYSTAL AGUA
AGUA MINRAL S GAS CRYSTAL 500ML,AGUA MINRAL S GAS CRYSTAL 500ML
AGUA MINRAL S GAS CRYSTAL 500ML,AGUA MINRAL S CRYSTAL 500ML
AGUA MINRAL S GAS CRYSTAL 500ML,AGUA GAS MINRAL S CRYSTAL 500ML
AGUA MINRAL S GAS CRYSTAL 500ML,AGUA MINRAL S BAD CRYSTAL 500ML
AGUA MINRAL S GAS CRYSTAL 500ML,Agua minral s gas crystal 500ml
AGU MINERAL CRYSTAL SEM GS 500ML,AGU MINERAL CRYSTAL SEM GS 500ML
AGU MINERAL CRYSTAL SEM GS 500ML,AGU MINERAL CRYSTAL SEM 500ML
AGU MINERAL CRYSTAL SEM GS 500ML,MINERAL SEM CRYSTAL GS AGU 500ML
AGU MINERAL CRYSTAL SEM GS 500ML,Agu mineral crystal sem gs 500ml
AGU MINERAL CRYSTAL SEM GS 500ML,AGU MINERAL CRYSTAL GS 500ML SEM
AGU MINERAL CRYSTAL SEM GS 500ML,AGU MINERAL CRYSTAL SEJ GS 500ML
AGUA MINERAL CRYSTL S/GAS 500ML,AGUA MINERAL CRYSTL S/GAS 500ML
AGUA MINERAL CRYSTL S/GAS 500ML,MINERAL AGUA S/GAS 500ML CRYSTL
AGUA MINERAL CRYSTL S/GAS 500ML,MINERAL AGUA CRYSTL 500ML S/GAS
AGUA MINERAL CRYSTL S/GAS 500ML,AGUA MINERAL CRYSTL S GAS 500ML
AGUA MINERAL CRYSTL S/GAS 500ML,SGUA MINERAL CRUSTL S/GAS 500MO
AGU MIN SEM GAS CRISTAL 500ML,agu min sem gas cristal 500ml
AGU MIN SEM GAS CRISTAL 500ML,AGU MIN SEM GAS CRISTAL 500ML
AGU MIN SEM GAS CRISTAL 500ML,MIN SEM GAS CRISTAL
AGU MIN SEM GAS CRISTAL 500ML,AGU MIN SEM GAS CRISFAL 500ML
AGU MIN SEM GAS CRISTAL 500ML,MIN AGU GAS SEM CRISTAL 500ML
AGU MIN SEM GAS CRISTAL 500ML,GAS AGU CRISTAL MIN SEM 500ML
BISCOITO CREAM CRACKER BAUDUCCO 200G,biscoito cream cracker bauducco 200g
BISCOITO CREAM CRACKER BAUDUCCO 200G,BISCOITO CRRAM CRACKER BAYDUCCO 200G
BISCOITO CREAM CRACKER BAUDUCCO 200G,BISCOITO CREAM CRACKER BAUDUCCO 200G
BISCOITO CREAM CRACKER BAUDUCCO 200G,BISCOITO CRACKER 200G BAUDUCCO CREAM
BISCOITO CREAM CRACKER BAUDUCCO 200G,BISCOITO CREAM 200G CRACKER BAUDUCCO
BISCOITO CREAM CRACKER BAUDUCCO 200G,BISCOITO CRACKER BAUDUCCO 200G
BISC CREAM CRACK BAUDUCO 200G,CREAM CRACK BISC BAUDUCO 200G
BISC CREAM CRACK BAUDUCO 200G,BISC CRRAM CRAFK BAYDUCO 200G
BISC CREAM CRACK BAUDUCO 200G,BISC CRACK BAUDUCO
BISC CREAM CRACK BAUDUCO 200G,Bisc cream crack bauduco 200g
BISC CREAM CRACK BAUDUCO 200G,BISC CREAM CRACK BAUDUCO 200G
BISC CREAM CRACK BAUDUCO 200G,BAUDUCO CRACK CREAM BISC 200G
BSC CREAM CRACKER BAUDUCCO 200G,BSC CREAM CRACKER BAUDUCCO 200G
BSC CREAM CRACKER BAUDUCCO 200G,CREAM BSC CRACKER 200G BAUDUCCO
BSC CREAM CRACKER BAUDUCCO 200G,BSD CREAM CRADKER BAUDUCCO 200G
BSC CREAM CRACKER BAUDUCCO 200G,CREAM BAUDUCCO 200G CRACKER BSC
BISCOITO CR CRACKER BAUDUCCO 200G,BISCOITO BAUDUCCO CR CRACKER 200G
BISCOITO CR CRACKER BAUDUCCO 200G,CRACKER 200G CR BAUDUCCO BISCOITO
BISCOITO CR CRACKER BAUDUCCO 200G,BISCOITO CR CRACKER 200G
BISCOITO CR CRACKER BAUDUCCO 200G,BISCOITO CR CRACKER BAUDUCCO 200G
BISC CREAN CRACKER BAUDUCCO 200G,BISC CRACKER BAUDUCCO 200G
BISC CREAN CRACKER BAUDUCCO 200G,CREAN 200G BISC BAUDUCCO CRACKER
BISC CREAN CRACKER BAUDUCCO 200G,BISC CRACKER CREAN 200G BAUDUCCO
BISC CREAN CRACKER BAUDUCCO 200G,BISC CREAN CRACKER BAUDUCCO 200G
BISC CREAN CRACKER BAUDUCCO 200G,bisc crean cracker bauducco 200g
BISCTO CREAM CRACKER BAUDUCCO 200G,CREAM BISCTO BAUDUCCO CRACKER 200G
BISCTO CREAM CRACKER BAUDUCCO 200G,BOSCTO DRRAM CRACKER BAUDUCCK 200F
BISCTO CREAM CRACKER BAUDUCCO 200G,BISCTO CREAM CRACKER BAUDUCCO 200G
BISCTO CREAM CRACKER BAUDUCCO 200G,CRACKER BISCTO CREAM BAUDUCCO 200G
BISCTO CREAM CRACKER BAUDUCCO 200G,biscto cream cracker bauducco 200g
BISCOITO CREAM CRK BAUDUCCO 200G,CREAM CRK BISCOITO 200G BAUDUCCO
BISCOITO CREAM CRK BAUDUCCO 200G,BISCOITO CREAM CRK BAUDUCCO 200G
BISCOITO CREAM CRK BAUDUCCO 200G,BISCOITO CRK CREAM 200G BAUDUCCO
BISCOITO CREAM CRK BAUDUCCO 200G,BISCPITO DREAM CRK BAUDUCCO 200G
BISC CRM CRACKER BAUDUCCO 200G,BISC CRJ CRQCKER BAUDUCCO 200G
BISC CRM CRACKER BAUDUCCO 200G,BISC CRM CRACKER BAUDUCCO 200G
BISC CRM CRACKER BAUDUCCO 200G,bisc crm cracker bauducco 200g
BISC CRM CRACKER BAUDUCCO 200G,BISC 200G BAUDUCCO CRM CRACKER
BISC CRM CRACKER BAUDUCCO 200G,BISC CRACKER BAUDUCCO CRM 200G
BISCOITO CREAM CRACKER BAUDUCO 200GR,BAUDUCO BISCOITO CRACKER 200GR CREAM
BISCOITO CREAM CRACKER BAUDUCO 200GR,HUSCOITO CREAM CRACKER BAUDUCO 200GR
BISCOITO CREAM CRACKER BAUDUCO 200GR,BISCOITO CREAM CRACKER BAUDUCO 200GR
BISCOITO CREAM CRACKER BAUDUCO 200GR,CREAM BISCOITO CRACKER 200GR BAUDUCO
BISCOITO CREAM CRACKER BAUDUCO 200GR,BISCOITO BAUDUCO 200GR
BSC CREAM CRACKER BAUDUCO 200GR,CRACKER 200GR BSC BAUDUCO CREAM
BSC CREAM CRACKER BAUDUCO 200GR,Bsc cream cracker bauduco 200gr
BSC CREAM CRACKER BAUDUCO 200GR,CREAM BSC BAUDUCO CRACKER 200GR
BSC CREAM CRACKER BAUDUCO 200GR,BSC CREAM CRACKER BAUDUCO 200GR
BSC CREAM CRACKER BAUDUCO 200GR,BSC XRWAM CRACKWR BAIDUCO 200GR
MACARRAO ESPAGUETE ADRIA 500G,MACARRAO 500G
MACARRAO ESPAGUETE ADRIA 500G,MACARRAO EZPAGUETE ADRIA 500G
MACARRAO ESPAGUETE ADRIA 500G,MACARRAO ESPAGUETE ADRIA 500G
MACARRAO ESPAGUETE ADRIA 500G,macarrao espaguete adria 500g
MACARRAO ESPAGUETE ADRIA 500G,ESPAGUETE ADRIA 500G MACARRAO
MACARRAO ESPAGUETE ADRIA 500G,MACARRAO ESPAGUETE 500G ADRIA
MAC ESPAGUETE ADRIA 500G,ESPAGUETE MAC 500G ADRIA
MAC ESPAGUETE ADRIA 500G,MSC ESPAGUETE ADRIA 500G
MAC ESPAGUETE ADRIA 500G,ESPAGUETE MAC ADRIA 500G
MAC ESPAGUETE ADRIA 500G,MAC ESPAGUETE ADRIA
MAC ESPAGUETE ADRIA 500G,MAC ESPAGUETE ADRIA 500G
MAC ESPAGUETE ADRIA 500G,mac espaguete adria 500g
MACARAO ESPAGUETE ADRIA 500G,ESPAGUETE ADRIA 500G
MACARAO ESPAGUETE ADRIA 500G,MACARAO ESPAGUETE 500G ADRIA
MACARAO ESPAGUETE ADRIA 500G,500G ADRIA ESPAGUETE MACARAO
MACARAO ESPAGUETE ADRIA 500G,MACQRAO ESPAGUETE ADRIA 500G
MACARAO ESPAGUETE ADRIA 500G,MACARAO ESPAGUETE ADRIA 500G
MACARAO ESPAGUETE ADRIA 500G,macarao espaguete adria 500g
MACARRO ESPAGUETE ADRIA 500G,MACARRO ADRIA 500G
MACARRO ESPAGUETE ADRIA 500G,MACARRO ESPAGUETE ADRIA 500G
MACARRO ESPAGUETE ADRIA 500G,MACARRO ESOAGUETE ADRIA 500G
MACARRO ESPAGUETE ADRIA 500G,MACARRO ESPAGUETE 500G ADRIA
MCARRAO ESPAGUETE ADRIA 500G,ESPAGUETE 500G ADRIA MCARRAO
MCARRAO ESPAGUETE ADRIA 500G,MCARRAO ADRIA ESPAGUETE 500G
MCARRAO ESPAGUETE ADRIA 500G,mcarrao espaguete adria 500g
MCARRAO ESPAGUETE ADRIA 500G,MCARRAO ESPAGUETE ADRIA 500G
MAC ESPAG ADRIA 500G,MAC ADRIA ESPAG 500G
MAC ESPAG ADRIA 500G,500G MAC ADRIA ESPAG
MAC ESPAG ADRIA 500G,MAC ESPAG ADRJA 500G
MAC ESPAG ADRIA 500G,MAC ESPAG ADRIA 500G
MAC ESPAG ADRIA 500G,mac espag adria 500g
MACARRAO ESPAG ADRIA 500G,macarrao espag adria 500g
MACARRAO ESPAG ADRIA 500G,MACARRAO 500G
MACARRAO ESPAG ADRIA 500G,ESPAG MACARRAO ADRIA 500G
MACARRAO ESPAG ADRIA 500G,NACARRAO ESPAH ADRIA 500G
MACARRAO ESPAG ADRIA 500G,MACARRAO ESPAG ADRIA 500G
MACARRÃO ESPAGUETE ADRIA 500GR,MACARRÃO ESPAGUETE ADRIA
MACARRÃO ESPAGUETE ADRIA 500GR,500GR ESPAGUETE MACARRÃO ADRIA
MACARRÃO ESPAGUETE ADRIA 500GR,MACARRÃO ESPAGUEYE ADRIA 500GR
MACARRÃO ESPAGUETE ADRIA 500GR,ESPAGUETE MACARRÃO ADRIA 500GR
MACARRÃO ESPAGUETE ADRIA 500GR,MACARRÃO ESPAGUETE ADRIA 500GR
MAC ESAGUETE ADRIA 500G,MAC ESAGUETE
MAC ESAGUETE ADRIA 500G,MAC ESAGUETE ADRIA 500G
MAC ESAGUETE ADRIA 500G,ESAGUETE MAC ADRIA 500G
MAC ESAGUETE ADRIA 500G,Mac esaguete adria 500g
MAC ESAGUETE ADRIA 500G,MZC EWAGURTE ADRIA 500G
MACARRAO ESPAGUET ADRIA 500G,ESPAGUET MACARRAO ADRIA 500G
MACARRAO ESPAGUET ADRIA 500G,MACARRAO ESPAGUET ADRIA 500G
MACARRAO ESPAGUET ADRIA 500G,MACARRAL ESPAVUET ADRIA 500G
MACARRAO ESPAGUET ADRIA 500G,Macarrao espaguet adria 500g
MACARRAO ESPAGUET ADRIA 500G,ESPAGUET ADRIA
AZEITE EXT VIRGEM GALO 500ML,AZRIGW EXT VIEBEM GALO 500ML
AZEITE EXT VIRGEM GALO 500ML,azeite ext virgem galo 500ml
AZEITE EXT VIRGEM GALO 500ML,AZEITE EXT VIRGEM GALO 500ML
AZEITE EXT VIRGEM GALO 500ML,GALO EXT AZEITE VIRGEM 500ML
AZEITE EXT VIRGEM GALO 500ML,AZEITE VIRGEM EXT 500ML GALO
AZEITE EXTRAVIRGEM GALO 500ML,AZEITE EXTRAVIRGEM GALO 500ML
AZEITE EXTRAVIRGEM GALO 500ML,EXTRAVIRGEM AZEITE GALO 500ML
AZEITE EXTRAVIRGEM GALO 500ML,EXTRAVIRGEM GALO 500ML
AZEITE EXTRAVIRGEM GALO 500ML,AAEURE EXTRAVIRVEM GALO 500ML
AZEITE EXTRAVIRGEM GALO 500ML,EXTRAVIRGEM GALO 500ML AZEITE
AZEITE EXTRAVIRGEM GALO 500ML,azeite extravirgem galo 500ml
AZEITE EV GALO 500ML,500ML GALO AZEITE EV
AZEITE EV GALO 500ML,AZEITE EV GALO 500ML
AZEITE EV GALO 500ML,ASEITE EV GALP 500MP
AZEITE EV GALO 500ML,EV AZEITE GALO 500ML
AZEIT EXTRA VIRGEM GALO 500ML,VIRGEM EXTRA 500ML GALO AZEIT
AZEIT EXTRA VIRGEM GALO 500ML,AZEIT EXTRA GALO 500ML VIRGEM
AZEIT EXTRA VIRGEM GALO 500ML,AZEIT EXTRA VIRGEM
AZEIT EXTRA VIRGEM GALO 500ML,azeit extra virgem galo 500ml
AZEIT EXTRA VIRGEM GALO 500ML,AZEIT DXTRA VIRTEM GALO 500MP
AZEIT EXTRA VIRGEM GALO 500ML,AZEIT EXTRA VIRGEM GALO 500ML
AZEITE EXTRA VGM GALO 500ML,AZEITE EXTRA VGM GALO 500ML
AZEITE EXTRA VGM GALO 500ML,AZWIGR EXTRA VGM GALO 500ML
AZEITE EXTRA VGM GALO 500ML,Azeite extra vgm galo 500ml
AZEITE EXTRA VGM GALO 500ML,EXTRA VGM AZEITE GALO 500ML
AZEITE EXTRA VGM GALO 500ML,EXTRA AZEITE 500ML GALO VGM
AZEITE EX VIRGEM GALO 500ML,AZEITE GALO EX VIRGEM 500ML
AZEITE EX VIRGEM GALO 500ML,AZEITE EX VIEVEM GALO 500ML
AZEITE EX VIRGEM GALO 500ML,Azeite ex virgem galo 500ml
AZEITE EX VIRGEM GALO 500ML,AZEITE EX VIRGEM GALO 500ML
AZEITE EX VIRGEM GALO 500ML,VIRGEM EX AZEITE GALO 500ML
AZEITE EXT VRG GALO 500ML,EXT 500ML AZEITE GALO VRG
AZEITE EXT VRG GALO 500ML,AZEITE VRG GALO EXT 500ML
AZEITE EXT VRG GALO 500ML,AZEITE EXT VRG GALO 500ML
AZEITE EXT VRG GALO 500ML,AZEITE EXT VRG GALO 500MP
AZEITE EXT VRG GALO 500ML,AZEITE VRG GALO 500ML
AZEIT EXT VIRGEM GALO 500ML,azeit ext virgem galo 500ml
AZEIT EXT VIRGEM GALO 500ML,AZEIT EXT VIRGEM 500ML GALO
AZEIT EXT VIRGEM GALO 500ML,AZEIT EXT VIRGEM GALO 500ML
AZEIT EXT VIRGEM GALO 500ML,AZEIT EXT BIRGEM BAOO 500ML
AZEIT EXT VIRGEM GALO 500ML,EXT AZEIT VIRGEM 500ML GALO
AZEITE EXTRA VIRGM GALO 500ML,AAEIYE SXTRS VIRGM GALO 500ML
AZEITE EXTRA VIRGM GALO 500ML,GALO EXTRA AZEITE VIRGM 500ML
AZEITE EXTRA VIRGM GALO 500ML,AZEITE VIRGM GALO 500ML
AZEITE EXTRA VIRGM GALO 500ML,azeite extra virgm galo 500ml
AZEITE EXTRA VIRGM GALO 500ML,VIRGM AZEITE EXTRA GALO 500ML
AZEITE EXTRA VIRGM GALO 500ML,AZEITE EXTRA VIRGM GALO 500ML
AZEITE XTRA VIRGEM GALO 500ML,AZEITE GALO XTRA VIRGEM 500ML
AZEITE XTRA VIRGEM GALO 500ML,XTRA GALO 500ML VIRGEM AZEITE
AZEITE XTRA VIRGEM GALO 500ML,AZEITE XTRA VIRGEK GALO 500ML
AZEITE XTRA VIRGEM GALO 500ML,AZEITE XTRA VIRGEM GALO 500ML
AZEITE XTRA VIRGEM GALO 500ML,Azeite xtra virgem galo 500ml
SHAMP ANTICASPA HEAD SHOULDERS 200ML,HEAD SHAMP SHOULDERS 200ML ANTICASPA
SHAMP ANTICASPA HEAD SHOULDERS 200ML,XHAMP AMTKCASPA BEAX SHOULDERS 200ML
SHAMP ANTICASPA HEAD SHOULDERS 200ML,SHAMP ANTICASPA 200ML HEAD SHOULDERS
SHAMP ANTICASPA HEAD SHOULDERS 200ML,HEAD SHOULDERS 200ML
SHAMP ANTICASPA HEAD SHOULDERS 200ML,SHAMP ANTICASPA HEAD SHOULDERS 200ML
SHAMPOO ANTICASPA HEAD SHOULDER 200ML,200ML SHOULDER ANTICASPA HEAD SHAMPOO
SHAMPOO ANTICASPA HEAD SHOULDER 200ML,SHAMPOO ANTICASPA HEAD SHOULDER 200ML
SHAMPOO ANTICASPA HEAD SHOULDER 200ML,Shampoo anticaspa head shoulder 200ml
SHAMPOO ANTICASPA HEAD SHOULDER 200ML,SHAMPOO HEAD SHOULDER 200ML
SHAMPOO ANTICASPA HEAD SHOULDER 200ML,ANTICASPA SHAMPOO HEAD 200ML SHOULDER
SHAMPOO ANTICASPA HEAD SHOULDER 200ML,SHAMPOO ANTICASPA HEAD SBOULDET 200ML
SAMP ANTICASPA HEAD SHLDR 200ML,SAMP ANTICASPA GEAD SHLXR 200ML
SAMP ANTICASPA HEAD SHLDR 200ML,samp anticaspa head shldr 200ml
SAMP ANTICASPA HEAD SHLDR 200ML,SAMP HEAD ANTICASPA 200ML SHLDR
SAMP ANTICASPA HEAD SHLDR 200ML,SAMP ANTICASPA SHLDR
SAMP ANTICASPA HEAD SHLDR 200ML,SAMP ANTICASPA HEAD SHLDR 200ML
SAMP ANTICASPA HEAD SHLDR 200ML,SHLDR HEAD 200ML SAMP ANTICASPA
SHAMPOO ANTI CASPA HEAD SHOULDERS 200ML,SHAMPOO CASPA SHOULDERS 200ML
SHAMPOO ANTI CASPA HEAD SHOULDERS 200ML,ANTI SHAMPOO 200ML CASPA SHOULDERS HEAD
SHAMPOO ANTI CASPA HEAD SHOULDERS 200ML,SHAMPOO ANTI CASPA HEAD SHOULDERS 200ML
SHAMPOO ANTI CASPA HEAD SHOULDERS 200ML,ZHZMPOO AJTI CASPA HEAD SHOULDERS 200ML
SHAMPOO ANTI CASPA HEAD SHOULDERS 200ML,SHAMPOO ANTI HEAD CASPA 200ML SHOULDERS
SHAMP ANTI CASPA HEAD SHOULDERS 200ML,CASPA SHAMP HEAD SHOULDERS 200ML ANTI
SHAMP ANTI CASPA HEAD SHOULDERS 200ML,shamp anti caspa head shoulders 200ml
SHAMP ANTI CASPA HEAD SHOULDERS 200ML,SHAMP QNTI CASPA HEAD SHOUKDERS 200NL
SHAMP ANTI CASPA HEAD SHOULDERS 200ML,ANTI CASPA HEAD SHOULDERS 200ML
SHAMP ANTI CASPA HEAD SHOULDERS 200ML,SHAMP CASPA ANTI HEAD 200ML SHOULDERS
SHAMP ANTI CASPA HEAD SHOULDERS 200ML,SHAMP ANTI CASPA HEAD SHOULDERS 200ML
SHAMPOO ANTICASPA HEAD E SHOULDERS 200ML,shampoo anticaspa head e shoulders 200ml
SHAMPOO ANTICASPA HEAD E SHOULDERS 200ML,SHAMPOO ANTICASPA HEAD E SHOULDERS
SHAMPOO ANTICASPA HEAD E SHOULDERS 200ML,ANTICASPA SHOULDERS 200ML SHAMPOO E HEAD
SHAMPOO ANTICASPA HEAD E SHOULDERS 200ML,AHSMPOO ANTICASPA HEZD E SHOULDERS 200ML
SHAMPOO ANTICASPA HEAD E SHOULDERS 200ML,ANTICASPA SHAMPOO HEAD SHOULDERS E 200ML
SHAMPOO ANTICASPA HEAD E SHOULDERS 200ML,SHAMPOO ANTICASPA HEAD E SHOULDERS 200ML
SHAMP HEAD SHOULDERS ANTICASPA 200ML,Shamp head shoulders anticaspa 200ml
SHAMP HEAD SHOULDERS ANTICASPA 200ML,SHAMP HEAD SHOULDERS QNRICASPQ 200ML
SHAMP HEAD SHOULDERS ANTICASPA 200ML,SHAMP HEAD SHOULDERS ANTICASPA 200ML
SHAMP HEAD SHOULDERS ANTICASPA 200ML,SHAMP HEAD 200ML ANTICASPA SHOULDERS
SHAMP HEAD SHOULDERS ANTICASPA 200ML,HEAD SHOULDERS SHAMP ANTICASPA 200ML
SHAMPOO ANTICASPA HEAD SHOLD 200ML,SHAMPOO ANTICASPA HEAD SHOLD
SHAMPOO ANTICASPA HEAD SHOLD 200ML,HEAD SHAMPOO ANTICASPA SHOLD 200ML
SHAMPOO ANTICASPA HEAD SHOLD 200ML,shampoo anticaspa head shold 200ml
SHAMPOO ANTICASPA HEAD SHOLD 200ML,ANTICASPA HEAD SHAMPOO SHOLD 200ML
SHAMPOO ANTICASPA HEAD SHOLD 200ML,SHZMPOO ZNTICASPQ HEAD SHOLD 200ML
SHAMPOO ANTICASPA HEAD SHOLD 200ML,SHAMPOO ANTICASPA HEAD SHOLD 200ML
XAMPU ANTICASPA HEAD SHOULDERS 200ML,ANTICASPA HEAD XAMPU SHOULDERS 200ML
XAMPU ANTICASPA HEAD SHOULDERS 200ML,XAMPU ANTICASPA HEAD SHOULDERS 200ML
XAMPU ANTICASPA HEAD SHOULDERS 200ML,XAMPU ANTICASPA 200ML
XAMPU ANTICASPA HEAD SHOULDERS 200ML,HEAD XAMPU ANTICASPA SHOULDERS 200ML
XAMPU ANTICASPA HEAD SHOULDERS 200ML,XAMOU ZNTICASPA HEAD SHOUODERS 200ML
XAMPU ANTICASPA HEAD SHOULDERS 200ML,Xampu anticaspa head shoulders 200ml
SHAMPOO A CASPA HEAD SHOULDERS 200ML,SHAMPOO A CASPA HEQD SJOHLDERS 200ML
SHAMPOO A CASPA HEAD SHOULDERS 200ML,SHAMPOO A CASPA HEAD SHOULDERS 200ML
SHAMPOO A CASPA HEAD SHOULDERS 200ML,CASPA HEAD SHOULDERS SHAMPOO A 200ML
SHAMPOO A CASPA HEAD SHOULDERS 200ML,SHAMPOO CASPA A HEAD 200ML SHOULDERS
CREME DENTAL MENTA COLGATE 90G,CREME DENTAL MENTA COLGATE 90G
CREME DENTAL MENTA COLGATE 90G,FREME DEJTAL MENTA COLGATE 90G
CREME DENTAL MENTA COLGATE 90G,MENTA 90G
CREME DENTAL MENTA COLGATE 90G,DENTAL CREME MENTA 90G COLGATE
CREME DENTAL MENTA COLGATE 90G,MENTA CREME 90G COLGATE DENTAL
CREME DENT MENTA COLGATE 90G,CREME MENTA DENT COLGATE 90G
CREME DENT MENTA COLGATE 90G,CREME DENT 90G MENTA COLGATE
CREME DENT MENTA COLGATE 90G,CREME DENT MENTA COLGATE 90G
CREME DENT MENTA COLGATE 90G,CREME DEMT JENRA COLGATE 90G
CREME DENT MENTA COLGATE 90G,DENT MENTA COLGATE
CRME DENTAL MENTA COLGATE 90G,CRME DENTAL MENTA COLGATE 90G
CRME DENTAL MENTA COLGATE 90G,CRME DENTAL COLGATE 90G
CRME DENTAL MENTA COLGATE 90G,CRME DENTAL COLGATE 90G MENTA
CRME DENTAL MENTA COLGATE 90G,MENTA CRME 90G DENTAL COLGATE
CRME DENTAL MENTA COLGATE 90G,CRMR DENTAL MENTA COLGATE 90F
CREME DENTAL MENTA COLGATE 90GR,CREKE DENTAL MENTA VOLGATE 90GR
CREME DENTAL MENTA COLGATE 90GR,COLGATE CREME 90GR MENTA DENTAL
CREME DENTAL MENTA COLGATE 90GR,CREME COLGATE DENTAL MENTA 90GR
CREME DENTAL MENTA COLGATE 90GR,CREME DENTAL MENTA COLGATE 90GR
CREME DENTAL MENTA COLGATE 90GR,Creme dental menta colgate 90gr
CREME DENTAL MENTA COLGATE 90GR,CREME MENTA COLGATE 90GR
CREME DENTAL COLGATE MENTA 90G,CREME COLGATE DENTAL 90G MENTA
CREME DENTAL COLGATE MENTA 90G,CRWME DENTAL COLGATE MENTA 90G
CREME DENTAL COLGATE MENTA 90G,creme dental colgate menta 90g
CREME DENTAL COLGATE MENTA 90G,CREME DENTAL COLGATE MENTA
CREME DENTAL COLGATE MENTA 90G,DENTAL MENTA 90G COLGATE CREME
CREME DENTAL COLGATE MENTA 90G,CREME DENTAL COLGATE MENTA 90G
CR DENTAL MENTA COLGATE 90G,DENTAL MENTA COLGATE 90G
CR DENTAL MENTA COLGATE 90G,Cr dental menta colgate 90g
CR DENTAL MENTA COLGATE 90G,90G COLGATE MENTA CR DENTAL
CR DENTAL MENTA COLGATE 90G,CR MENTA COLGATE DENTAL 90G
CR DENTAL MENTA COLGATE 90G,CF XENTAL MWNTA XOLGZTR 90G
CR DENTAL MENTA COLGATE 90G,CR DENTAL MENTA COLGATE 90G
CREME DEN MENTA COLGATE 90G,CREME DEN MENTA 90G
CREME DEN MENTA COLGATE 90G,CREME MENTA DEN 90G COLGATE
CREME DEN MENTA COLGATE 90G,CRDME DEN MENTQ COLGATW 90G
CREME DEN MENTA COLGATE 90G,CREME DEN MENTA COLGATE 90G
CREME DEN MENTA COLGATE 90G,MENTA CREME COLGATE 90G DEN
CREME DNTL MENTA COLGATE 90G,Creme dntl menta colgate 90g
CREME DNTL MENTA COLGATE 90G,90G DNTL COLGATE MENTA CREME
CREME DNTL MENTA COLGATE 90G,DNTL MENTA CREME COLGATE 90G
CREME DNTL MENTA COLGATE 90G,CREME DNTL MENTA COLGATE 90G
CREME DNTL MENTA COLGATE 90G,CEEME FNTL MEHTA CILGQTW 90G
PASTA DENTAL MENTA COLGATE 90G,PASTA 90G MENTA COLGATE DENTAL
PASTA DENTAL MENTA COLGATE 90G,PASTA DENTAL MENTA COLGAFE 90G
PASTA DENTAL MENTA COLGATE 90G,PASTA DENTAL COLGATE 90G
PASTA DENTAL MENTA COLGATE 90G,pasta dental menta colgate 90g
PASTA DENTAL MENTA COLGATE 90G,PASTA MENTA DENTAL 90G COLGATE
PASTA DENTAL MENTA COLGATE 90G,PASTA DENTAL MENTA COLGATE 90G
CREME DENTAL COLGATE MNT 90G,90G COLGATE MNT DENTAL CREME
CREME DENTAL COLGATE MNT 90G,CREME DENTAL COPGATD MNT 90G
CREME DENTAL COLGATE MNT 90G,DENTAL MNT 90G
CREME DENTAL COLGATE MNT 90G,CREME MNT DENTAL COLGATE 90G
CREME DENTAL COLGATE MNT 90G,CREME DENTAL COLGATE MNT 90G
FRALDA PAMPERS SUPERSEC M C/30,FRALDA PAMPERS SUPERSEC M C/30
FRALDA PAMPERS SUPERSEC M C/30,RRALXA PAMPERS SUPERSEC M C/30
FRALDA PAMPERS SUPERSEC M C/30,FRALDA SUPERSEC M C/30
FRALDA PAMPERS SUPERSEC M C/30,fralda pampers supersec m c/30
FRALDA PAMPERS SUPERSEC M C/30,SUPERSEC C/30 M PAMPERS FRALDA
FRALDA PAMPERS SUPERSEC M C/30,FRALDA PAMPERS M C/30 SUPERSEC
FRALDA PAMPERS SUPERSEC M C/30,FRALDA PAMPERS SUPERSEC M C 30
FRALDA PAMPERS SUPERSEC M 30UN,PAMPERS SUPERSEC FRALDA M 30UN
FRALDA PAMPERS SUPERSEC M 30UN,FRQLDA PAMPERS SUPERSEC M 30UN
FRALDA PAMPERS SUPERSEC M 30UN,SUPERSEC 30UN M PAMPERS FRALDA
FRALDA PAMPERS SUPERSEC M 30UN,FRALDA PAMPERS SUPERSEC M 30UN
FRALD PAMPERS SUPSEC M 30,PAMPERS SUPSEC M 30
FRALD PAMPERS SUPSEC M 30,FRALD SUPSEC M PAMPERS 30
FRALD PAMPERS SUPSEC M 30,SUPSEC 30 PAMPERS M FRALD
FRALD PAMPERS SUPSEC M 30,FRALD PAMPERS SUPSEC M 30
FRALD PAMPERS SUPSEC M 30,FRZLD PAMPERS SUPSEV M 30
FRALDA PAMPRS SUPERSEC M C/30,FRALFA PAMPRS SUPERSWC M F/30
FRALDA PAMPRS SUPERSEC M C/30,FRALDA SUPERSEC M PAMPRS C/30
FRALDA PAMPRS SUPERSEC M C/30,FRALDA PAMPRS SUPERSEC M C 30
FRALDA PAMPRS SUPERSEC M C/30,FRALDA PAMPRS SUPERSEC M C/30
FRALDA PAMPRS SUPERSEC M C/30,fralda pamprs supersec m c/30
FRALDA PAMPRS SUPERSEC M C/30,M C/30 PAMPRS SUPERSEC FRALDA
FRALDA PAMPERS SUPER SEC M C30,PAMPERS SEC M C30
FRALDA PAMPERS SUPER SEC M C30,FRALDA PAMPERS SEC SUPER C30 M
FRALDA PAMPERS SUPER SEC M C30,M SEC FRALDA PAMPERS SUPER C30
FRALDA PAMPERS SUPER SEC M C30,fralda pampers super sec m c30
FRALDA PAMPERS SUPER SEC M C30,FRALDA PAMPERS SUPER SEC M C30
FRALDA PAMPERS SUPER SEC M C30,FRALXA PAMPERZ SYPER SEC M C30
FRALD PMPERS SUPERSEC M C/30,FRALD PMPERS SUPERSEC M C 30
FRALD PMPERS SUPERSEC M C/30,FRQLS PMPRRS SUPERSEC N C/30
FRALD PMPERS SUPERSEC M C/30,FRALD PMPERS SUPERSEC M C/30
FRALD PMPERS SUPERSEC M C/30,PMPERS FRALD SUPERSEC C/30 M
FRALD PMPERS SUPERSEC M C/30,frald pmpers supersec m c/30
FRALDA PAMPERS SUPRSEC M C/30,FRALDA PAMPERS SUPRSEC M C/30
FRALDA PAMPERS SUPRSEC M C/30,PAMPERS FRALDA M SUPRSEC C/30
FRALDA PAMPERS SUPRSEC M C/30,FRALFA PANPERD SUPRSEC M C/30
FRALDA PAMPERS SUPRSEC M C/30,SUPRSEC C/30 PAMPERS FRALDA M
FRALDA PAMPERS SUPRSEC M C/30,FRALDA PAMPERS SUPRSEC M C 30
FRALDA PAMPERS SUPRSEC M C/30,FRALDA PAMPERS M
FRALDA PAMPERS SUPERSEC MEDIO 30,FRALDA PAJPERS SUPERSEC MEDIP 30
FRALDA PAMPERS SUPERSEC MEDIO 30,FRALDA PAMPERS SUPERSEC MEDIO 30
FRALDA PAMPERS SUPERSEC MEDIO 30,PAMPERS FRALDA SUPERSEC MEDIO 30
FRALDA PAMPERS SUPERSEC MEDIO 30,FRALDA PAMPERS MEDIO 30
FRALDA PAMPERS SUPERSEC MEDIO 30,fralda pampers supersec medio 30
FRALDA PAMPERS SUPERSEC MEDIO 30,PAMPERS FRALDA SUPERSEC 30 MEDIO
FRALDA PAMPERS SUPERSEC M 30 UN,SUPERSEC 30 M FRALDA PAMPERS UN
FRALDA PAMPERS SUPERSEC M 30 UN,PAMPERS FRALDA SUPERSEC M UN 30
FRALDA PAMPERS SUPERSEC M 30 UN,FRALDA PAMPERS SUPERSEC M 30
FRALDA PAMPERS SUPERSEC M 30 UN,Fralda pampers supersec m 30 un
FRALDA PAMPERS SUPERSEC M 30 UN,FRALDA PAMPERS SUPERSEC M 30 UN
FRL PAMPERS SUPERSEC M C/30,FRL PAMPERS SUPERSEC M C/30
FRL PAMPERS SUPERSEC M C/30,FRL PAMPERS SUPERSEC M C 30
FRL PAMPERS SUPERSEC M C/30,FRL SUPERSEC C/30 PAMPERS M
FRL PAMPERS SUPERSEC M C/30,PAMPERS M C/30
FRL PAMPERS SUPERSEC M C/30,Frl pampers supersec m c/30
FRL PAMPERS SUPERSEC M C/30,FRL PAMPERS SUPWRSEC M C/30
FRL PAMPERS SUPERSEC M C/30,PAMPERS FRL SUPERSEC C/30 M
CERVEJA SKOL PURO MALTE 269ML LT,CERVEJA MALTE SKOL PURO 269ML LT
CERVEJA SKOL PURO MALTE 269ML LT,FERVEJA SKOL PURO MALTE 269MO LT
CERVEJA SKOL PURO MALTE 269ML LT,CERVEJA SKOL PURO MALTE 269ML LT
CERVEJA SKOL PURO MALTE 269ML LT,MALTE LT CERVEJA PURO 269ML SKOL
CERVEJA SKOL PURO MALTE 269ML LT,Cerveja skol puro malte 269ml lt
CERVEJA SKOL PURO MALTE 269ML LT,CERVEJA SKOL PURO MALTE LT
CERV SKOL P MALTE 269ML LT,CERV SKOL P MALTE 269ML LT
CERV SKOL P MALTE 269ML LT,P 269ML MALTE LT CERV SKOL
CERV SKOL P MALTE 269ML LT,CERV SKOL MALTE 269ML LT
CERV SKOL P MALTE 269ML LT,CERF SKOL P MALTE 269ML LT
CERV SKOL P MALTE 269ML LT,Cerv skol p malte 269ml lt
CERV SKOL P MALTE 269ML LT,CERV P MALTE SKOL 269ML LT
CERVEJA SKOL PM 269ML LATA,LATA CERVEJA SKOL PM 269ML
CERVEJA SKOL PM 269ML LATA,cerveja skol pm 269ml lata
CERVEJA SKOL PM 269ML LATA,SKOL CERVEJA PM LATA 269ML
CERVEJA SKOL PM 269ML LATA,CERVEJA SKOL PM 269ML LATA
CERVEJA SKOL PM 269ML LATA,CERVEJA PM 269ML LATA
CERVEJA SKOL PM 269ML LATA,CERVEJA SKOL PM 269MO LATA
CERV SKOL PURO MALT 269ML LATA,CERV SKOL PURO MALT 269ML LATA
CERV SKOL PURO MALT 269ML LATA,CERV PURO 269ML LATA
CERV SKOL PURO MALT 269ML LATA,cerv skol puro malt 269ml lata
CERV SKOL PURO MALT 269ML LATA,MALT LATA 269ML SKOL CERV PURO
CERV SKOL PURO MALT 269ML LATA,CERV ZKOL PURO JAKT 269ML LZTA
CERV SKOL PURO MALT 269ML LATA,CERV SKOL 269ML PURO MALT LATA
CRV SKOL PURO MALTE 269ML LT,Crv skol puro malte 269ml lt
CRV SKOL PURO MALTE 269ML LT,CRV MALTE LT 269ML PURO SKOL
CRV SKOL PURO MALTE 269ML LT,CRV PURO SKOL MALTE LT 269ML
CRV SKOL PURO MALTE 269ML LT,FRV SKIL PURO MZOTE 269ML LT
CRV SKOL PURO MALTE 269ML LT,CRV SKOL PURO MALTE 269ML
CRV SKOL PURO MALTE 269ML LT,CRV SKOL PURO MALTE 269ML LT
CERVEJA SKOL PURO MLT 269ML LATA,CERVEJZ SKOL PURO MLT 269ML LATA
CERVEJA SKOL PURO MLT 269ML LATA,CERVEJA SKOL PURO MLT 269ML LATA
CERVEJA SKOL PURO MLT 269ML LATA,SKOL PURO MLT LATA
CERVEJA SKOL PURO MLT 269ML LATA,MLT SKOL PURO LATA CERVEJA 269ML
CERVEJA SKOL PURO MLT 269ML LATA,SKOL CERVEJA PURO 269ML MLT LATA
CERV SKOLL PURO MALTE 269ML LT,CERV SKOLL PURO MALTE 269ML LT
CERV SKOLL PURO MALTE 269ML LT,SKOLL CERV PURO MALTE LT 269ML
CERV SKOLL PURO MALTE 269ML LT,CERV SKOLK PURO NQLTW 269ML LT
CERV SKOLL PURO MALTE 269ML LT,CERV SKOLL MALTE 269ML LT
CERV SKOLL PURO MALTE 269ML LT,MALTE 269ML LT SKOLL CERV PURO
CERVEJA SKL PURO MALTE 269ML LATA,Cerveja skl puro malte 269ml lata
CERVEJA SKL PURO MALTE 269ML LATA,PURO CERVEJA SKL MALTE 269ML LATA
CERVEJA SKL PURO MALTE 269ML LATA,CERVEJA SKL PURO MALTE 269ML LATA
CERVEJA SKL PURO MALTE 269ML LATA,269ML LATA SKL MALTE CERVEJA PURO
CERVEJA SKOL PURP MALTE 269ML LT,CERVEJA SKOL PURP MALTE 269ML LT
CERVEJA SKOL PURP MALTE 269ML LT,CERVEJA PURP SKOL 269ML MALTE LT
CERVEJA SKOL PURP MALTE 269ML LT,CERVRJA SKIL PURP KALTE 269ML PT
CERVEJA SKOL PURP MALTE 269ML LT,Cerveja skol purp malte 269ml lt
CERVEJA SKOL PURP MALTE 269ML LT,PURP SKOL LT MALTE 269ML CERVEJA
CERVEJA SKOL PURP MALTE 269ML LT,CERVEJA SKOL PURP 269ML LT
CERV SKOL P MALTE LT 269ML,SKOL CERV P MALTE 269ML LT
CERV SKOL P MALTE LT 269ML,CERV SKOL P LT 269ML
CERV SKOL P MALTE LT 269ML,Cerv skol p malte lt 269ml
CERV SKOL P MALTE LT 269ML,CERV SKOL P MALTE LT 269ML
CERV SKOL P MALTE LT 269ML,CERV SKOL P MSLTE LT 269ML
CERV SKOL P MALTE LT 269ML,CERV 269ML SKOL MALTE P LT
PNEU 175/70R13 BRIDGESTONE,BRIDGESTONE PNEU 175/70R13
PNEU 175/70R13 BRIDGESTONE,PNEU 175 70R13 BRIDGESTONE
PNEU 175/70R13 BRIDGESTONE,175/70R13 PNEU BRIDGESTONE
PNEU 175/70R13 BRIDGESTONE,PNEU 175/70R13 BRIDGESTONE
PNEU 175/70R13 BRIDGESTONE,PNSU 175/70R13 BRIDTEWTONE
PNE 175 70 R13 BRIDGESTONE,PNE 175 70 BRIDGESTONE R13
PNE 175 70 R13 BRIDGESTONE,175 PNE 70 BRIDGESTONE R13
PNE 175 70 R13 BRIDGESTONE,PNE 175 70 R13 BRIDGESTONE
PNE 175 70 R13 BRIDGESTONE,175 70 R13 BRIDGESTONE
PNE 175 70 R13 BRIDGESTONE,Pne 175 70 r13 bridgestone
PNE 175 70 R13 BRIDGESTONE,PBS 175 70 R13 BRIDGESFOND
PNEU 175/70-R13 BRIDGESTN,PNEU 175/70-R13 BRIDGESTN
PNEU 175/70-R13 BRIDGESTN,175/70-R13 PNEU BRIDGESTN
PNEU 175/70-R13 BRIDGESTN,175/70-R13 BRIDGESTN
PNEU 175/70-R13 BRIDGESTN,pneu 175/70-r13 bridgestn
PNEU 175/70-R13 BRIDGESTN,PNEU 175 70 R13 BRIDGESTN
PNEU 175.70R13 BRIDGESTONE,175.70R13 PNEU BRIDGESTONE
PNEU 175.70R13 BRIDGESTONE,PNEU 175.70R13 BRIDGESTONE
PNEU 175.70R13 BRIDGESTONE,175.70R13 BRIDGESTONE PNEU
PNEU 175.70R13 BRIDGESTONE,PHEJ 175.70R13 NRUDGESTONE
PNEU175/70R13 BRIDGESTON,Pneu175/70r13 bridgeston
PNEU175/70R13 BRIDGESTON,PNEU175/70F13 BRIDGESRON
PNEU175/70R13 BRIDGESTON,PNEU175/70R13
PNEU175/70R13 BRIDGESTON,PNEU175 70R13 BRIDGESTON
PNEU175/70R13 BRIDGESTON,PNEU175/70R13 BRIDGESTON
PNU 175/70R13 BRIDGESTONE,PNU 175 70R13 BRIDGESTONE
PNU 175/70R13 BRIDGESTONE,PNU 175/70R13 BRIDGESTOMR
PNU 175/70R13 BRIDGESTONE,pnu 175/70r13 bridgestone
PNU 175/70R13 BRIDGESTONE,PNU BRIDGESTONE 175/70R13
PNU 175/70R13 BRIDGESTONE,PNU 175/70R13 BRIDGESTONE
PNU 175/70R13 BRIDGESTONE,BRIDGESTONE PNU 175/70R13
PNEU 175 70R13 BRIDGSTONE,PNEU 175 BRIDGSTONE 70R13
PNEU 175 70R13 BRIDGSTONE,PNEU 175 70R13 BRIDGSTONE
PNEU 175 70R13 BRIDGSTONE,pneu 175 70r13 bridgstone
PNEU 175 70R13 BRIDGSTONE,70R13 BRIDGSTONE 175 PNEU
PNEU 175/70 R 13 BRIDGESTONE,PNEU 13 BRIDGESTONE
PNEU 175/70 R 13 BRIDGESTONE,175/70 R BRIDGESTONE 13 PNEU
PNEU 175/70 R 13 BRIDGESTONE,PNEU 175/70 R 13 BRIDGESTONE
PNEU 175/70 R 13 BRIDGESTONE,PNEU 175 70 R 13 BRIDGESTONE
PNEU 175/70 R 13 BRIDGESTONE,PNEU R 175/70 BRIDGESTONE 13
PNEU 175-70-R13 BRIDGESTONE,PNSU 175-70-R13 BRIDGESTONE
PNEU 175-70-R13 BRIDGESTONE,Pneu 175-70-r13 bridgestone
PNEU 175-70-R13 BRIDGESTONE,PNEU BRIDGESTONE
PNEU 175-70-R13 BRIDGESTONE,PNEU BRIDGESTONE 175-70-R13
PNEU 175-70-R13 BRIDGESTONE,PNEU 175-70-R13 BRIDGESTONE
PNEU 175-70-R13 BRIDGESTONE,PNEU 175 70 R13 BRIDGESTONE
PNEU 175-70-R13 BRIDGESTONE,BRIDGESTONE PNEU 175-70-R13
PNEU 175/70R13 BRIDGESONE,175/70R13 PNEU BRIDGESONE
PNEU 175/70R13 BRIDGESONE,PNEU 175 70R13 BRIDGESONE
PNEU 175/70R13 BRIDGESONE,BRIDGESONE PNEU 175/70R13
PNEU 175/70R13 BRIDGESONE,PNEU 175/70R13 BDKXGESONE
PNEU 175/70R13 BRIDGESONE,PNEU 175/70R13 BRIDGESONE
PNEU 175/70R13 BRIDGESONE,175/70R13 BRIDGESONE
OLEO MOTOR 5W30 SINT CASTROL 1L,OLEO MOTOR 5W30 SINT CASTROL 1L
OLEO MOTOR 5W30 SINT CASTROL 1L,OLEO MOTOR 5W30 SJNT CASTROL 1L
OLEO MOTOR 5W30 SINT CASTROL 1L,MOTOR OLEO 5W30 SINT 1L CASTROL
OLEO MOTOR 5W30 SINT CASTROL 1L,Oleo motor 5w30 sint castrol 1l
OLEO MOTOR 5W30 SINT CASTROL 1L,OLEO MOTOR SINT 1L
OLEO MOTOR 5W30 SINT CASTROL 1L,CASTROL MOTOR 5W30 SINT 1L OLEO
OLEO MOT 5W30 SINT CASTROL 1L,OLEO MLT 5W30 WOMR CASTROL 1O
OLEO MOT 5W30 SINT CASTROL 1L,MOT OLEO 5W30 CASTROL SINT 1L
OLEO MOT 5W30 SINT CASTROL 1L,OLEO MOT SINT 1L
OLEO MOT 5W30 SINT CASTROL 1L,CASTROL 5W30 MOT SINT 1L OLEO
OLEO MOT 5W30 SINT CASTROL 1L,OLEO MOT 5W30 SINT CASTROL 1L
OLEO MOTOR 5W-30 SINT CASTRL 1L,PLEP MOROR 5W-30 AINT CASTRL 1L
OLEO MOTOR 5W-30 SINT CASTRL 1L,Oleo motor 5w-30 sint castrl 1l
OLEO MOTOR 5W-30 SINT CASTRL 1L,5W-30 MOTOR 1L SINT CASTRL OLEO
OLEO MOTOR 5W-30 SINT CASTRL 1L,OLEO MOTOR 5W 30 SINT CASTRL 1L
OLEO MOTOR 5W-30 SINT CASTRL 1L,OLEO MOTOR 5W-30 SINT CASTRL 1L
OLEO MOTOR 5W-30 SINT CASTRL 1L,OLEO 5W-30 MOTOR SINT 1L CASTRL
OLEO MTR 5W30 CASTROL 1L SINT,OLEO MTR 5W30 CASTROL SINT
OLEO MTR 5W30 CASTROL 1L SINT,1L SINT MTR 5W30 OLEO CASTROL
OLEO MTR 5W30 CASTROL 1L SINT,OLEO MTR 5W30 CAATROL 1L SINT
OLEO MTR 5W30 CASTROL 1L SINT,MTR OLEO 5W30 1L CASTROL SINT
OLEO MTR 5W30 CASTROL 1L SINT,OLEO MTR 5W30 CASTROL 1L SINT
OLEO 5W30 SINTETICO CASTROL 1L,oleo 5w30 sintetico castrol 1l
OLEO 5W30 SINTETICO CASTROL 1L,SINTETICO OLEO 5W30 CASTROL 1L
OLEO 5W30 SINTETICO CASTROL 1L,CASTROL 5W30 SINTETICO OLEO 1L
OLEO 5W30 SINTETICO CASTROL 1L,OLEO 5W30 SINTETICO CASTROL 1L
OLEO 5W30 SINTETICO CASTROL 1L,OLEO 5W30 SINTETICO CSSTROL 1K
OL MOTOR 5W30 SINT CASTROL 1LT,OL MOTOR SINT 5W30 1LT CASTROL
OL MOTOR 5W30 SINT CASTROL 1LT,OL MOTOR 5W30 SINF CASTRKL 1KT
OL MOTOR 5W30 SINT CASTROL 1LT,Ol motor 5w30 sint castrol 1lt
OL MOTOR 5W30 SINT CASTROL 1LT,OL MOTOR CASTROL 5W30 1LT SINT
OL MOTOR 5W30 SINT CASTROL 1LT,OL MOTOR 5W30 SINT CASTROL 1LT
OL MOTOR 5W30 SINT CASTROL 1LT,MOTOR 5W30 SINT CASTROL 1LT
OLEO MOTOR CASTROL 5W30 S 1L,OLEO MOTOR CASTROL 5W30 S 1L
OLEO MOTOR CASTROL 5W30 S 1L,OLEO MOTOR 5W30 CASTROL 1L S
OLEO MOTOR CASTROL 5W30 S 1L,OPEP MOTOR CASTROL 5E30 S 1O
OLEO MOTOR CASTROL 5W30 S 1L,S 5W30 CASTROL OLEO MOTOR 1L
OLEO MOTOR CASTROL 5W30 S 1L,Oleo motor castrol 5w30 s 1l
OLEO MTR 5W30 CASTROL SINT 1LT,OLEO MTR CASTROL 1LT 5W30 SINT
OLEO MTR 5W30 CASTROL SINT 1LT,5W30 OLEO MTR CASTROL SINT 1LT
OLEO MTR 5W30 CASTROL SINT 1LT,OLEO MTR 5W30 CASTROL SINT 1LT
OLEO MTR 5W30 CASTROL SINT 1LT,OLEO KGR 5W30 CAXTROL SIBT 1LT
OLEO MTR 5W30 CASTROL SINT 1LT,OLEO 5W30 CASTROL 1LT
OLEO MOT SINT 5W30 CASTROL 1L,MOT SINT 5W30 CASTROL 1L
OLEO MOT SINT 5W30 CASTROL 1L,OLEO MOT SINT 5W30 CASTROL 1L
OLEO MOT SINT 5W30 CASTROL 1L,MOT OLEO SINT CASTROL 5W30 1L
OLEO MOT SINT 5W30 CASTROL 1L,5W30 SINT MOT CASTROL 1L OLEO
OLEO MOT SINT 5W30 CASTROL 1L,OLEO MOT SINT 5E30 CASTRPL 1P
OLEO MOTOR 5.W30 SINT CASTROL 1L,OLEO MOTOR 5.W30 SINT CASTROL 1L
OLEO MOTOR 5.W30 SINT CASTROL 1L,OLEO 5.W30 MOTOR CASTROL SINT 1L
OLEO MOTOR 5.W30 SINT CASTROL 1L,CASTROL 1L 5.W30 MOTOR SINT OLEO
OLEO MOTOR 5.W30 SINT CASTROL 1L,OLEO SINT 1L
OLEO MOTOR 5.W30 SINT CASTROL 1L,OLEO MOTIR 5.W30 SINT CASTROL 1L
