id,original,tipo_variacao,attacked
0,SPRAY BED HEAD TIGI KEEP IT CASUAL HAIRSPRAY 400ML,Abreviacao,SPRY BED HEAD TIGI KEEP IT CASL HRSPRY 400ML
0,SPRAY BED HEAD TIGI KEEP IT CASUAL HAIRSPRAY 400ML,Abreviacao,SPR. BED HEAD TIGI KEEP IT CASUAL H.SPRAY 400ML
0,SPRAY BED HEAD TIGI KEEP IT CASUAL HAIRSPRAY 400ML,Notacao_Unidades,"SPRAY BED HEAD TIGI KEEP IT CASUAL HAIRSPRAY 0,4L"
0,SPRAY BED HEAD TIGI KEEP IT CASUAL HAIRSPRAY 400ML,Notacao_Unidades,SPRAY BED HEAD TIGI KEEP IT CASUAL HAIRSPRAY 400 mililitros
0,SPRAY BED HEAD TIGI KEEP IT CASUAL HAIRSPRAY 400ML,Erro_Digitacao,SPRYA BED HEAD TIGI KEEP IT CASUAL HAIRSPAR 400ML
0,SPRAY BED HEAD TIGI KEEP IT CASUAL HAIRSPRAY 400ML,Erro_Digitacao,SPRAY BED HEAD TIGI KEEP IT CASUALL HAIRSPRYA 400ML
1,KIT ANTIQUEDA 2 SHAMPOOS 1 CONDICIONADOR SATINIQUE AMWAY,Abreviacao,KT ANTIQ. 2 SHAMP. 1 COND. SATINIQUE AMWAY
1,KIT ANTIQUEDA 2 SHAMPOOS 1 CONDICIONADOR SATINIQUE AMWAY,Abreviacao,KIT ANTIQ. 2 SHAMPOOS 1 COND. SATINIQUE AMWAY
1,KIT ANTIQUEDA 2 SHAMPOOS 1 CONDICIONADOR SATINIQUE AMWAY,Notacao_Unidades,KIT ANTIQUEDA 2 SHAMPOOS 1 CONDICIONADOR SATINIQUE AMWAY (UNIDADE 3)
1,KIT ANTIQUEDA 2 SHAMPOOS 1 CONDICIONADOR SATINIQUE AMWAY,Notacao_Unidades,KIT ANTIQUEDA 2 SHAMPOOS 1 CONDICIONADOR SATINIQUE AMWAY (TOTAL 3 UN)
1,KIT ANTIQUEDA 2 SHAMPOOS 1 CONDICIONADOR SATINIQUE AMWAY,Erro_Digitacao,KIT ANTQUEDA 2 SHAMPOOS 1 CONDICIONADOR SATINIQUE AMWYA
1,KIT ANTIQUEDA 2 SHAMPOOS 1 CONDICIONADOR SATINIQUE AMWAY,Erro_Digitacao,KIT ANTIQUEDA 2 SHAMPOS 1 CONDICIONADOR SATINIQUE AMWAYY
2,KIT WELLA CRONOGRAMA CAPILAR FIOS PERFEITOS 03 MASCARAS 500G,Abreviacao,KT WELLA CRON. CAP. FIOS PERF. 03 MASC. 500G
2,KIT WELLA CRONOGRAMA CAPILAR FIOS PERFEITOS 03 MASCARAS 500G,Abreviacao,KIT WELLA CRONOGRAMA CAP. FIOS PERF. 03 MASC. 500G
2,KIT WELLA CRONOGRAMA CAPILAR FIOS PERFEITOS 03 MASCARAS 500G,Notacao_Unidades,"KIT WELLA CRONOGRAMA CAPILAR FIOS PERFEITOS 03 MASCARAS 0,5KG"
2,KIT WELLA CRONOGRAMA CAPILAR FIOS PERFEITOS 03 MASCARAS 500G,Notacao_Unidades,KIT WELLA CRONOGRAMA CAPILAR FIOS PERFEITOS 03 MASCARAS 500 gramas
2,KIT WELLA CRONOGRAMA CAPILAR FIOS PERFEITOS 03 MASCARAS 500G,Erro_Digitacao,KIT WELLA CRONOGRAA CAPILAR FIOS PERFEITOS 03 MASCARAS 500G
2,KIT WELLA CRONOGRAMA CAPILAR FIOS PERFEITOS 03 MASCARAS 500G,Erro_Digitacao,KIT WELLA CRONOGRAMA CAPILAR FIOS PERFEITOS 03 MASCAARS 500G
3,KIT BRAE DIVINE SHAMPOO COND MASCARA SERUM,Abreviacao,KIT BRAE DIV. SHAMP. COND. MASC. SERUM
3,KIT BRAE DIVINE SHAMPOO COND MASCARA SERUM,Abreviacao,KT BRAE DIVINE SHAMP. COND. MASC. SERUM
3,KIT BRAE DIVINE SHAMPOO COND MASCARA SERUM,Notacao_Unidades,KIT BRAE DIVINE SHAMPOO COND MASCARA SERUM (4 ITENS)
3,KIT BRAE DIVINE SHAMPOO COND MASCARA SERUM,Notacao_Unidades,KIT BRAE DIVINE SHAMPOO COND MASCARA SERUM (QTD 4)
3,KIT BRAE DIVINE SHAMPOO COND MASCARA SERUM,Erro_Digitacao,KIT BRAE DIVINE SHAMPO 1 COND MASCARA SERUM
3,KIT BRAE DIVINE SHAMPOO COND MASCARA SERUM,Erro_Digitacao,KIT BRAEE DIVINE SHAMPOO COND MASCARA SERUMM
4,01 KIT CAPILAR PROFISSIONAL CB COSMETICOS VERNIZ BRILHANTE,Abreviacao,01 KT CAP. PROF. CB COSM. VERNIZ BRILH.
4,01 KIT CAPILAR PROFISSIONAL CB COSMETICOS VERNIZ BRILHANTE,Abreviacao,01 KIT CAPILAR PROF. CB COSM. VERNIZ BRILHANTE
4,01 KIT CAPILAR PROFISSIONAL CB COSMETICOS VERNIZ BRILHANTE,Notacao_Unidades,KIT CAPILAR PROFISSIONAL CB COSMETICOS VERNIZ BRILHANTE (UN 1)
4,01 KIT CAPILAR PROFISSIONAL CB COSMETICOS VERNIZ BRILHANTE,Notacao_Unidades,KIT CAPILAR PROFISSIONAL CB COSMETICOS VERNIZ BRILHANTE (1 PC)
4,01 KIT CAPILAR PROFISSIONAL CB COSMETICOS VERNIZ BRILHANTE,Erro_Digitacao,01 KIT CAPILAR PROFISSIONAL CB COSMETICOS VERNIZ BRILHANTEE
4,01 KIT CAPILAR PROFISSIONAL CB COSMETICOS VERNIZ BRILHANTE,Erro_Digitacao,01 KIT CAPILAR PROFISSONAL CB COSMETICOS VERNIZ BRILHANTE
5,COMBO PLASTICA DOS FIOS SELAGEM TERMICA 10 UNI P2 ARGAN,Fallback_Erro_LLM,COMBO PLASTICA DOS FIOS SELAGEM TERMICA 10 UNI P2 ARGAN
5,COMBO PLASTICA DOS FIOS SELAGEM TERMICA 10 UNI P2 ARGAN,Fallback_Erro_LLM,COMBO PLASTICA DOS FIOS SELAGEM TERMICA 10 UNI P2 ARGAN
5,COMBO PLASTICA DOS FIOS SELAGEM TERMICA 10 UNI P2 ARGAN,Fallback_Erro_LLM,COMBO PLASTICA DOS FIOS SELAGEM TERMICA 10 UNI P2 ARGAN
5,COMBO PLASTICA DOS FIOS SELAGEM TERMICA 10 UNI P2 ARGAN,Fallback_Erro_LLM,COMBO PLASTICA DOS FIOS SELAGEM TERMICA 10 UNI P2 ARGAN
5,COMBO PLASTICA DOS FIOS SELAGEM TERMICA 10 UNI P2 ARGAN,Fallback_Erro_LLM,COMBO PLASTICA DOS FIOS SELAGEM TERMICA 10 UNI P2 ARGAN
5,COMBO PLASTICA DOS FIOS SELAGEM TERMICA 10 UNI P2 ARGAN,Fallback_Erro_LLM,COMBO PLASTICA DOS FIOS SELAGEM TERMICA 10 UNI P2 ARGAN
6,KIT SHAMPOO COND 1 LITR MASCARA 500G CICATRIFIOS INOAR,Fallback_Erro_LLM,KIT SHAMPOO COND 1 LITR MASCARA 500G CICATRIFIOS INOAR
6,KIT SHAMPOO COND 1 LITR MASCARA 500G CICATRIFIOS INOAR,Fallback_Erro_LLM,KIT SHAMPOO COND 1 LITR MASCARA 500G CICATRIFIOS INOAR
6,KIT SHAMPOO COND 1 LITR MASCARA 500G CICATRIFIOS INOAR,Fallback_Erro_LLM,KIT SHAMPOO COND 1 LITR MASCARA 500G CICATRIFIOS INOAR
6,KIT SHAMPOO COND 1 LITR MASCARA 500G CICATRIFIOS INOAR,Fallback_Erro_LLM,KIT SHAMPOO COND 1 LITR MASCARA 500G CICATRIFIOS INOAR
6,KIT SHAMPOO COND 1 LITR MASCARA 500G CICATRIFIOS INOAR,Fallback_Erro_LLM,KIT SHAMPOO COND 1 LITR MASCARA 500G CICATRIFIOS INOAR
6,KIT SHAMPOO COND 1 LITR MASCARA 500G CICATRIFIOS INOAR,Fallback_Erro_LLM,KIT SHAMPOO COND 1 LITR MASCARA 500G CICATRIFIOS INOAR
7,KIT MISE EN SCENE PERFECT SERUM ORIGINAL SH COND 530ML,Fallback_Erro_LLM,KIT MISE EN SCENE PERFECT SERUM ORIGINAL SH COND 530ML
7,KIT MISE EN SCENE PERFECT SERUM ORIGINAL SH COND 530ML,Fallback_Erro_LLM,KIT MISE EN SCENE PERFECT SERUM ORIGINAL SH COND 530ML
7,KIT MISE EN SCENE PERFECT SERUM ORIGINAL SH COND 530ML,Fallback_Erro_LLM,KIT MISE EN SCENE PERFECT SERUM ORIGINAL SH COND 530ML
7,KIT MISE EN SCENE PERFECT SERUM ORIGINAL SH COND 530ML,Fallback_Erro_LLM,KIT MISE EN SCENE PERFECT SERUM ORIGINAL SH COND 530ML
7,KIT MISE EN SCENE PERFECT SERUM ORIGINAL SH COND 530ML,Fallback_Erro_LLM,KIT MISE EN SCENE PERFECT SERUM ORIGINAL SH COND 530ML
7,KIT MISE EN SCENE PERFECT SERUM ORIGINAL SH COND 530ML,Fallback_Erro_LLM,KIT MISE EN SCENE PERFECT SERUM ORIGINAL SH COND 530ML
8,02 KITS TRATAMENTO ANTIQUEDA CRESCIMENTO EFICAZ CAPIL HORSE,Fallback_Erro_LLM,02 KITS TRATAMENTO ANTIQUEDA CRESCIMENTO EFICAZ CAPIL HORSE
8,02 KITS TRATAMENTO ANTIQUEDA CRESCIMENTO EFICAZ CAPIL HORSE,Fallback_Erro_LLM,02 KITS TRATAMENTO ANTIQUEDA CRESCIMENTO EFICAZ CAPIL HORSE
8,02 KITS TRATAMENTO ANTIQUEDA CRESCIMENTO EFICAZ CAPIL HORSE,Fallback_Erro_LLM,02 KITS TRATAMENTO ANTIQUEDA CRESCIMENTO EFICAZ CAPIL HORSE
8,02 KITS TRATAMENTO ANTIQUEDA CRESCIMENTO EFICAZ CAPIL HORSE,Fallback_Erro_LLM,02 KITS TRATAMENTO ANTIQUEDA CRESCIMENTO EFICAZ CAPIL HORSE
8,02 KITS TRATAMENTO ANTIQUEDA CRESCIMENTO EFICAZ CAPIL HORSE,Fallback_Erro_LLM,02 KITS TRATAMENTO ANTIQUEDA CRESCIMENTO EFICAZ CAPIL HORSE
8,02 KITS TRATAMENTO ANTIQUEDA CRESCIMENTO EFICAZ CAPIL HORSE,Fallback_Erro_LLM,02 KITS TRATAMENTO ANTIQUEDA CRESCIMENTO EFICAZ CAPIL HORSE
9,KIT 3 QUERATINA DIA DIA MASCARA SHAMPOO E CONDICIONADOR,Fallback_Erro_LLM,KIT 3 QUERATINA DIA DIA MASCARA SHAMPOO E CONDICIONADOR
9,KIT 3 QUERATINA DIA DIA MASCARA SHAMPOO E CONDICIONADOR,Fallback_Erro_LLM,KIT 3 QUERATINA DIA DIA MASCARA SHAMPOO E CONDICIONADOR
9,KIT 3 QUERATINA DIA DIA MASCARA SHAMPOO E CONDICIONADOR,Fallback_Erro_LLM,KIT 3 QUERATINA DIA DIA MASCARA SHAMPOO E CONDICIONADOR
9,KIT 3 QUERATINA DIA DIA MASCARA SHAMPOO E CONDICIONADOR,Fallback_Erro_LLM,KIT 3 QUERATINA DIA DIA MASCARA SHAMPOO E CONDICIONADOR
9,KIT 3 QUERATINA DIA DIA MASCARA SHAMPOO E CONDICIONADOR,Fallback_Erro_LLM,KIT 3 QUERATINA DIA DIA MASCARA SHAMPOO E CONDICIONADOR
9,KIT 3 QUERATINA DIA DIA MASCARA SHAMPOO E CONDICIONADOR,Fallback_Erro_LLM,KIT 3 QUERATINA DIA DIA MASCARA SHAMPOO E CONDICIONADOR
10,SHAMPOO CONDICIONADOR MASCARA ACELERA O CRESCIMENTO EUDORAFU,Abreviacao,SHAMP COND MASC ACELERA CRESC EUDORAFU
10,SHAMPOO CONDICIONADOR MASCARA ACELERA O CRESCIMENTO EUDORAFU,Abreviacao,SHP COND MASC ACELERA CRESC EUDORAFU
10,SHAMPOO CONDICIONADOR MASCARA ACELERA O CRESCIMENTO EUDORAFU,Notacao_Unidades,SHAMPOO CONDICIONADOR MASCARA ACELERA O CRESCIMENTO EUDORAFU UN
10,SHAMPOO CONDICIONADOR MASCARA ACELERA O CRESCIMENTO EUDORAFU,Notacao_Unidades,SHAMPOO CONDICIONADOR MASCARA ACELERA O CRESCIMENTO EUDORAFU UND
10,SHAMPOO CONDICIONADOR MASCARA ACELERA O CRESCIMENTO EUDORAFU,Erro_Digitacao,SHAMPOO CONDICIONADOR MASCARA ACELERA O CRESCIMENTO EUDORAFU
10,SHAMPOO CONDICIONADOR MASCARA ACELERA O CRESCIMENTO EUDORAFU,Erro_Digitacao,SHAMPOO CONDICIONADRO MASCARA ACELERA O CRESCIMNETO EUDORAFU
11,ESCOVA PROGRESSIVA LUXE PLATINUM SEMI DEFINITIVA BLUEKEN 1L,Abreviacao,ESCOVA PROG LUXE PLATINUM SEMI DEF BLUEKEN 1L
11,ESCOVA PROGRESSIVA LUXE PLATINUM SEMI DEFINITIVA BLUEKEN 1L,Abreviacao,ESCOVA PROGR LUXE PLATINUM SEMI DEFINIT BLUEKEN 1L
11,ESCOVA PROGRESSIVA LUXE PLATINUM SEMI DEFINITIVA BLUEKEN 1L,Notacao_Unidades,ESCOVA PROGRESSIVA LUXE PLATINUM SEMI DEFINITIVA BLUEKEN 1000ML
11,ESCOVA PROGRESSIVA LUXE PLATINUM SEMI DEFINITIVA BLUEKEN 1L,Notacao_Unidades,ESCOVA PROGRESSIVA LUXE PLATINUM SEMI DEFINITIVA BLUEKEN 1 LITRO
11,ESCOVA PROGRESSIVA LUXE PLATINUM SEMI DEFINITIVA BLUEKEN 1L,Erro_Digitacao,ESCOVA PROGRESIVA LUXE PLATINUM SEMI DEFINITIVA BLUEKEN 1L
11,ESCOVA PROGRESSIVA LUXE PLATINUM SEMI DEFINITIVA BLUEKEN 1L,Erro_Digitacao,ESCOVA PROGRESSIVA LUXE PLATINUM SEMI DEFINITIVA BLUKEN 1L
12,KIT POS PROGRESSIVA HOME CARE 2X MAIS LISO THYRRE COSMETICS,Abreviacao,KIT POS PROG HOME CARE 2X MAIS LISO THYRRE COSM
12,KIT POS PROGRESSIVA HOME CARE 2X MAIS LISO THYRRE COSMETICS,Abreviacao,KIT POS PROGRESS HOME CARE 2X MAIS LISO THYRRE COSMET
12,KIT POS PROGRESSIVA HOME CARE 2X MAIS LISO THYRRE COSMETICS,Notacao_Unidades,KIT POS PROGRESSIVA HOME CARE DUAS VEZES MAIS LISO THYRRE COSMETICS
12,KIT POS PROGRESSIVA HOME CARE 2X MAIS LISO THYRRE COSMETICS,Notacao_Unidades,KIT POS PROGRESSIVA HOME CARE 2X MAIS LISO THYRRE COSMETICS UN
12,KIT POS PROGRESSIVA HOME CARE 2X MAIS LISO THYRRE COSMETICS,Erro_Digitacao,KIT POS PROGRESSIVA HOME CAER 2X MAIS LISO THYRRE COSMETICS
12,KIT POS PROGRESSIVA HOME CARE 2X MAIS LISO THYRRE COSMETICS,Erro_Digitacao,KIT POS PROGRESSIVA HOME CARE 2X MAIS LISO THYRRE COSMETICSS
13,ALISANTE HEN RENA PRETO AZULADO POUCH EMBELLEZE 3 UNIDADES,Abreviacao,ALISANTE HEN RENA PRETO AZULADO POUCH EMBELLEZE 3 UND
13,ALISANTE HEN RENA PRETO AZULADO POUCH EMBELLEZE 3 UNIDADES,Abreviacao,ALISANTE HEN RENA PRETO AZULADO POUCH EMBELLEZE 3 UNID
13,ALISANTE HEN RENA PRETO AZULADO POUCH EMBELLEZE 3 UNIDADES,Notacao_Unidades,ALISANTE HEN RENA PRETO AZULADO POUCH EMBELLEZE 3 ITENS
13,ALISANTE HEN RENA PRETO AZULADO POUCH EMBELLEZE 3 UNIDADES,Notacao_Unidades,ALISANTE HEN RENA PRETO AZULADO POUCH EMBELLEZE 3 PCS
13,ALISANTE HEN RENA PRETO AZULADO POUCH EMBELLEZE 3 UNIDADES,Erro_Digitacao,ALISANTE HEN RENA PRETO AZULADO POUCH EMBELLEZE 3 UNIDADEES
13,ALISANTE HEN RENA PRETO AZULADO POUCH EMBELLEZE 3 UNIDADES,Erro_Digitacao,ALISANTE HEN RENA PRETO AZULADO POUCH EMBELLEZE 3 UNIDDAES
14,INFUSO 20 ACIDIFICANTE CAPILAR WIDI CARE CONTROLE PH 300G,Abreviacao,INFUSO 20 ACIDIF CAPILAR WIDI CARE CONTROLE PH 300G
14,INFUSO 20 ACIDIFICANTE CAPILAR WIDI CARE CONTROLE PH 300G,Abreviacao,INFUSO 20 ACIDIF CAP WIDI CARE CONTROLE PH 300G
14,INFUSO 20 ACIDIFICANTE CAPILAR WIDI CARE CONTROLE PH 300G,Notacao_Unidades,"INFUSO 20 ACIDIFICANTE CAPILAR WIDI CARE CONTROLE PH 0,3KG"
14,INFUSO 20 ACIDIFICANTE CAPILAR WIDI CARE CONTROLE PH 300G,Notacao_Unidades,INFUSO 20 ACIDIFICANTE CAPILAR WIDI CARE CONTROLE PH 300 GRAMAS
14,INFUSO 20 ACIDIFICANTE CAPILAR WIDI CARE CONTROLE PH 300G,Erro_Digitacao,INFUSO 20 ACIDIFICANTE CAPILAR WIDI CARE CONTROLE HP 300G
14,INFUSO 20 ACIDIFICANTE CAPILAR WIDI CARE CONTROLE PH 300G,Erro_Digitacao,INFUSO 20 ACIDIFICANTE CAPILAR WIDI CARE CONTROLE PH 300G G
15,KIT 2 ESCOVA PROGRESSIVA BIO PLUS 600ML JAPONESA COM FRIZZ,Fallback_Erro_LLM,KIT 2 ESCOVA PROGRESSIVA BIO PLUS 600ML JAPONESA COM FRIZZ
15,KIT 2 ESCOVA PROGRESSIVA BIO PLUS 600ML JAPONESA COM FRIZZ,Fallback_Erro_LLM,KIT 2 ESCOVA PROGRESSIVA BIO PLUS 600ML JAPONESA COM FRIZZ
15,KIT 2 ESCOVA PROGRESSIVA BIO PLUS 600ML JAPONESA COM FRIZZ,Fallback_Erro_LLM,KIT 2 ESCOVA PROGRESSIVA BIO PLUS 600ML JAPONESA COM FRIZZ
15,KIT 2 ESCOVA PROGRESSIVA BIO PLUS 600ML JAPONESA COM FRIZZ,Fallback_Erro_LLM,KIT 2 ESCOVA PROGRESSIVA BIO PLUS 600ML JAPONESA COM FRIZZ
15,KIT 2 ESCOVA PROGRESSIVA BIO PLUS 600ML JAPONESA COM FRIZZ,Fallback_Erro_LLM,KIT 2 ESCOVA PROGRESSIVA BIO PLUS 600ML JAPONESA COM FRIZZ
15,KIT 2 ESCOVA PROGRESSIVA BIO PLUS 600ML JAPONESA COM FRIZZ,Fallback_Erro_LLM,KIT 2 ESCOVA PROGRESSIVA BIO PLUS 600ML JAPONESA COM FRIZZ
16,MANDIOCA HASKELL KIT SHAMPCONDMASC 1L BRINDE,Fallback_Erro_LLM,MANDIOCA HASKELL KIT SHAMPCONDMASC 1L BRINDE
16,MANDIOCA HASKELL KIT SHAMPCONDMASC 1L BRINDE,Fallback_Erro_LLM,MANDIOCA HASKELL KIT SHAMPCONDMASC 1L BRINDE
16,MANDIOCA HASKELL KIT SHAMPCONDMASC 1L BRINDE,Fallback_Erro_LLM,MANDIOCA HASKELL KIT SHAMPCONDMASC 1L BRINDE
16,MANDIOCA HASKELL KIT SHAMPCONDMASC 1L BRINDE,Fallback_Erro_LLM,MANDIOCA HASKELL KIT SHAMPCONDMASC 1L BRINDE
16,MANDIOCA HASKELL KIT SHAMPCONDMASC 1L BRINDE,Fallback_Erro_LLM,MANDIOCA HASKELL KIT SHAMPCONDMASC 1L BRINDE
16,MANDIOCA HASKELL KIT SHAMPCONDMASC 1L BRINDE,Fallback_Erro_LLM,MANDIOCA HASKELL KIT SHAMPCONDMASC 1L BRINDE
17,HASKELL PROMOPACK SOS VERO SH 300ML CREME 240G,Fallback_Erro_LLM,HASKELL PROMOPACK SOS VERO SH 300ML CREME 240G
17,HASKELL PROMOPACK SOS VERO SH 300ML CREME 240G,Fallback_Erro_LLM,HASKELL PROMOPACK SOS VERO SH 300ML CREME 240G
17,HASKELL PROMOPACK SOS VERO SH 300ML CREME 240G,Fallback_Erro_LLM,HASKELL PROMOPACK SOS VERO SH 300ML CREME 240G
17,HASKELL PROMOPACK SOS VERO SH 300ML CREME 240G,Fallback_Erro_LLM,HASKELL PROMOPACK SOS VERO SH 300ML CREME 240G
17,HASKELL PROMOPACK SOS VERO SH 300ML CREME 240G,Fallback_Erro_LLM,HASKELL PROMOPACK SOS VERO SH 300ML CREME 240G
17,HASKELL PROMOPACK SOS VERO SH 300ML CREME 240G,Fallback_Erro_LLM,HASKELL PROMOPACK SOS VERO SH 300ML CREME 240G
18,MASCARA KARSEELL COLLAGEN IMPORTADA MACA POWER,Fallback_Erro_LLM,MASCARA KARSEELL COLLAGEN IMPORTADA MACA POWER
18,MASCARA KARSEELL COLLAGEN IMPORTADA MACA POWER,Fallback_Erro_LLM,MASCARA KARSEELL COLLAGEN IMPORTADA MACA POWER
18,MASCARA KARSEELL COLLAGEN IMPORTADA MACA POWER,Fallback_Erro_LLM,MASCARA KARSEELL COLLAGEN IMPORTADA MACA POWER
18,MASCARA KARSEELL COLLAGEN IMPORTADA MACA POWER,Fallback_Erro_LLM,MASCARA KARSEELL COLLAGEN IMPORTADA MACA POWER
18,MASCARA KARSEELL COLLAGEN IMPORTADA MACA POWER,Fallback_Erro_LLM,MASCARA KARSEELL COLLAGEN IMPORTADA MACA POWER
18,MASCARA KARSEELL COLLAGEN IMPORTADA MACA POWER,Fallback_Erro_LLM,MASCARA KARSEELL COLLAGEN IMPORTADA MACA POWER
19,SHAMPOO CONDICIONADOR LISO EXTREMO VITA DERM,Fallback_Erro_LLM,SHAMPOO CONDICIONADOR LISO EXTREMO VITA DERM
19,SHAMPOO CONDICIONADOR LISO EXTREMO VITA DERM,Fallback_Erro_LLM,SHAMPOO CONDICIONADOR LISO EXTREMO VITA DERM
19,SHAMPOO CONDICIONADOR LISO EXTREMO VITA DERM,Fallback_Erro_LLM,SHAMPOO CONDICIONADOR LISO EXTREMO VITA DERM
19,SHAMPOO CONDICIONADOR LISO EXTREMO VITA DERM,Fallback_Erro_LLM,SHAMPOO CONDICIONADOR LISO EXTREMO VITA DERM
19,SHAMPOO CONDICIONADOR LISO EXTREMO VITA DERM,Fallback_Erro_LLM,SHAMPOO CONDICIONADOR LISO EXTREMO VITA DERM
19,SHAMPOO CONDICIONADOR LISO EXTREMO VITA DERM,Fallback_Erro_LLM,SHAMPOO CONDICIONADOR LISO EXTREMO VITA DERM
20,CREME DE PENTEAR RECONSTRUTOR NATHYDRAS ALHO 255ML,Abreviacao,CRM PENTEAR RECONSTRUTOR NATHYDRAS ALHO 255ML
20,CREME DE PENTEAR RECONSTRUTOR NATHYDRAS ALHO 255ML,Abreviacao,CREME PENTEAR RECONST. NATHYDRAS ALHO 255ML
20,CREME DE PENTEAR RECONSTRUTOR NATHYDRAS ALHO 255ML,Notacao_Unidades,"CREME DE PENTEAR RECONSTRUTOR NATHYDRAS ALHO 0,255L"
20,CREME DE PENTEAR RECONSTRUTOR NATHYDRAS ALHO 255ML,Notacao_Unidades,CREME DE PENTEAR RECONSTRUTOR NATHYDRAS ALHO 255 mililitros
20,CREME DE PENTEAR RECONSTRUTOR NATHYDRAS ALHO 255ML,Erro_Digitacao,CREME DE PENTEAR RECONSTRUTOR NATHYDRAS ALHO 255ML
20,CREME DE PENTEAR RECONSTRUTOR NATHYDRAS ALHO 255ML,Erro_Digitacao,CREME DE PENTEAE RECONSTRUTOR NATHYDRAS ALHO 255ML
21,2 PROGRESSIVA MIORACH PROFESSIONAL 1 LITRO CADA,Abreviacao,2 PROG. MIORACH PROF. 1 LITRO CADA
21,2 PROGRESSIVA MIORACH PROFESSIONAL 1 LITRO CADA,Abreviacao,2 PROGRESSIVA MIORACH PROFESS. 1L CADA
21,2 PROGRESSIVA MIORACH PROFESSIONAL 1 LITRO CADA,Notacao_Unidades,2 PROGRESSIVA MIORACH PROFESSIONAL 1000ML CADA
21,2 PROGRESSIVA MIORACH PROFESSIONAL 1 LITRO CADA,Notacao_Unidades,2 PROGRESSIVA MIORACH PROFESSIONAL 1000 mililitros CADA
21,2 PROGRESSIVA MIORACH PROFESSIONAL 1 LITRO CADA,Erro_Digitacao,2 PROGRESIVA MIORACH PROFESSIONAL 1 LITRO CADA
21,2 PROGRESSIVA MIORACH PROFESSIONAL 1 LITRO CADA,Erro_Digitacao,2 PROGRESSIVA MIORACH PROFESIONAL 1 LITRO CADA
22,KIT LISO PERFEITO PRE ESCOVA SERUM NUANCE,Abreviacao,KIT LISO PERF. PRE ESCOVA SERUM NUANCE
22,KIT LISO PERFEITO PRE ESCOVA SERUM NUANCE,Abreviacao,KIT LISO PERFEITO PRE ESC. SERUM NUANCE
22,KIT LISO PERFEITO PRE ESCOVA SERUM NUANCE,Notacao_Unidades,KIT LISO PERFEITO PRE ESCOVA SERUM NUANCE 1 UNIDADE
22,KIT LISO PERFEITO PRE ESCOVA SERUM NUANCE,Notacao_Unidades,KIT LISO PERFEITO PRE ESCOVA SERUM NUANCE 1 KIT
22,KIT LISO PERFEITO PRE ESCOVA SERUM NUANCE,Erro_Digitacao,KIT LISO PERFEITO PRE ESCOVA SERUM NUANCE
22,KIT LISO PERFEITO PRE ESCOVA SERUM NUANCE,Erro_Digitacao,KIT LISO PERFEITO PRE ESCOVA SERUM NUANEC
23,KIT SH RD NUTRA THERAPY PROTEIN LEAVE IN RESTAURADOR 150ML,Abreviacao,KIT SH RD NUTRA THERAPY PROTEIN LEAVE IN RESTAUR. 150ML
23,KIT SH RD NUTRA THERAPY PROTEIN LEAVE IN RESTAURADOR 150ML,Abreviacao,KIT SH RD NUTRA THERAPY PROTEIN L. IN RESTAURADOR 150ML
23,KIT SH RD NUTRA THERAPY PROTEIN LEAVE IN RESTAURADOR 150ML,Notacao_Unidades,"KIT SH RD NUTRA THERAPY PROTEIN LEAVE IN RESTAURADOR 0,15L"
23,KIT SH RD NUTRA THERAPY PROTEIN LEAVE IN RESTAURADOR 150ML,Notacao_Unidades,KIT SH RD NUTRA THERAPY PROTEIN LEAVE IN RESTAURADOR 150 mililitros
23,KIT SH RD NUTRA THERAPY PROTEIN LEAVE IN RESTAURADOR 150ML,Erro_Digitacao,KIT SH RD NUTRA THERAPY PROTEIN LEAVE IN RESTAURADRO 150ML
23,KIT SH RD NUTRA THERAPY PROTEIN LEAVE IN RESTAURADOR 150ML,Erro_Digitacao,KIT SH RD NUTRA THERAPY PROTEIN LEAVE IN RESTAURADOR 150ML
24,PROGRESSIVA SEM FORMOL ORGANICA 1L PASSO 2 QUERO LISO DKA,Abreviacao,PROG. SEM FORMOL ORGANICA 1L PASSO 2 QUERO LISO DKA
24,PROGRESSIVA SEM FORMOL ORGANICA 1L PASSO 2 QUERO LISO DKA,Abreviacao,PROGRESSIVA SEM FORMOL ORGANICA 1L P2 QUERO LISO DKA
24,PROGRESSIVA SEM FORMOL ORGANICA 1L PASSO 2 QUERO LISO DKA,Notacao_Unidades,PROGRESSIVA SEM FORMOL ORGANICA 1000ML PASSO 2 QUERO LISO DKA
24,PROGRESSIVA SEM FORMOL ORGANICA 1L PASSO 2 QUERO LISO DKA,Notacao_Unidades,PROGRESSIVA SEM FORMOL ORGANICA 1000 mililitros PASSO 2 QUERO LISO DKA
24,PROGRESSIVA SEM FORMOL ORGANICA 1L PASSO 2 QUERO LISO DKA,Erro_Digitacao,PROGRESSIVA SEM FORMOL ORGANICA 1L PASSO 2 QUERO LISO DKA
24,PROGRESSIVA SEM FORMOL ORGANICA 1L PASSO 2 QUERO LISO DKA,Erro_Digitacao,PROGRESSIVA SEM FORMOL ORGANICA 1L PASSO 2 QUERO LISO DKA
25,ESCOVA PROGRESSIVA 100 ORGNICA VEGAN HAIR 2X 1L SEM FORMOL,Abreviacao,ESC. PROGRESSIVA 100 ORG. VEGAN HAIR 2X 1L SEM FORMOL
25,ESCOVA PROGRESSIVA 100 ORGNICA VEGAN HAIR 2X 1L SEM FORMOL,Abreviacao,ESCOVA PROG. 100 ORG. VEGAN HAIR 2X 1L S/ FORMOL
25,ESCOVA PROGRESSIVA 100 ORGNICA VEGAN HAIR 2X 1L SEM FORMOL,Notacao_Unidades,ESCOVA PROGRESSIVA 100 ORGNICA VEGAN HAIR 2X 1000ML SEM FORMOL
25,ESCOVA PROGRESSIVA 100 ORGNICA VEGAN HAIR 2X 1L SEM FORMOL,Notacao_Unidades,ESCOVA PROGRESSIVA 100 ORGNICA VEGAN HAIR 2X 1 LITRO SEM FORMOL
25,ESCOVA PROGRESSIVA 100 ORGNICA VEGAN HAIR 2X 1L SEM FORMOL,Erro_Digitacao,ESCOVA PROGRESIVA 100 ORGNICA VEGAN HAIR 2X 1L SEM FORMOL
25,ESCOVA PROGRESSIVA 100 ORGNICA VEGAN HAIR 2X 1L SEM FORMOL,Erro_Digitacao,ESCOVA PROGRESSIVA 100 ORGNICA VEGAN HARI 2X 1L SEM FORMOL
26,BALM PARA BARBA POS BARBA FOX FOR MEN 120ML,Abreviacao,BALM P/ BARBA POS BARBA FOX FOR MEN 120ML
26,BALM PARA BARBA POS BARBA FOX FOR MEN 120ML,Abreviacao,BALM P/ BARBA POS BARBA FOX FOR MEN 120ML
26,BALM PARA BARBA POS BARBA FOX FOR MEN 120ML,Notacao_Unidades,"BALM PARA BARBA POS BARBA FOX FOR MEN 0,12L"
26,BALM PARA BARBA POS BARBA FOX FOR MEN 120ML,Notacao_Unidades,BALM PARA BARBA POS BARBA FOX FOR MEN 120 MILILITROS
26,BALM PARA BARBA POS BARBA FOX FOR MEN 120ML,Erro_Digitacao,BALM PARA BARBA POS BARBA FOX FOR MNE 120ML
26,BALM PARA BARBA POS BARBA FOX FOR MEN 120ML,Erro_Digitacao,BALM PARA BARBA POS BARBA FOX FOR MEN 120LM
27,ANTIQUEDA 2 SHAMPOOS 1 CONDICIONADOR SATINIQUE AMWAY,Abreviacao,ANTIQUEDA 2 SHAMP. 1 COND. SATINIQUE AMWAY
27,ANTIQUEDA 2 SHAMPOOS 1 CONDICIONADOR SATINIQUE AMWAY,Abreviacao,ANTIQUEDA 2 SHAMP. 1 CONDIC. SATINIQUE AMWAY
27,ANTIQUEDA 2 SHAMPOOS 1 CONDICIONADOR SATINIQUE AMWAY,Notacao_Unidades,ANTIQUEDA 2 UN SHAMPOOS 1 UN CONDICIONADOR SATINIQUE AMWAY
27,ANTIQUEDA 2 SHAMPOOS 1 CONDICIONADOR SATINIQUE AMWAY,Notacao_Unidades,ANTIQUEDA 2X SHAMPOOS 1X CONDICIONADOR SATINIQUE AMWAY
27,ANTIQUEDA 2 SHAMPOOS 1 CONDICIONADOR SATINIQUE AMWAY,Erro_Digitacao,ANTIQUEDA 2 SHAMPOS 1 CONDICIONADOR SATINIQUE AMWAY
27,ANTIQUEDA 2 SHAMPOOS 1 CONDICIONADOR SATINIQUE AMWAY,Erro_Digitacao,ANTIQUEDA 2 SHAMPOOS 1 CONDICIONDOR SATINIQUE AMWAY
28,KIT PERFECT LISS TURMALINA PROGRESSIVA VISAT HAIR ORIGINAL,Abreviacao,KIT PERFECT LISS TURM. PROGRESSIVA VISAT HAIR ORIGINAL
28,KIT PERFECT LISS TURMALINA PROGRESSIVA VISAT HAIR ORIGINAL,Abreviacao,KIT PERFECT LISS TURMALINA PROG. VISAT HAIR ORIGINAL
28,KIT PERFECT LISS TURMALINA PROGRESSIVA VISAT HAIR ORIGINAL,Notacao_Unidades,KIT PERFECT LISS TURMALINA PROGRESSIVA VISAT HAIR ORIGINAL PACK
28,KIT PERFECT LISS TURMALINA PROGRESSIVA VISAT HAIR ORIGINAL,Notacao_Unidades,KIT 1 UN PERFECT LISS TURMALINA PROGRESSIVA VISAT HAIR ORIGINAL
28,KIT PERFECT LISS TURMALINA PROGRESSIVA VISAT HAIR ORIGINAL,Erro_Digitacao,KIT PERFECT LISS TURMLIANA PROGRESSIVA VISAT HAIR ORIGINAL
28,KIT PERFECT LISS TURMALINA PROGRESSIVA VISAT HAIR ORIGINAL,Erro_Digitacao,KIT PERFECT LISS TURMALINA PROGRESSIVA VISAT HARI ORIGINAL
29,KIT INVIGO NUTRI ENRICH SHAMPOO CONDICIONADOR WELLA,Abreviacao,KIT INVIGO NUTRI ENRICH SHAMP. CONDIC. WELLA
29,KIT INVIGO NUTRI ENRICH SHAMPOO CONDICIONADOR WELLA,Abreviacao,KIT INVIGO NUTRI ENRICH SHAMP. CONDICIONADOR WELLA
29,KIT INVIGO NUTRI ENRICH SHAMPOO CONDICIONADOR WELLA,Notacao_Unidades,KIT INVIGO NUTRI ENRICH 2 UN SHAMPOO CONDICIONADOR WELLA
29,KIT INVIGO NUTRI ENRICH SHAMPOO CONDICIONADOR WELLA,Notacao_Unidades,KIT INVIGO NUTRI ENRICH SHAMPOO E CONDICIONADOR WELLA DUO
29,KIT INVIGO NUTRI ENRICH SHAMPOO CONDICIONADOR WELLA,Erro_Digitacao,KIT INVIGO NUTRI ENRICH SHAMPOO CONDIICIONADOR WELLA
29,KIT INVIGO NUTRI ENRICH SHAMPOO CONDICIONADOR WELLA,Erro_Digitacao,KIT INVIGO NUTRI ENRICH SHAMPOO CONDICIONADOR WELLA
29,KIT INVIGO NUTRI ENRICH SHAMPOO CONDICIONADOR WELLA,Erro_Digitacao,KIT INVIGO NUTRI ENRICH SHAMPOO CONDICIONADOR WLELA
30,KIT AMEND MATIZADOR P CABELOS RUIVOS COBRE EFFECT,Abreviacao,KIT AMEND MATIZ. P/ CABELOS RUIVOS COBRE EFFECT
30,KIT AMEND MATIZADOR P CABELOS RUIVOS COBRE EFFECT,Abreviacao,KIT AMEND MATIZADOR P/ CABELOS RUIVOS COBRE EFF.
30,KIT AMEND MATIZADOR P CABELOS RUIVOS COBRE EFFECT,Notacao_Unidades,KIT AMEND MATIZADOR P CABELOS RUIVOS COBRE EFFECT
30,KIT AMEND MATIZADOR P CABELOS RUIVOS COBRE EFFECT,Notacao_Unidades,KIT AMEND MATIZADOR P CABELOS RUIVOS COBRE EFFECT
30,KIT AMEND MATIZADOR P CABELOS RUIVOS COBRE EFFECT,Erro_Digitacao,KIT AMEND MATIZADRO P CABELOS RUIVOS COBRE EFFECT
30,KIT AMEND MATIZADOR P CABELOS RUIVOS COBRE EFFECT,Erro_Digitacao,KIT AMEND MATIZADOR P CABELOS RUIVSO COBRE EFFECT
31,KIT REDKEN EXTREME SHAMPOO 300MLCONDICIONADOR 300ML,Abreviacao,KIT REDKEN EXTREME SHAMP. 300ML COND. 300ML
31,KIT REDKEN EXTREME SHAMPOO 300MLCONDICIONADOR 300ML,Abreviacao,KIT REDKEN EXTREME SHAMPOO 300ML CONDIC. 300ML
31,KIT REDKEN EXTREME SHAMPOO 300MLCONDICIONADOR 300ML,Notacao_Unidades,"KIT REDKEN EXTREME SHAMPOO 0,3L CONDICIONADOR 0,3L"
31,KIT REDKEN EXTREME SHAMPOO 300MLCONDICIONADOR 300ML,Notacao_Unidades,KIT REDKEN EXTREME SHAMPOO 300 mililitros CONDICIONADOR 300 mililitros
31,KIT REDKEN EXTREME SHAMPOO 300MLCONDICIONADOR 300ML,Erro_Digitacao,KIT REDKEN EXTREME SHAMPO 300ML CONDICIONADOR 300ML
31,KIT REDKEN EXTREME SHAMPOO 300MLCONDICIONADOR 300ML,Erro_Digitacao,KIT REDKEN EXTREME SHAMPOO 300ML CONDICIONADRO 300ML
32,GEL COLA 7 UNIDADES PIERRY LOHAN 250 GEL PIERRY ORIGINAL,Abreviacao,GEL COLA 7 UNID. PIERRY LOHAN 250 GEL PIERRY ORIG.
32,GEL COLA 7 UNIDADES PIERRY LOHAN 250 GEL PIERRY ORIGINAL,Abreviacao,GEL COLA 7 UN. PIERRY LOHAN 250 GEL PIERRY ORIGINAL
32,GEL COLA 7 UNIDADES PIERRY LOHAN 250 GEL PIERRY ORIGINAL,Notacao_Unidades,"GEL COLA 7 UNIDADES PIERRY LOHAN 0,25kg GEL PIERRY ORIGINAL"
32,GEL COLA 7 UNIDADES PIERRY LOHAN 250 GEL PIERRY ORIGINAL,Notacao_Unidades,GEL COLA 7 UNIDADES PIERRY LOHAN 250 gramas GEL PIERRY ORIGINAL
32,GEL COLA 7 UNIDADES PIERRY LOHAN 250 GEL PIERRY ORIGINAL,Erro_Digitacao,GEL COLA 7 UNIDADES PIERRY LOHAN 250 GEL PIERRY ORIGIANL
32,GEL COLA 7 UNIDADES PIERRY LOHAN 250 GEL PIERRY ORIGINAL,Erro_Digitacao,GEL COLA 7 UNIDADES PIERRY LOHAN 250 GEL PIERY ORIGINAL
33,SHAMPOO ANTIQUEDA FORTIFYING 1000ML JM KEUNE 1922,Abreviacao,SHAMP. ANTIQUEDA FORTIFYING 1000ML JM KEUNE 1922
33,SHAMPOO ANTIQUEDA FORTIFYING 1000ML JM KEUNE 1922,Abreviacao,SHAMPOO ANTIQUEDA FORTIFYING 1L JM KEUNE 1922
33,SHAMPOO ANTIQUEDA FORTIFYING 1000ML JM KEUNE 1922,Notacao_Unidades,SHAMPOO ANTIQUEDA FORTIFYING 1L JM KEUNE 1922
33,SHAMPOO ANTIQUEDA FORTIFYING 1000ML JM KEUNE 1922,Notacao_Unidades,SHAMPOO ANTIQUEDA FORTIFYING 1000 mililitros JM KEUNE 1922
33,SHAMPOO ANTIQUEDA FORTIFYING 1000ML JM KEUNE 1922,Erro_Digitacao,SHAMPOO ANTIQUEDA FORTIFYIN 1000ML JM KEUNE 1922
33,SHAMPOO ANTIQUEDA FORTIFYING 1000ML JM KEUNE 1922,Erro_Digitacao,SHAMPOO ANTIQUEDA FORTIFYING 1000ML JM KEUNE 192
34,4 TNICO CRESCIMENTO CAPILAR 100ML EVOLUCO DO MONOXIDIL,Abreviacao,4 TON. CRESCIMENTO CAPILAR 100ML EVOLUCAO DO MONOXIDIL
34,4 TNICO CRESCIMENTO CAPILAR 100ML EVOLUCO DO MONOXIDIL,Abreviacao,4 TONICO CRESC. CAPILAR 100ML EVOLUCAO DO MONOXIDIL
34,4 TNICO CRESCIMENTO CAPILAR 100ML EVOLUCO DO MONOXIDIL,Notacao_Unidades,"4 TONICO CRESCIMENTO CAPILAR 0,1L EVOLUCAO DO MONOXIDIL"
34,4 TNICO CRESCIMENTO CAPILAR 100ML EVOLUCO DO MONOXIDIL,Notacao_Unidades,4 TONICO CRESCIMENTO CAPILAR 100 mililitros EVOLUCAO DO MONOXIDIL
34,4 TNICO CRESCIMENTO CAPILAR 100ML EVOLUCO DO MONOXIDIL,Erro_Digitacao,4 TONICO CRESCIMENTO CAPILAR 100ML EVOLUCAO DO MONOXIDIL
34,4 TNICO CRESCIMENTO CAPILAR 100ML EVOLUCO DO MONOXIDIL,Erro_Digitacao,4 TONICO CRESCIMENTO CAPILAR 100ML EVOLUCO DO MONOXIDIL
35,EUDORA SIGE REVELA OS CACHOS SHAMPOO E CONDICIONADOR,Fallback_Erro_LLM,EUDORA SIGE REVELA OS CACHOS SHAMPOO E CONDICIONADOR
35,EUDORA SIGE REVELA OS CACHOS SHAMPOO E CONDICIONADOR,Fallback_Erro_LLM,EUDORA SIGE REVELA OS CACHOS SHAMPOO E CONDICIONADOR
35,EUDORA SIGE REVELA OS CACHOS SHAMPOO E CONDICIONADOR,Fallback_Erro_LLM,EUDORA SIGE REVELA OS CACHOS SHAMPOO E CONDICIONADOR
35,EUDORA SIGE REVELA OS CACHOS SHAMPOO E CONDICIONADOR,Fallback_Erro_LLM,EUDORA SIGE REVELA OS CACHOS SHAMPOO E CONDICIONADOR
35,EUDORA SIGE REVELA OS CACHOS SHAMPOO E CONDICIONADOR,Fallback_Erro_LLM,EUDORA SIGE REVELA OS CACHOS SHAMPOO E CONDICIONADOR
35,EUDORA SIGE REVELA OS CACHOS SHAMPOO E CONDICIONADOR,Fallback_Erro_LLM,EUDORA SIGE REVELA OS CACHOS SHAMPOO E CONDICIONADOR
36,CONDICIONADOR SHITAKE BIO EXTRATUS 1L RECONSTRUCO,Fallback_Erro_LLM,CONDICIONADOR SHITAKE BIO EXTRATUS 1L RECONSTRUCO
36,CONDICIONADOR SHITAKE BIO EXTRATUS 1L RECONSTRUCO,Fallback_Erro_LLM,CONDICIONADOR SHITAKE BIO EXTRATUS 1L RECONSTRUCO
36,CONDICIONADOR SHITAKE BIO EXTRATUS 1L RECONSTRUCO,Fallback_Erro_LLM,CONDICIONADOR SHITAKE BIO EXTRATUS 1L RECONSTRUCO
36,CONDICIONADOR SHITAKE BIO EXTRATUS 1L RECONSTRUCO,Fallback_Erro_LLM,CONDICIONADOR SHITAKE BIO EXTRATUS 1L RECONSTRUCO
36,CONDICIONADOR SHITAKE BIO EXTRATUS 1L RECONSTRUCO,Fallback_Erro_LLM,CONDICIONADOR SHITAKE BIO EXTRATUS 1L RECONSTRUCO
36,CONDICIONADOR SHITAKE BIO EXTRATUS 1L RECONSTRUCO,Fallback_Erro_LLM,CONDICIONADOR SHITAKE BIO EXTRATUS 1L RECONSTRUCO
37,KIT KERASYS REPAIRING DUO 2 PRODUTOS 2X200ML,Fallback_Erro_LLM,KIT KERASYS REPAIRING DUO 2 PRODUTOS 2X200ML
37,KIT KERASYS REPAIRING DUO 2 PRODUTOS 2X200ML,Fallback_Erro_LLM,KIT KERASYS REPAIRING DUO 2 PRODUTOS 2X200ML
37,KIT KERASYS REPAIRING DUO 2 PRODUTOS 2X200ML,Fallback_Erro_LLM,KIT KERASYS REPAIRING DUO 2 PRODUTOS 2X200ML
37,KIT KERASYS REPAIRING DUO 2 PRODUTOS 2X200ML,Fallback_Erro_LLM,KIT KERASYS REPAIRING DUO 2 PRODUTOS 2X200ML
37,KIT KERASYS REPAIRING DUO 2 PRODUTOS 2X200ML,Fallback_Erro_LLM,KIT KERASYS REPAIRING DUO 2 PRODUTOS 2X200ML
37,KIT KERASYS REPAIRING DUO 2 PRODUTOS 2X200ML,Fallback_Erro_LLM,KIT KERASYS REPAIRING DUO 2 PRODUTOS 2X200ML
38,HAIR DRESS ATIVARE PROTETOR TERMICO FRETE GRATIS P PRANCHAS,Fallback_Erro_LLM,HAIR DRESS ATIVARE PROTETOR TERMICO FRETE GRATIS P PRANCHAS
38,HAIR DRESS ATIVARE PROTETOR TERMICO FRETE GRATIS P PRANCHAS,Fallback_Erro_LLM,HAIR DRESS ATIVARE PROTETOR TERMICO FRETE GRATIS P PRANCHAS
38,HAIR DRESS ATIVARE PROTETOR TERMICO FRETE GRATIS P PRANCHAS,Fallback_Erro_LLM,HAIR DRESS ATIVARE PROTETOR TERMICO FRETE GRATIS P PRANCHAS
38,HAIR DRESS ATIVARE PROTETOR TERMICO FRETE GRATIS P PRANCHAS,Fallback_Erro_LLM,HAIR DRESS ATIVARE PROTETOR TERMICO FRETE GRATIS P PRANCHAS
38,HAIR DRESS ATIVARE PROTETOR TERMICO FRETE GRATIS P PRANCHAS,Fallback_Erro_LLM,HAIR DRESS ATIVARE PROTETOR TERMICO FRETE GRATIS P PRANCHAS
38,HAIR DRESS ATIVARE PROTETOR TERMICO FRETE GRATIS P PRANCHAS,Fallback_Erro_LLM,HAIR DRESS ATIVARE PROTETOR TERMICO FRETE GRATIS P PRANCHAS
39,KIT ENGROSSA CABELO FIOS MAIS ENCORPADOS E VOLUMOSOS HASKELL,Fallback_Erro_LLM,KIT ENGROSSA CABELO FIOS MAIS ENCORPADOS E VOLUMOSOS HASKELL
39,KIT ENGROSSA CABELO FIOS MAIS ENCORPADOS E VOLUMOSOS HASKELL,Fallback_Erro_LLM,KIT ENGROSSA CABELO FIOS MAIS ENCORPADOS E VOLUMOSOS HASKELL
39,KIT ENGROSSA CABELO FIOS MAIS ENCORPADOS E VOLUMOSOS HASKELL,Fallback_Erro_LLM,KIT ENGROSSA CABELO FIOS MAIS ENCORPADOS E VOLUMOSOS HASKELL
39,KIT ENGROSSA CABELO FIOS MAIS ENCORPADOS E VOLUMOSOS HASKELL,Fallback_Erro_LLM,KIT ENGROSSA CABELO FIOS MAIS ENCORPADOS E VOLUMOSOS HASKELL
39,KIT ENGROSSA CABELO FIOS MAIS ENCORPADOS E VOLUMOSOS HASKELL,Fallback_Erro_LLM,KIT ENGROSSA CABELO FIOS MAIS ENCORPADOS E VOLUMOSOS HASKELL
39,KIT ENGROSSA CABELO FIOS MAIS ENCORPADOS E VOLUMOSOS HASKELL,Fallback_Erro_LLM,KIT ENGROSSA CABELO FIOS MAIS ENCORPADOS E VOLUMOSOS HASKELL
40,CONDICIONADOR OIL REFLECTIONS WELLA PROFISSIONALS 200ML,Abreviacao,COND. OIL REFLECTIONS WELLA PROF. 200ML
40,CONDICIONADOR OIL REFLECTIONS WELLA PROFISSIONALS 200ML,Abreviacao,CONDICIONADOR OIL REFLECT. WELLA PROFIS. 200ML
40,CONDICIONADOR OIL REFLECTIONS WELLA PROFISSIONALS 200ML,Notacao_Unidades,"CONDICIONADOR OIL REFLECTIONS WELLA PROFISSIONALS 0,2L"
40,CONDICIONADOR OIL REFLECTIONS WELLA PROFISSIONALS 200ML,Notacao_Unidades,CONDICIONADOR OIL REFLECTIONS WELLA PROFISSIONALS 200 mililitros
40,CONDICIONADOR OIL REFLECTIONS WELLA PROFISSIONALS 200ML,Erro_Digitacao,CONDICIONADOR OIL REFLECTOINS WELLA PROFISSIONALS 200ML
40,CONDICIONADOR OIL REFLECTIONS WELLA PROFISSIONALS 200ML,Erro_Digitacao,CONDICIONADOR OIL REFLECTIONS WELLA PROFISSONAIS 200ML
41,KIT TRUSS FRIZZ ZERO LAVAGEM CAPILAR SHAMPOO CONDICIONADOR,Abreviacao,KIT TRUSS FRIZZ ZERO LAV. CAP. SHAMP. COND.
41,KIT TRUSS FRIZZ ZERO LAVAGEM CAPILAR SHAMPOO CONDICIONADOR,Abreviacao,KIT TRUSS FRIZZ ZERO LAVAGEM CAP. SHAMPOO CONDIC.
41,KIT TRUSS FRIZZ ZERO LAVAGEM CAPILAR SHAMPOO CONDICIONADOR,Notacao_Unidades,KIT TRUSS FRIZZ ZERO LAVAGEM CAPILAR SHAMPOO CONDICIONADOR 1un
41,KIT TRUSS FRIZZ ZERO LAVAGEM CAPILAR SHAMPOO CONDICIONADOR,Notacao_Unidades,KIT TRUSS FRIZZ ZERO LAVAGEM CAPILAR SHAMPOO CONDICIONADOR 01 unidade
41,KIT TRUSS FRIZZ ZERO LAVAGEM CAPILAR SHAMPOO CONDICIONADOR,Erro_Digitacao,KIT TRUSS FRIZZ ZERO LAVAGEM CAPILAR SHAMPOO CONDICIONADRO
41,KIT TRUSS FRIZZ ZERO LAVAGEM CAPILAR SHAMPOO CONDICIONADOR,Erro_Digitacao,KIT TRUSS FRIZZ ZREO LAVAGEM CAPILAR SHAMPOO CONDICIONADOR
42,LEAVE IN LOLA COSMETICS DANOS VORAZES 200ML,Abreviacao,LEAVE IN LOLA COSM. DANOS VORAZES 200ML
42,LEAVE IN LOLA COSMETICS DANOS VORAZES 200ML,Abreviacao,LEAVE IN LOLA COSMET. DANOS VORAZES 200ML
42,LEAVE IN LOLA COSMETICS DANOS VORAZES 200ML,Notacao_Unidades,"LEAVE IN LOLA COSMETICS DANOS VORAZES 0,2L"
42,LEAVE IN LOLA COSMETICS DANOS VORAZES 200ML,Notacao_Unidades,LEAVE IN LOLA COSMETICS DANOS VORAZES 200 mililitros
42,LEAVE IN LOLA COSMETICS DANOS VORAZES 200ML,Erro_Digitacao,LEAVE IN LOLA COSMETICS DANOS VORAZES 200LM
42,LEAVE IN LOLA COSMETICS DANOS VORAZES 200ML,Erro_Digitacao,LEAVE IN LOLA COSMETICS DANOS VORZASE 200ML
43,KIT ANEETHUN CACHOS SYSTEM SHAMPOO 300ML MASCARA 500G,Abreviacao,KIT ANEETHUN CACHOS SYS. SHAMP. 300ML MASC. 500G
43,KIT ANEETHUN CACHOS SYSTEM SHAMPOO 300ML MASCARA 500G,Abreviacao,KIT ANEETHUN CACHOS SYSTEM SHAMP. 300ML MASCARA 500G
43,KIT ANEETHUN CACHOS SYSTEM SHAMPOO 300ML MASCARA 500G,Notacao_Unidades,"KIT ANEETHUN CACHOS SYSTEM SHAMPOO 0,3L MASCARA 0,5kg"
43,KIT ANEETHUN CACHOS SYSTEM SHAMPOO 300ML MASCARA 500G,Notacao_Unidades,KIT ANEETHUN CACHOS SYSTEM SHAMPOO 300 mililitros MASCARA 500 gramas
43,KIT ANEETHUN CACHOS SYSTEM SHAMPOO 300ML MASCARA 500G,Erro_Digitacao,KIT ANEETHUN CACHOS SYSTEM SHAMPOO 300ML MASCARA 500G
43,KIT ANEETHUN CACHOS SYSTEM SHAMPOO 300ML MASCARA 500G,Erro_Digitacao,KIT ANEETHUN CACHOS SYSTEM SHAMPOO 300ML MASCARA 500G
44,KIT EICO DESLISA FIOS TRATAMENTO HIDRATACO CAPILAR COMPLETO,Abreviacao,KIT EICO DESLISA FIOS TRAT. HIDRAT. CAPILAR COMPL.
44,KIT EICO DESLISA FIOS TRATAMENTO HIDRATACO CAPILAR COMPLETO,Abreviacao,KIT EICO DESLISA FIOS TRATAMENTO HIDRAT. CAPILAR COMPLETO
44,KIT EICO DESLISA FIOS TRATAMENTO HIDRATACO CAPILAR COMPLETO,Notacao_Unidades,KIT EICO DESLISA FIOS TRATAMENTO HIDRATACO CAPILAR COMPLETO 1 kit
44,KIT EICO DESLISA FIOS TRATAMENTO HIDRATACO CAPILAR COMPLETO,Notacao_Unidades,KIT EICO DESLISA FIOS TRATAMENTO HIDRATACO CAPILAR COMPLETO 01 conjunto
44,KIT EICO DESLISA FIOS TRATAMENTO HIDRATACO CAPILAR COMPLETO,Erro_Digitacao,KIT EICO DESLISA FIOS TRATAMENTO HIDRATACO CAPILAR COMPELTO
44,KIT EICO DESLISA FIOS TRATAMENTO HIDRATACO CAPILAR COMPLETO,Erro_Digitacao,KIT EICO DESLISA FIOS TRATAMENTO HIDRATACO CAPILAR COMPLEOT
45,JOHN FRIEDA SHEER BLONDE HIGHLIGHT ACTIVATING SHAMPOO COND,Abreviacao,JOHN FRIEDA SHEER BLONDE HIGHLIGHT ACTIV. SHAMP. COND.
45,JOHN FRIEDA SHEER BLONDE HIGHLIGHT ACTIVATING SHAMPOO COND,Abreviacao,J. FRIEDA SHEER BLONDE HIGHLIGHT ACTIVATING SHAMPOO COND.
45,JOHN FRIEDA SHEER BLONDE HIGHLIGHT ACTIVATING SHAMPOO COND,Notacao_Unidades,"JOHN FRIEDA SHEER BLONDE HIGHLIGHT ACTIVATING SHAMPOO COND 0,001L"
45,JOHN FRIEDA SHEER BLONDE HIGHLIGHT ACTIVATING SHAMPOO COND,Notacao_Unidades,JOHN FRIEDA SHEER BLONDE HIGHLIGHT ACTIVATING SHAMPOO COND 1 un
45,JOHN FRIEDA SHEER BLONDE HIGHLIGHT ACTIVATING SHAMPOO COND,Erro_Digitacao,JOHM FRIEDA SHEER BLONDE HIGHLIGHT ACTIVATING SHAMPOO COND
45,JOHN FRIEDA SHEER BLONDE HIGHLIGHT ACTIVATING SHAMPOO COND,Erro_Digitacao,JOHN FRIEDA SHEER BLONDE HIGHLIGHT ACTIVATING SHAMPOO CONDD
46,NIOXIN SISTEMA 4 SHAMPOO 1000ML,Abreviacao,NIOXIN SIST. 4 SHAMP. 1000ML
46,NIOXIN SISTEMA 4 SHAMPOO 1000ML,Abreviacao,NIOXIN SISTEMA 4 SHAMP. 1L
46,NIOXIN SISTEMA 4 SHAMPOO 1000ML,Notacao_Unidades,NIOXIN SISTEMA 4 SHAMPOO 1L
46,NIOXIN SISTEMA 4 SHAMPOO 1000ML,Notacao_Unidades,NIOXIN SISTEMA 4 SHAMPOO 1000 mililitros
46,NIOXIN SISTEMA 4 SHAMPOO 1000ML,Erro_Digitacao,NIOXIN SISTEMA 4 SHAMPOO 1000ML
46,NIOXIN SISTEMA 4 SHAMPOO 1000ML,Erro_Digitacao,NIOXIN SISTEMA 4 SHAMPOO 1000LM
47,FIXADOR CHARMING EXTRA FORTE 400ML C 3 UNIDADES,Abreviacao,FIX. CHARMING EXTRA FORTE 400ML C 3 UN.
47,FIXADOR CHARMING EXTRA FORTE 400ML C 3 UNIDADES,Abreviacao,FIXADOR CHARMING EXTRA FORTE 400ML C 3 UNID.
47,FIXADOR CHARMING EXTRA FORTE 400ML C 3 UNIDADES,Notacao_Unidades,"FIXADOR CHARMING EXTRA FORTE 0,4L C 3 UNIDADES"
47,FIXADOR CHARMING EXTRA FORTE 400ML C 3 UNIDADES,Notacao_Unidades,FIXADOR CHARMING EXTRA FORTE 400 mililitros C 3 UNIDADES
47,FIXADOR CHARMING EXTRA FORTE 400ML C 3 UNIDADES,Erro_Digitacao,FIXADOR CHARMING EXRTA FORTE 400ML C 3 UNIDADES
47,FIXADOR CHARMING EXTRA FORTE 400ML C 3 UNIDADES,Erro_Digitacao,FIXADOR CHARMING EXTRA FORTE 400ML C 3 UNIDDADES
48,PROMOCO PROGRESSIVA NOVA FIO GOLD SPELL 2 BRINDES,Abreviacao,PROM. PROGRESSIVA NOVA FIO GOLD SPELL 2 BRINDES
48,PROMOCO PROGRESSIVA NOVA FIO GOLD SPELL 2 BRINDES,Abreviacao,PROMOCO PROGRESSIVA NOVA FIO GOLD SPELL 2 BRIND.
48,PROMOCO PROGRESSIVA NOVA FIO GOLD SPELL 2 BRINDES,Notacao_Unidades,PROMOCO PROGRESSIVA NOVA FIO GOLD SPELL 2 unidades BRINDES
48,PROMOCO PROGRESSIVA NOVA FIO GOLD SPELL 2 BRINDES,Notacao_Unidades,PROMOCO PROGRESSIVA NOVA FIO GOLD SPELL 2 un. BRINDES
48,PROMOCO PROGRESSIVA NOVA FIO GOLD SPELL 2 BRINDES,Erro_Digitacao,PROMOCO PRIGRESSIVA NOVA FIO GOLD SPELL 2 BRINDES
48,PROMOCO PROGRESSIVA NOVA FIO GOLD SPELL 2 BRINDES,Erro_Digitacao,PROMOCO PROGRESSIVA NOVA FIO GOLD SPELL 2 BRINDESSS
49,NEW TRIVITT PROFISSIONAL SHAMPOO 1L E LEAVE IN 250ML,Abreviacao,NEW TRIVITT PROF. SHAMP. 1L E LEAVE IN 250ML
49,NEW TRIVITT PROFISSIONAL SHAMPOO 1L E LEAVE IN 250ML,Abreviacao,NEW TRIVITT PROFISSIONAL SHAMP. 1L E LEAVE IN 250ML
49,NEW TRIVITT PROFISSIONAL SHAMPOO 1L E LEAVE IN 250ML,Notacao_Unidades,"NEW TRIVITT PROFISSIONAL SHAMPOO 1000ML E LEAVE IN 0,25L"
49,NEW TRIVITT PROFISSIONAL SHAMPOO 1L E LEAVE IN 250ML,Notacao_Unidades,NEW TRIVITT PROFISSIONAL SHAMPOO 1L E LEAVE IN 250 mililitros
49,NEW TRIVITT PROFISSIONAL SHAMPOO 1L E LEAVE IN 250ML,Erro_Digitacao,NEW TRIVITT PROFISSIONAL SHAMPOO 1L E LEAVE IN 250ML
49,NEW TRIVITT PROFISSIONAL SHAMPOO 1L E LEAVE IN 250ML,Erro_Digitacao,NEW TRIVITT PROFISSONAL SHAMPOO 1L E LEAVE IN 250ML
50,ESCOVA PROGRESSIVA PROFISSIONAL LIZZI COCO PARA LOIROS,Abreviacao,ESCOVA PROG. PROF. LIZZI COCO P/ LOIROS
50,ESCOVA PROGRESSIVA PROFISSIONAL LIZZI COCO PARA LOIROS,Abreviacao,ESCOVA PROGR. PROFISS. LIZZI COCO P/ LOIRAS
50,ESCOVA PROGRESSIVA PROFISSIONAL LIZZI COCO PARA LOIROS,Notacao_Unidades,ESCOVA PROGRESSIVA PROFISSIONAL LIZZI COCO PARA LOIROS 1UN
50,ESCOVA PROGRESSIVA PROFISSIONAL LIZZI COCO PARA LOIROS,Notacao_Unidades,ESCOVA PROGRESSIVA PROFISSIONAL LIZZI COCO PARA LOIROS PACK-1
50,ESCOVA PROGRESSIVA PROFISSIONAL LIZZI COCO PARA LOIROS,Erro_Digitacao,ESCOVA PROGRESIVA PROFISIONAL LIZZI COCO PARA LOIROS
50,ESCOVA PROGRESSIVA PROFISSIONAL LIZZI COCO PARA LOIROS,Erro_Digitacao,ESCOVA PROGRESSIVA PROFISSIONAL LIZZI COCO PARA LOIROSZ
51,KIT CRONOGRAMA CAPILAR,Abreviacao,KIT CRON. CAPILAR
51,KIT CRONOGRAMA CAPILAR,Abreviacao,KIT CRONOG. CAP.
51,KIT CRONOGRAMA CAPILAR,Notacao_Unidades,KIT CRONOGRAMA CAPILAR 1 CONJUNTO
51,KIT CRONOGRAMA CAPILAR,Notacao_Unidades,KIT CRONOGRAMA CAPILAR 1 PC
51,KIT CRONOGRAMA CAPILAR,Erro_Digitacao,KIT CRONOGRAMA CAPILRA
51,KIT CRONOGRAMA CAPILAR,Erro_Digitacao,KIT CRONOGRMMA CAPILAR
52,SEBASTIAN PROFESSIONAL FLOW POTION 9 CREME MODELADOR 50ML,Abreviacao,SEBASTIAN PROF. FLOW POTION 9 CREME MODEL. 50ML
52,SEBASTIAN PROFESSIONAL FLOW POTION 9 CREME MODELADOR 50ML,Abreviacao,SEBASTIAN PROFISS. FLOW POTION 9 CR. MODELADOR 50ML
52,SEBASTIAN PROFESSIONAL FLOW POTION 9 CREME MODELADOR 50ML,Notacao_Unidades,"SEBASTIAN PROFESSIONAL FLOW POTION 9 CREME MODELADOR 0,05L"
52,SEBASTIAN PROFESSIONAL FLOW POTION 9 CREME MODELADOR 50ML,Notacao_Unidades,SEBASTIAN PROFESSIONAL FLOW POTION 9 CREME MODELADOR 50 mililitros
52,SEBASTIAN PROFESSIONAL FLOW POTION 9 CREME MODELADOR 50ML,Erro_Digitacao,SEBASTIAN PROFESIONAL FLOW POTION 9 CREME MODELADOR 50ML
52,SEBASTIAN PROFESSIONAL FLOW POTION 9 CREME MODELADOR 50ML,Erro_Digitacao,SEBASTIAN PROFESSIONAL FLOW POTION 9 CREME MODELADRO 50ML
53,SHAMPOO ENGROSSADOR ANTIQUEDA TIO NACHO 415ML KIT C3UN,Abreviacao,SHAMP. ENGROSSADOR ANTIQUEDA TIO NACHO 415ML KIT C/3
53,SHAMPOO ENGROSSADOR ANTIQUEDA TIO NACHO 415ML KIT C3UN,Abreviacao,SHAMPOO ENGROSS. ANTIQ. TIO NACHO 415ML KIT C3UN
53,SHAMPOO ENGROSSADOR ANTIQUEDA TIO NACHO 415ML KIT C3UN,Notacao_Unidades,"SHAMPOO ENGROSSADOR ANTIQUEDA TIO NACHO 0,415L KIT C3UN"
53,SHAMPOO ENGROSSADOR ANTIQUEDA TIO NACHO 415ML KIT C3UN,Notacao_Unidades,SHAMPOO ENGROSSADOR ANTIQUEDA TIO NACHO 415 mililitros KIT C3UN
53,SHAMPOO ENGROSSADOR ANTIQUEDA TIO NACHO 415ML KIT C3UN,Erro_Digitacao,SHAMPOO ENGROSSADOR ANTIQUEDA TIO NACHO 415LM KIT C3UN
53,SHAMPOO ENGROSSADOR ANTIQUEDA TIO NACHO 415ML KIT C3UN,Erro_Digitacao,SHAMPOO ENGROSSADOR ANTIQUEDA TIO NACHO 451ML KIT C3UN
54,KIT SHAMPOO OIL ABSOLUTE E MASCARA HIDRATANTE ANEETHUN LITRO,Abreviacao,KIT SHAMP. OIL ABSOLUTE E MASC. HIDRAT. ANEETHUN LITRO
54,KIT SHAMPOO OIL ABSOLUTE E MASCARA HIDRATANTE ANEETHUN LITRO,Abreviacao,KIT SHAMPOO OIL ABS. E MASCARA HIDRAT. ANEETHUN 1L
54,KIT SHAMPOO OIL ABSOLUTE E MASCARA HIDRATANTE ANEETHUN LITRO,Notacao_Unidades,KIT SHAMPOO OIL ABSOLUTE E MASCARA HIDRATANTE ANEETHUN 1000ML
54,KIT SHAMPOO OIL ABSOLUTE E MASCARA HIDRATANTE ANEETHUN LITRO,Notacao_Unidades,KIT SHAMPOO OIL ABSOLUTE E MASCARA HIDRATANTE ANEETHUN 1 QUILO
54,KIT SHAMPOO OIL ABSOLUTE E MASCARA HIDRATANTE ANEETHUN LITRO,Erro_Digitacao,KIT SHAMPOO OIL ABSOLUTE E MASCARA HIDRATANTE ANEETHUN LITROO
54,KIT SHAMPOO OIL ABSOLUTE E MASCARA HIDRATANTE ANEETHUN LITRO,Erro_Digitacao,KIT SHAMPOO OIL ABSOLUTE E MASCARA HIDRATANTE ANEETUHN LITRO
55,COMBO 3 PASSO 2 ZAP ME LEVA MAIS DETOX ORIGINAL,Abreviacao,CMB 3 PASSO 2 ZAP ME LEVA MAIS DTX ORIG
55,COMBO 3 PASSO 2 ZAP ME LEVA MAIS DETOX ORIGINAL,Abreviacao,COMBO 3 PSS 2 ZAP ME LEVA MAIS DETOX ORIG
55,COMBO 3 PASSO 2 ZAP ME LEVA MAIS DETOX ORIGINAL,Notacao_Unidades,COMBO 3 PASSO 2 ZAP ME LEVA MAIS DETOX ORIGINAL 1un
55,COMBO 3 PASSO 2 ZAP ME LEVA MAIS DETOX ORIGINAL,Notacao_Unidades,COMBO 3 PASSO 2 ZAP ME LEVA MAIS DETOX ORIGINAL unitario
55,COMBO 3 PASSO 2 ZAP ME LEVA MAIS DETOX ORIGINAL,Erro_Digitacao,COMBO 3 PASSO 2 ZAP ME LEVA MAIS DETOX ORIGNAL
55,COMBO 3 PASSO 2 ZAP ME LEVA MAIS DETOX ORIGINAL,Erro_Digitacao,COMBO 3 PASSO 2 ZAP ME LEVA MAIS DETXO ORIGINAL
56,GLYNETT KIT ESCOVA PROGRESSIVA DE PARIS,Abreviacao,GLYNETT KIT ESC PROG DE PARIS
56,GLYNETT KIT ESCOVA PROGRESSIVA DE PARIS,Abreviacao,GLYNETT KIT ESCOVA PROG DE PARIS
56,GLYNETT KIT ESCOVA PROGRESSIVA DE PARIS,Notacao_Unidades,GLYNETT KIT ESCOVA PROGRESSIVA DE PARIS 1 kit
56,GLYNETT KIT ESCOVA PROGRESSIVA DE PARIS,Notacao_Unidades,GLYNETT KIT ESCOVA PROGRESSIVA DE PARIS unidade
56,GLYNETT KIT ESCOVA PROGRESSIVA DE PARIS,Erro_Digitacao,GLYNET KIT ESCOVA PROGRESSIVA DE PARIS
56,GLYNETT KIT ESCOVA PROGRESSIVA DE PARIS,Erro_Digitacao,GLYNETT KIT ESCOVA PROGRESIVA DE PARIS
57,KIT MACPAUL SAFE BLOND SHAMPOO E MASCARA MATIZADORA,Abreviacao,KIT MACPAUL SAFE BLOND SHAMP E MASC MATIZ
57,KIT MACPAUL SAFE BLOND SHAMPOO E MASCARA MATIZADORA,Abreviacao,KIT MACPAUL SAFE BLOND SHAMPOO E MASC MATIZ
57,KIT MACPAUL SAFE BLOND SHAMPOO E MASCARA MATIZADORA,Notacao_Unidades,KIT MACPAUL SAFE BLOND SHAMPOO E MASCARA MATIZADORA 2 pecas
57,KIT MACPAUL SAFE BLOND SHAMPOO E MASCARA MATIZADORA,Notacao_Unidades,KIT MACPAUL SAFE BLOND SHAMPOO E MASCARA MATIZADORA 2 itens
57,KIT MACPAUL SAFE BLOND SHAMPOO E MASCARA MATIZADORA,Erro_Digitacao,KIT MACPAUL SAFE BLOND SHAMPO E MASCARA MATIZADORA
57,KIT MACPAUL SAFE BLOND SHAMPOO E MASCARA MATIZADORA,Erro_Digitacao,KIT MACPAUL SAFE BLOND SHAMPOO E MASCARA MATIZADROA
58,AMLA EM PO SELANTE MILENAR INDIANO PRODUTOS CABELO OFERTA,Abreviacao,AMLA EM PO SELANTE MILENAR IND PROD CABELO OFRT
58,AMLA EM PO SELANTE MILENAR INDIANO PRODUTOS CABELO OFERTA,Abreviacao,AMLA EM PO SELANTE MILENAR IND PRODUTOS CBL OFERTA
58,AMLA EM PO SELANTE MILENAR INDIANO PRODUTOS CABELO OFERTA,Notacao_Unidades,AMLA EM PO SELANTE MILENAR INDIANO PRODUTOS CABELO OFERTA 1 pct
58,AMLA EM PO SELANTE MILENAR INDIANO PRODUTOS CABELO OFERTA,Notacao_Unidades,AMLA EM PO SELANTE MILENAR INDIANO PRODUTOS CABELO OFERTA 1 emb
58,AMLA EM PO SELANTE MILENAR INDIANO PRODUTOS CABELO OFERTA,Erro_Digitacao,AMLA EM PO SELANTE MILENAR IDNIANO PRODUTOS CABELO OFERTA
58,AMLA EM PO SELANTE MILENAR INDIANO PRODUTOS CABELO OFERTA,Erro_Digitacao,AMLA EM PO SELANTE MILENAR INDIANO PRODUTOS CABELO OFRETA
59,KIT OH MY DIAS DE QUEDA DIAS DE GLORIA 300ML 3 ITENS,Abreviacao,KIT OH MY DIAS DE QUEDA DIAS DE GLORIA 300ML 3 ITNS
59,KIT OH MY DIAS DE QUEDA DIAS DE GLORIA 300ML 3 ITENS,Abreviacao,KIT OH MY DIAS DE QDA DIAS DE GLORIA 300ML 3 ITENS
59,KIT OH MY DIAS DE QUEDA DIAS DE GLORIA 300ML 3 ITENS,Notacao_Unidades,"KIT OH MY DIAS DE QUEDA DIAS DE GLORIA 0,3L 3 ITENS"
59,KIT OH MY DIAS DE QUEDA DIAS DE GLORIA 300ML 3 ITENS,Notacao_Unidades,KIT OH MY DIAS DE QUEDA DIAS DE GLORIA 300 mililitros 3 ITENS
59,KIT OH MY DIAS DE QUEDA DIAS DE GLORIA 300ML 3 ITENS,Erro_Digitacao,KIT OH MY DIAS DE QUEDA DIAS DE GLORIA 300ML 3 ITNES
59,KIT OH MY DIAS DE QUEDA DIAS DE GLORIA 300ML 3 ITENS,Erro_Digitacao,KIT OH MY DIAS DE QUEDA DIAS DE GLROIA 300ML 3 ITENS
60,RIGOLIM HAIR PERFECT CREAM POMADA MODELADORA 150G,Abreviacao,RIGOLIM HAIR PERFECT CREAM POM. MODEL. 150G
60,RIGOLIM HAIR PERFECT CREAM POMADA MODELADORA 150G,Abreviacao,RIGOLIM HAIR PERFECT CREAM POMADA MOD. 150G
60,RIGOLIM HAIR PERFECT CREAM POMADA MODELADORA 150G,Notacao_Unidades,"RIGOLIM HAIR PERFECT CREAM POMADA MODELADORA 0,15KG"
60,RIGOLIM HAIR PERFECT CREAM POMADA MODELADORA 150G,Notacao_Unidades,RIGOLIM HAIR PERFECT CREAM POMADA MODELADORA 150 gramas
60,RIGOLIM HAIR PERFECT CREAM POMADA MODELADORA 150G,Erro_Digitacao,RIGOLIM HAIR PEERFECT CREAM POMADA MODELADORA 150G
60,RIGOLIM HAIR PERFECT CREAM POMADA MODELADORA 150G,Erro_Digitacao,RIGOLIM HAIR PERFECT CREAM POMADA MODELADORA 150Gg
61,MASCARA HIDRATANTE SHAMPOO PROGRESSIVA KARSEELL 500ML,Abreviacao,MASC. HIDRAT. SHAMPOO PROGRESSIVA KARSEELL 500ML
61,MASCARA HIDRATANTE SHAMPOO PROGRESSIVA KARSEELL 500ML,Abreviacao,MASCARA HIDRATANTE SHAMPOO PROG. KARSEELL 500ML
61,MASCARA HIDRATANTE SHAMPOO PROGRESSIVA KARSEELL 500ML,Notacao_Unidades,"MASCARA HIDRATANTE SHAMPOO PROGRESSIVA KARSEELL 0,5L"
61,MASCARA HIDRATANTE SHAMPOO PROGRESSIVA KARSEELL 500ML,Notacao_Unidades,MASCARA HIDRATANTE SHAMPOO PROGRESSIVA KARSEELL 500 mililitros
61,MASCARA HIDRATANTE SHAMPOO PROGRESSIVA KARSEELL 500ML,Erro_Digitacao,MASCARA HIDRATANTE SHAMPOO PROGRESIVA KARSEELL 500ML
61,MASCARA HIDRATANTE SHAMPOO PROGRESSIVA KARSEELL 500ML,Erro_Digitacao,MASCARA HIDRATANTE SHAMPOO PROGRESSIVA KARSEELL 500LM
62,REALINHAMENTO PROLISS 3D 1L MYTOX 1KG SOS 1KG MYPHIOS,Abreviacao,REALINHAMENTO PROLISS 3D 1L MYTOX 1KG SOS 1KG MYPHIOS
62,REALINHAMENTO PROLISS 3D 1L MYTOX 1KG SOS 1KG MYPHIOS,Abreviacao,REALINHAMENTO PROLISS 3D 1L MYTOX 1KG SOS 1KG MYPHIOS
62,REALINHAMENTO PROLISS 3D 1L MYTOX 1KG SOS 1KG MYPHIOS,Notacao_Unidades,REALINHAMENTO PROLISS 3D 1000ML MYTOX 1000G SOS 1000G MYPHIOS
62,REALINHAMENTO PROLISS 3D 1L MYTOX 1KG SOS 1KG MYPHIOS,Notacao_Unidades,REALINHAMENTO PROLISS 3D 1L MYTOX 1000 gramas SOS 1000 gramas MYPHIOS
62,REALINHAMENTO PROLISS 3D 1L MYTOX 1KG SOS 1KG MYPHIOS,Erro_Digitacao,REALINHAMENTO PROLISS 3D 1L MYTOX 1KG SOS 1KG MYPHIOSS
62,REALINHAMENTO PROLISS 3D 1L MYTOX 1KG SOS 1KG MYPHIOS,Erro_Digitacao,REALINHAMENTO PROLISS 3D 1L MYTOXX 1KG SOS 1KG MYPHIOS
63,PROTETOR SOLAR SUNTECH FPS 50 180G,Abreviacao,PROT. SOLAR SUNTECH FPS 50 180G
63,PROTETOR SOLAR SUNTECH FPS 50 180G,Abreviacao,PROTETOR SOLAR SUNTECH FPS 50 180G
63,PROTETOR SOLAR SUNTECH FPS 50 180G,Notacao_Unidades,"PROTETOR SOLAR SUNTECH FPS 50 0,18KG"
63,PROTETOR SOLAR SUNTECH FPS 50 180G,Notacao_Unidades,PROTETOR SOLAR SUNTECH FPS 50 180 gramas
63,PROTETOR SOLAR SUNTECH FPS 50 180G,Erro_Digitacao,PROTETOR SOLAR SUNTEHC FPS 50 180G
63,PROTETOR SOLAR SUNTECH FPS 50 180G,Erro_Digitacao,PROTETOR SOLAR SUNTECH FPS 50 180Gg
64,KIT ESCOVA DEFINITIVA TERYNE SISTEMA ALISA AFRO,Abreviacao,KIT ESCOVA DEF. TERYNE SISTEMA ALISA AFRO
64,KIT ESCOVA DEFINITIVA TERYNE SISTEMA ALISA AFRO,Abreviacao,KIT ESCOVA DEFINITIVA TERYNE SIST. ALISA AFRO
64,KIT ESCOVA DEFINITIVA TERYNE SISTEMA ALISA AFRO,Notacao_Unidades,KIT ESCOVA DEFINITIVA TERYNE SISTEMA ALISA AFRO
64,KIT ESCOVA DEFINITIVA TERYNE SISTEMA ALISA AFRO,Notacao_Unidades,KIT ESCOVA DEFINITIVA TERYNE SISTEMA ALISA AFRO
64,KIT ESCOVA DEFINITIVA TERYNE SISTEMA ALISA AFRO,Erro_Digitacao,KIT ESCOVA DEFINITIVA TERYNE SISTEMA ALISA AFROO
64,KIT ESCOVA DEFINITIVA TERYNE SISTEMA ALISA AFRO,Erro_Digitacao,KIT ESCOVA DEFINITIVA TERYNE SISTEMA ALISA AFRO
65,KIT YELLOW REPAIR REESTRUTURANTE SHAMPOO 1500 E MASCARA 1L,Abreviacao,KIT YELLOW REPAIR REESTRUT. SHAMPOO 1500 E MASC. 1L
65,KIT YELLOW REPAIR REESTRUTURANTE SHAMPOO 1500 E MASCARA 1L,Abreviacao,KIT YEL. REPAIR REESTRUTURANTE SHAMP. 1500 E MASC. 1L
65,KIT YELLOW REPAIR REESTRUTURANTE SHAMPOO 1500 E MASCARA 1L,Notacao_Unidades,"KIT YELLOW REPAIR REESTRUTURANTE SHAMPOO 1,5L E MASCARA 1000ML"
65,KIT YELLOW REPAIR REESTRUTURANTE SHAMPOO 1500 E MASCARA 1L,Notacao_Unidades,KIT YELLOW REPAIR REESTRUTURANTE SHAMPOO 1500ml E MASCARA 1 litros
65,KIT YELLOW REPAIR REESTRUTURANTE SHAMPOO 1500 E MASCARA 1L,Erro_Digitacao,KIT YELLWO REPAIR REESTRUTURANTE SHAMPOO 1500 E MASCARA 1L
65,KIT YELLOW REPAIR REESTRUTURANTE SHAMPOO 1500 E MASCARA 1L,Erro_Digitacao,KIT YELLOW REPAIR REESTRUTURANTE SHAMPOO 1500 E MASCRAA 1L
66,EXO HAIR EXOPLASTIA CAPILAR SELAGEM 500ML SHAMPOO BRINDE,Abreviacao,EXO HAIR EXOPLASTIA CAPILAR SELAG. 500ML SHAMP. BRINDE
66,EXO HAIR EXOPLASTIA CAPILAR SELAGEM 500ML SHAMPOO BRINDE,Abreviacao,EXO HAIR EXOPLASTIA CAP. SELAGEM 500ML SHAMP. BRINDE
66,EXO HAIR EXOPLASTIA CAPILAR SELAGEM 500ML SHAMPOO BRINDE,Notacao_Unidades,"EXO HAIR EXOPLASTIA CAPILAR SELAGEM 0,5L SHAMPOO BRINDE"
66,EXO HAIR EXOPLASTIA CAPILAR SELAGEM 500ML SHAMPOO BRINDE,Notacao_Unidades,EXO HAIR EXOPLASTIA CAPILAR SELAGEM 500 mililitros SHAMPOO BRINDE
66,EXO HAIR EXOPLASTIA CAPILAR SELAGEM 500ML SHAMPOO BRINDE,Erro_Digitacao,EXO HAIR EXOPLASTIA CAPILRA SELAGEM 500ML SHAMPOO BRINDE
66,EXO HAIR EXOPLASTIA CAPILAR SELAGEM 500ML SHAMPOO BRINDE,Erro_Digitacao,EXO HAIR EXOPLASTIA CAPILAR SELAGME 500ML SHAMPOO BRINDE
67,SHAMPOO E CONDICIONADOR PROFISSIONAL YELLOW REPAIR 500ML,Abreviacao,SHAMP. E COND. PROFISSIONAL YELLOW REPAIR 500ML
67,SHAMPOO E CONDICIONADOR PROFISSIONAL YELLOW REPAIR 500ML,Abreviacao,SHAMPOO E CONDIC. PROFISS. YELLOW REPAIR 500ML
67,SHAMPOO E CONDICIONADOR PROFISSIONAL YELLOW REPAIR 500ML,Notacao_Unidades,"SHAMPOO E CONDICIONADOR PROFISSIONAL YELLOW REPAIR 0,5L"
67,SHAMPOO E CONDICIONADOR PROFISSIONAL YELLOW REPAIR 500ML,Notacao_Unidades,SHAMPOO E CONDICIONADOR PROFISSIONAL YELLOW REPAIR 500 mililitros
67,SHAMPOO E CONDICIONADOR PROFISSIONAL YELLOW REPAIR 500ML,Erro_Digitacao,SHAMPOO E CONDICIONADOR PROFISISONAL YELLOW REPAIR 500ML
67,SHAMPOO E CONDICIONADOR PROFISSIONAL YELLOW REPAIR 500ML,Erro_Digitacao,SHAMPOO E CONDICIONADOR PROFISSIONAL YELLOW REAPIR 500ML
68,WELLA KIT OIL REFLECTIONS SHAMPOO 1000ML E MASCARA 500ML,Abreviacao,WELLA KIT OIL REFLECT. SHAMPOO 1000ML E MASC. 500ML
68,WELLA KIT OIL REFLECTIONS SHAMPOO 1000ML E MASCARA 500ML,Abreviacao,WELLA KIT OIL REFLECTIONS SHAMP. 1000ML E MASC. 500ML
68,WELLA KIT OIL REFLECTIONS SHAMPOO 1000ML E MASCARA 500ML,Notacao_Unidades,"WELLA KIT OIL REFLECTIONS SHAMPOO 1L E MASCARA 0,5L"
68,WELLA KIT OIL REFLECTIONS SHAMPOO 1000ML E MASCARA 500ML,Notacao_Unidades,WELLA KIT OIL REFLECTIONS SHAMPOO 1000 mililitros E MASCARA 500 mililitros
68,WELLA KIT OIL REFLECTIONS SHAMPOO 1000ML E MASCARA 500ML,Erro_Digitacao,WELLA KIT OIL REFELCTIONS SHAMPOO 1000ML E MASCARA 500ML
68,WELLA KIT OIL REFLECTIONS SHAMPOO 1000ML E MASCARA 500ML,Erro_Digitacao,WELLA KIT OIL REFLECTIONS SHAMPOO 1000ML E MASACRA 500ML
69,KIT 2 LEAVE IN HASKELL CREME DE PENTEAR CAVALO FORTE 150G,Abreviacao,KIT 2 LEAVE IN HASKELL CREME DE PENT. CAVALO FORTE 150G
69,KIT 2 LEAVE IN HASKELL CREME DE PENTEAR CAVALO FORTE 150G,Abreviacao,KIT 2 LEAVE IN HASKELL CR. DE PENTEAR CAVALO FORTE 150G
69,KIT 2 LEAVE IN HASKELL CREME DE PENTEAR CAVALO FORTE 150G,Notacao_Unidades,"KIT 2 LEAVE IN HASKELL CREME DE PENTEAR CAVALO FORTE 0,15kg"
69,KIT 2 LEAVE IN HASKELL CREME DE PENTEAR CAVALO FORTE 150G,Notacao_Unidades,KIT 2 LEAVE IN HASKELL CREME DE PENTEAR CAVALO FORTE 150 gramas
69,KIT 2 LEAVE IN HASKELL CREME DE PENTEAR CAVALO FORTE 150G,Erro_Digitacao,KIT 2 LEAVE IN HASKELL CREME DE PENTEAR CAVALO FROTE 150G
69,KIT 2 LEAVE IN HASKELL CREME DE PENTEAR CAVALO FORTE 150G,Erro_Digitacao,KIT 2 LEAVE IN HASKELL CRMEE DE PENTEAR CAVALO FORTE 150G
70,KIT SHAMPOO E COND 1L JABORANDI ANTIQUEDA BIO EXTRATUS,Abreviacao,KIT SHAMP E COND 1L JABO ANTIQ BIO EXTRATUS
70,KIT SHAMPOO E COND 1L JABORANDI ANTIQUEDA BIO EXTRATUS,Abreviacao,KIT SHAMPOO E COND 1L JABORANDI ANTIQ BIO EXT
70,KIT SHAMPOO E COND 1L JABORANDI ANTIQUEDA BIO EXTRATUS,Notacao_Unidades,KIT SHAMPOO E COND 1000ML JABORANDI ANTIQUEDA BIO EXTRATUS
70,KIT SHAMPOO E COND 1L JABORANDI ANTIQUEDA BIO EXTRATUS,Notacao_Unidades,KIT SHAMPOO E COND 1 Litro JABORANDI ANTIQUEDA BIO EXTRATUS
70,KIT SHAMPOO E COND 1L JABORANDI ANTIQUEDA BIO EXTRATUS,Erro_Digitacao,KIT SHAMPOO E COND 1L JABORANDI ANTIIQUEDA BIO EXTRATUS
70,KIT SHAMPOO E COND 1L JABORANDI ANTIQUEDA BIO EXTRATUS,Erro_Digitacao,KIT SHAMPOO E COND 1L JABORANDI ANTIQUEDA BIO EXTRATUUS
71,BIOPLASTIA CAPILAR PROGRESSIVA SEM FORMOL RESVERA VITTA,Abreviacao,BIOPLAST CAPILAR PROGR SEM FORMOL RESVERA VITTA
71,BIOPLASTIA CAPILAR PROGRESSIVA SEM FORMOL RESVERA VITTA,Abreviacao,BIOPLASTIA CAPILAR PROG SEM FORMOL RESV VITTA
71,BIOPLASTIA CAPILAR PROGRESSIVA SEM FORMOL RESVERA VITTA,Notacao_Unidades,BIOPLASTIA CAPILAR PROGRESSIVA SEM FORMOL RESVERA VITTA 1un
71,BIOPLASTIA CAPILAR PROGRESSIVA SEM FORMOL RESVERA VITTA,Notacao_Unidades,BIOPLASTIA CAPILAR PROGRESSIVA SEM FORMOL RESVERA VITTA UNIT
71,BIOPLASTIA CAPILAR PROGRESSIVA SEM FORMOL RESVERA VITTA,Erro_Digitacao,BIOPLASTIA CAPILAR PROGRESIVA SEM FORMOL RESVERA VITTA
71,BIOPLASTIA CAPILAR PROGRESSIVA SEM FORMOL RESVERA VITTA,Erro_Digitacao,BIOPLASTIA CAPILAR PROGRESSIVA SEM FORMOL RESVERA VITA
72,BONEQUINHA ESCANDALOSA 3 KITS DE 2 X 1 LITRO,Abreviacao,BONEQUINHA ESCANDALOSA 3 KITS DE 2 X 1 L
72,BONEQUINHA ESCANDALOSA 3 KITS DE 2 X 1 LITRO,Abreviacao,BONEQ ESCANDALOSA 3 KITS DE 2 X 1 LITRO
72,BONEQUINHA ESCANDALOSA 3 KITS DE 2 X 1 LITRO,Notacao_Unidades,BONEQUINHA ESCANDALOSA 3 KITS DE 2 X 1000ML
72,BONEQUINHA ESCANDALOSA 3 KITS DE 2 X 1 LITRO,Notacao_Unidades,BONEQUINHA ESCANDALOSA 3 KITS DE 2 X 1000 ml
72,BONEQUINHA ESCANDALOSA 3 KITS DE 2 X 1 LITRO,Erro_Digitacao,BONEQUINHA ESCANDALOSA 3 KITS DE 2 X 1 LITROO
72,BONEQUINHA ESCANDALOSA 3 KITS DE 2 X 1 LITRO,Erro_Digitacao,BONEQUINHA ESCANDALOSA 3 KITS DE 2 X 1 LTIRO
73,KIT LINHA A SPRAY MULTIBENEFICIOS,Abreviacao,KIT LINHA A SPRAY MULTIBENEF
73,KIT LINHA A SPRAY MULTIBENEFICIOS,Abreviacao,KIT LINHA A SPRAY MULTIBENEFIC
73,KIT LINHA A SPRAY MULTIBENEFICIOS,Notacao_Unidades,KIT LINHA A SPRAY MULTIBENEFICIOS 1 UNIDADE
73,KIT LINHA A SPRAY MULTIBENEFICIOS,Notacao_Unidades,KIT LINHA A SPRAY MULTIBENEFICIOS 1 ITEM
73,KIT LINHA A SPRAY MULTIBENEFICIOS,Erro_Digitacao,KIT LINHA A SPRAY MULTIBENEFICIOSSS
73,KIT LINHA A SPRAY MULTIBENEFICIOS,Erro_Digitacao,KIT LINHA A SPRAY MULTIBENEFICIOOS
74,CONDICIONADOR INOAR CICATRIFIOS PLASTICA CAPILAR 1 LITRO,Abreviacao,COND INOAR CICATRIFIOS PLAST CAPILAR 1 LITRO
74,CONDICIONADOR INOAR CICATRIFIOS PLASTICA CAPILAR 1 LITRO,Abreviacao,CONDICIONADOR INOAR CICATRIFIOS PLASTICA CAP 1 LITRO
74,CONDICIONADOR INOAR CICATRIFIOS PLASTICA CAPILAR 1 LITRO,Notacao_Unidades,CONDICIONADOR INOAR CICATRIFIOS PLASTICA CAPILAR 1000ML
74,CONDICIONADOR INOAR CICATRIFIOS PLASTICA CAPILAR 1 LITRO,Notacao_Unidades,CONDICIONADOR INOAR CICATRIFIOS PLASTICA CAPILAR 1000 ml
74,CONDICIONADOR INOAR CICATRIFIOS PLASTICA CAPILAR 1 LITRO,Erro_Digitacao,CONDICIONADOR INOAR CICATRIFIOS PLASTICA CAPILAR 1 LTIRO
74,CONDICIONADOR INOAR CICATRIFIOS PLASTICA CAPILAR 1 LITRO,Erro_Digitacao,CONDICIONADOR INOAR CICATRIFIOS PLASTICA CAPILAR 1 LITROO
75,KIT REDKEN ALL SOFT SHAMPOO 1L E CONDICIONADOR 1L,Abreviacao,KIT REDKEN ALL SOFT SHAM 1L E COND 1L
75,KIT REDKEN ALL SOFT SHAMPOO 1L E CONDICIONADOR 1L,Abreviacao,KIT REDKEN ALL SOFT SHAMP 1L E CONDIC 1L
75,KIT REDKEN ALL SOFT SHAMPOO 1L E CONDICIONADOR 1L,Notacao_Unidades,KIT REDKEN ALL SOFT SHAMPOO 1000ml E CONDICIONADOR 1000ml
75,KIT REDKEN ALL SOFT SHAMPOO 1L E CONDICIONADOR 1L,Notacao_Unidades,KIT REDKEN ALL SOFT SHAMPOO 1L E CONDICIONADOR 1L (2x 1000ml)
75,KIT REDKEN ALL SOFT SHAMPOO 1L E CONDICIONADOR 1L,Erro_Digitacao,KIT REDKEN ALL SOFT SHAMPOO 1L E CONDICIONADOR 1L
75,KIT REDKEN ALL SOFT SHAMPOO 1L E CONDICIONADOR 1L,Erro_Digitacao,KIT REDKEN ALL SOFT SHAMPOO 1L E CONDIICONADOR 1L
76,5 SHAMPOO ESCURECEDOR CABELOS BRANCOS GRISALHOS ACTIVECOLOR,Abreviacao,5 SHAMP ESCUREC CABELOS BRANCOS GRISALHOS ACTIVECOLOR
76,5 SHAMPOO ESCURECEDOR CABELOS BRANCOS GRISALHOS ACTIVECOLOR,Abreviacao,5 SHAMPOO ESCURECEDOR CAB BRANCOS GRIS ACTIVECOLOR
76,5 SHAMPOO ESCURECEDOR CABELOS BRANCOS GRISALHOS ACTIVECOLOR,Notacao_Unidades,KIT COM 5 UNIDADES SHAMPOO ESCURECEDOR CABELOS BRANCOS GRISALHOS ACTIVECOLOR
76,5 SHAMPOO ESCURECEDOR CABELOS BRANCOS GRISALHOS ACTIVECOLOR,Notacao_Unidades,5X SHAMPOO ESCURECEDOR CABELOS BRANCOS GRISALHOS ACTIVECOLOR
76,5 SHAMPOO ESCURECEDOR CABELOS BRANCOS GRISALHOS ACTIVECOLOR,Erro_Digitacao,5 SHAMPOO ESCURECEDOR CABELOS BRANCOS GRISALHOS ACTVIECOLOR
76,5 SHAMPOO ESCURECEDOR CABELOS BRANCOS GRISALHOS ACTIVECOLOR,Erro_Digitacao,5 SHAMPOO ESCURECEDOR CABELOS BRANCOS GRISALHOS ACTIVECOLRO
77,INOAR KIT SH COND MASC LEAVE IN FLOR DE LOTUS,Abreviacao,INOAR KIT SH COND MASC LEAVE IN FLOR DE LOT
77,INOAR KIT SH COND MASC LEAVE IN FLOR DE LOTUS,Abreviacao,INOAR KIT SHAM CONDIC MASCARA LEAVE IN FLOR DE LOTUS
77,INOAR KIT SH COND MASC LEAVE IN FLOR DE LOTUS,Notacao_Unidades,INOAR KIT SHAMPOO CONDICIONADOR MASCARA E LEAVE IN FLOR DE LOTUS (4 ITENS)
77,INOAR KIT SH COND MASC LEAVE IN FLOR DE LOTUS,Notacao_Unidades,INOAR KIT 4 PRODUTOS SH COND MASC LEAVE IN FLOR DE LOTUS
77,INOAR KIT SH COND MASC LEAVE IN FLOR DE LOTUS,Erro_Digitacao,INOAR KIT SH COND MASC LEAVE IN FLOR DE LOTSU
77,INOAR KIT SH COND MASC LEAVE IN FLOR DE LOTUS,Erro_Digitacao,INOAR KIT SH COND MASC LEAVE IN FLRO DE LOTUS
78,KIT BTOX CAPILAR PROGRESSIVA S FORMOL BIOBOTOX OJON BLINDENE,Abreviacao,KIT BTOX CAPILAR PROGR S FORMOL BIOBOTOX OJON BLINDENE
78,KIT BTOX CAPILAR PROGRESSIVA S FORMOL BIOBOTOX OJON BLINDENE,Abreviacao,KIT BTOX CAPILAR PROGRESSIVA S FORMOL BIOBOTOX OJON BLIND
78,KIT BTOX CAPILAR PROGRESSIVA S FORMOL BIOBOTOX OJON BLINDENE,Notacao_Unidades,KIT BTOX CAPILAR PROGRESSIVA SEM FORMOL BIOBOTOX OJON BLINDENE (1 UNIDADE)
78,KIT BTOX CAPILAR PROGRESSIVA S FORMOL BIOBOTOX OJON BLINDENE,Notacao_Unidades,KIT BTOX CAPILAR PROGRESSIVA S FORMOL BIOBOTOX OJON BLINDENE 1 UNID
78,KIT BTOX CAPILAR PROGRESSIVA S FORMOL BIOBOTOX OJON BLINDENE,Erro_Digitacao,KIT BTOX CAPILAR PROGRESSVIA S FORMOL BIOBOTOX OJON BLINDENE
78,KIT BTOX CAPILAR PROGRESSIVA S FORMOL BIOBOTOX OJON BLINDENE,Erro_Digitacao,KIT BTOX CAPILAR PROGRESSIVA S FORMOL BIOBOTOX OJON BLIDNENE
79,CAUTERIZACO PROFISSIONAL RECONSTRUCO XFACTOR VEZZO 1 LITRO,Abreviacao,CAUTERIZ PROFISSIONAL RECONSTR XFACTOR VEZZO 1L
79,CAUTERIZACO PROFISSIONAL RECONSTRUCO XFACTOR VEZZO 1 LITRO,Abreviacao,CAUTERIZACAO PROF RECONSTRUCAO XFACTOR VEZZO 1L
79,CAUTERIZACO PROFISSIONAL RECONSTRUCO XFACTOR VEZZO 1 LITRO,Notacao_Unidades,CAUTERIZACO PROFISSIONAL RECONSTRUCO XFACTOR VEZZO 1000ml
79,CAUTERIZACO PROFISSIONAL RECONSTRUCO XFACTOR VEZZO 1 LITRO,Notacao_Unidades,CAUTERIZACO PROFISSIONAL RECONSTRUCO XFACTOR VEZZO 1 KILO
79,CAUTERIZACO PROFISSIONAL RECONSTRUCO XFACTOR VEZZO 1 LITRO,Erro_Digitacao,CAUTERIZACO PROFISSIONAL RECONSTRUCO XFACTOR VEZZO 1 LITOR
79,CAUTERIZACO PROFISSIONAL RECONSTRUCO XFACTOR VEZZO 1 LITRO,Erro_Digitacao,CAUTERIZACO PROFISSIONAL RECONSTRCUO XFACTOR VEZZO 1 LITRO
80,JAPINHA PR0GRESSIVA ORGNICA SEM FORMOL LISO EXTREMO 1 LITRO,Abreviacao,JAPINHA PROG. ORGAN. SEM FORMOL LISO EXTREMO 1 LITRO
80,JAPINHA PR0GRESSIVA ORGNICA SEM FORMOL LISO EXTREMO 1 LITRO,Abreviacao,JAPINHA PROG. ORG. S/ FORMOL LISO EXT. 1L
80,JAPINHA PR0GRESSIVA ORGNICA SEM FORMOL LISO EXTREMO 1 LITRO,Notacao_Unidades,JAPINHA PR0GRESSIVA ORGNICA SEM FORMOL LISO EXTREMO 1000ML
80,JAPINHA PR0GRESSIVA ORGNICA SEM FORMOL LISO EXTREMO 1 LITRO,Notacao_Unidades,JAPINHA PR0GRESSIVA ORGNICA SEM FORMOL LISO EXTREMO 1000 CM3
80,JAPINHA PR0GRESSIVA ORGNICA SEM FORMOL LISO EXTREMO 1 LITRO,Erro_Digitacao,JAPINHA PR0GRESSIVA ORGNICA SEM FORMOL LISO EXTREM0 1 LITRO
80,JAPINHA PR0GRESSIVA ORGNICA SEM FORMOL LISO EXTREMO 1 LITRO,Erro_Digitacao,JAPINHA PR0GRESSIVA ORGNICA SEM FORMOL LISO EXTREMO 1 LTIRO
81,COMBO SIGE HAIR PLASTIA 4 ITENS,Abreviacao,CMB SIGE HAIR PLASTIA 4 IT.
81,COMBO SIGE HAIR PLASTIA 4 ITENS,Abreviacao,COMBO SIGE HAIR PLAST. 4 UN.
81,COMBO SIGE HAIR PLASTIA 4 ITENS,Notacao_Unidades,COMBO SIGE HAIR PLASTIA 4 PCS
81,COMBO SIGE HAIR PLASTIA 4 ITENS,Notacao_Unidades,COMBO SIGE HAIR PLASTIA 4 KITS
81,COMBO SIGE HAIR PLASTIA 4 ITENS,Erro_Digitacao,CBMIO SIGE HAIR PLASTIA 4 ITENS
81,COMBO SIGE HAIR PLASTIA 4 ITENS,Erro_Digitacao,COMBO SIGE HAIR PLASTIA 4 ITENSS
82,ESCOVA PROGRESSIVA SEM FORMOL ORGANIC SOUL CARE PROFISSIONAL,Abreviacao,ESC. PROG. SEM FORMOL ORGANIC SOUL CARE PROF.
82,ESCOVA PROGRESSIVA SEM FORMOL ORGANIC SOUL CARE PROFISSIONAL,Abreviacao,ESCOVA PROG. S/ FORMOL ORGANIC SOUL CARE PROFISSION.
82,ESCOVA PROGRESSIVA SEM FORMOL ORGANIC SOUL CARE PROFISSIONAL,Notacao_Unidades,ESCOVA PROGRESSIVA SEM FORMOL ORGANIC SOUL CARE PROFISSIONAL 1 UN
82,ESCOVA PROGRESSIVA SEM FORMOL ORGANIC SOUL CARE PROFISSIONAL,Notacao_Unidades,ESCOVA PROGRESSIVA SEM FORMOL ORGANIC SOUL CARE PROFISSIONAL 1 KIT
82,ESCOVA PROGRESSIVA SEM FORMOL ORGANIC SOUL CARE PROFISSIONAL,Erro_Digitacao,ESCOVA PRIGRESSIVA SEM FORMOL ORGANIC SOUL CARE PROFISSIONAL
82,ESCOVA PROGRESSIVA SEM FORMOL ORGANIC SOUL CARE PROFISSIONAL,Erro_Digitacao,ESCOVA PROGRESSIVA SEM FORMOL ORGANIC SOUL CARE PROFISSIONLA
83,2 ESCOVA PROGRESSIVA PAIOLLA PASSO2 CTIM SELAGEM CAPILAR 1L,Abreviacao,2 ESC. PROG. PAIOLLA PASSO2 CTIM SELAG. CAP. 1L
83,2 ESCOVA PROGRESSIVA PAIOLLA PASSO2 CTIM SELAGEM CAPILAR 1L,Abreviacao,2 ESCOVA PROG. PAIOLLA PASSO2 CTIM SELAGEM CAP. 1LT
83,2 ESCOVA PROGRESSIVA PAIOLLA PASSO2 CTIM SELAGEM CAPILAR 1L,Notacao_Unidades,2 ESCOVA PROGRESSIVA PAIOLLA PASSO2 CTIM SELAGEM CAPILAR 1000ML
83,2 ESCOVA PROGRESSIVA PAIOLLA PASSO2 CTIM SELAGEM CAPILAR 1L,Notacao_Unidades,2 ESCOVA PROGRESSIVA PAIOLLA PASSO2 CTIM SELAGEM CAPILAR 1000 CM3
83,2 ESCOVA PROGRESSIVA PAIOLLA PASSO2 CTIM SELAGEM CAPILAR 1L,Erro_Digitacao,2 ESCOVA PRIGRESSIVA PAIOLLA PASSO2 CTIM SELAGEM CAPILAR 1L
83,2 ESCOVA PROGRESSIVA PAIOLLA PASSO2 CTIM SELAGEM CAPILAR 1L,Erro_Digitacao,2 ESCOVA PROGRESSIVA PAIOLLA PASSO2 CTIM SELAGEM CAPILRA 1L
84,TOUCA DESCARTAVEL TNT 500UN HIGIENICA PROTECO ESTETICA FULL,Abreviacao,TOUCA DESC. TNT 500UN HIG. PROTEC. ESTET. FULL
84,TOUCA DESCARTAVEL TNT 500UN HIGIENICA PROTECO ESTETICA FULL,Abreviacao,TOUCA DESCART. TNT 500UN HIGIEN. PROTEC. ESTETICA FULL
84,TOUCA DESCARTAVEL TNT 500UN HIGIENICA PROTECO ESTETICA FULL,Notacao_Unidades,"TOUCA DESCARTAVEL TNT 0,5 MIL UN HIGIENICA PROTECO ESTETICA FULL"
84,TOUCA DESCARTAVEL TNT 500UN HIGIENICA PROTECO ESTETICA FULL,Notacao_Unidades,TOUCA DESCARTAVEL TNT 5 CENTENAS UN HIGIENICA PROTECO ESTETICA FULL
84,TOUCA DESCARTAVEL TNT 500UN HIGIENICA PROTECO ESTETICA FULL,Erro_Digitacao,TOUCA DESCARTAVLE TNT 500UN HIGIENICA PROTECO ESTETICA FULL
84,TOUCA DESCARTAVEL TNT 500UN HIGIENICA PROTECO ESTETICA FULL,Erro_Digitacao,TOUCA DESCARTAVEL TNT 500UN HIGIENICA PROTECO ESTETICA FUL
85,MASCARA CINZA BLOND SYSTEM 250G,Abreviacao,MASC. CINZA BLOND SYSTEM 250G
85,MASCARA CINZA BLOND SYSTEM 250G,Abreviacao,MASCARA CINZA BLOND SYST. 250G
85,MASCARA CINZA BLOND SYSTEM 250G,Notacao_Unidades,"MASCARA CINZA BLOND SYSTEM 0,25KG"
85,MASCARA CINZA BLOND SYSTEM 250G,Notacao_Unidades,MASCARA CINZA BLOND SYSTEM 250 gramas
85,MASCARA CINZA BLOND SYSTEM 250G,Erro_Digitacao,MASCARA CINZA BLOND SYTEM 250G
85,MASCARA CINZA BLOND SYSTEM 250G,Erro_Digitacao,MASCARA CINZA BLOND SYSTME 250G
86,BORABELLA SELAGEM 3D ORGNICA BTOX BORATOX 1 KILO,Abreviacao,BORABELLA SELAG. 3D ORGNICA BTOX BORATOX 1 KG
86,BORABELLA SELAGEM 3D ORGNICA BTOX BORATOX 1 KILO,Abreviacao,BORABELLA SELAGEM 3D ORG. BTOX BORATOX 1 KG
86,BORABELLA SELAGEM 3D ORGNICA BTOX BORATOX 1 KILO,Notacao_Unidades,BORABELLA SELAGEM 3D ORGNICA BTOX BORATOX 1000G
86,BORABELLA SELAGEM 3D ORGNICA BTOX BORATOX 1 KILO,Notacao_Unidades,BORABELLA SELAGEM 3D ORGNICA BTOX BORATOX 1000 gramas
86,BORABELLA SELAGEM 3D ORGNICA BTOX BORATOX 1 KILO,Erro_Digitacao,BORABELLA SELAGEM 3D ORGNICA BTOX BORTAOX 1 KILO
86,BORABELLA SELAGEM 3D ORGNICA BTOX BORATOX 1 KILO,Erro_Digitacao,BORABELLA SELAGEM 3D ORGNICA BTOX BORATOX 1 KILOO
87,CHINESA KIT ESCOVA PROGRESSIVA NOVA EMBALAGEM 2X1000ML QUALQ,Abreviacao,CHINESA KIT ESC. PROG. NOVA EMB. 2X1000ML QUALQ
87,CHINESA KIT ESCOVA PROGRESSIVA NOVA EMBALAGEM 2X1000ML QUALQ,Abreviacao,CHINESA KIT ESCOVA PROG. NOVA EMBAL. 2X1000ML QUALQ
87,CHINESA KIT ESCOVA PROGRESSIVA NOVA EMBALAGEM 2X1000ML QUALQ,Notacao_Unidades,CHINESA KIT ESCOVA PROGRESSIVA NOVA EMBALAGEM 2X1L
87,CHINESA KIT ESCOVA PROGRESSIVA NOVA EMBALAGEM 2X1000ML QUALQ,Notacao_Unidades,CHINESA KIT ESCOVA PROGRESSIVA NOVA EMBALAGEM 2000ML
87,CHINESA KIT ESCOVA PROGRESSIVA NOVA EMBALAGEM 2X1000ML QUALQ,Erro_Digitacao,CHINESA KIT ESCOVA PROGRESIVA NOVA EMBALAGEM 2X1000ML QUALQ
87,CHINESA KIT ESCOVA PROGRESSIVA NOVA EMBALAGEM 2X1000ML QUALQ,Erro_Digitacao,CHINESA KIT ESCOVA PROGRESSIVA NOVA EMBALAGEM 2X1000ML QULAQ
88,PROGRESSIVA SELAGEM ONIXX FREE K10 LISO PERFEITO ONIXX,Abreviacao,PROG. SELAGEM ONIXX FREE K10 LISO PERF. ONIXX
88,PROGRESSIVA SELAGEM ONIXX FREE K10 LISO PERFEITO ONIXX,Abreviacao,PROGRESSIVA SELAG. ONIXX FREE K10 LISO PERFEITO ONIXX
88,PROGRESSIVA SELAGEM ONIXX FREE K10 LISO PERFEITO ONIXX,Notacao_Unidades,PROGRESSIVA SELAGEM ONIXX FREE K10 LISO PERFEITO ONIXX 1 unidade
88,PROGRESSIVA SELAGEM ONIXX FREE K10 LISO PERFEITO ONIXX,Notacao_Unidades,PROGRESSIVA SELAGEM ONIXX FREE K10 LISO PERFEITO ONIXX 1 un
88,PROGRESSIVA SELAGEM ONIXX FREE K10 LISO PERFEITO ONIXX,Erro_Digitacao,PROGRESSIVA SELAGEM ONIXX FREE K10 LISO PERFEITO ONIX
88,PROGRESSIVA SELAGEM ONIXX FREE K10 LISO PERFEITO ONIXX,Erro_Digitacao,PROGRESSIVA SELAGEM ONIXX FREE K10 LISO PERFEITO ONIXX.
89,AGILISE KIT SHAMPOO E RECONSTRUTOR K1 PEROLA ANTI FRIZZ,Abreviacao,AGILISE KIT SHAMP. E RECONSTR. K1 PEROLA ANTI FRIZZ
89,AGILISE KIT SHAMPOO E RECONSTRUTOR K1 PEROLA ANTI FRIZZ,Abreviacao,AGILISE KIT SHAMPOO E RECONSTRUTOR K1 PEROLA ANTI FR.
89,AGILISE KIT SHAMPOO E RECONSTRUTOR K1 PEROLA ANTI FRIZZ,Notacao_Unidades,AGILISE KIT SHAMPOO E RECONSTRUTOR K1 PEROLA ANTI FRIZZ 1 kit
89,AGILISE KIT SHAMPOO E RECONSTRUTOR K1 PEROLA ANTI FRIZZ,Notacao_Unidades,AGILISE KIT SHAMPOO E RECONSTRUTOR K1 PEROLA ANTI FRIZZ 1 jogo
89,AGILISE KIT SHAMPOO E RECONSTRUTOR K1 PEROLA ANTI FRIZZ,Erro_Digitacao,AGILISE KIT SHAMPOO E RECONSTRUTOR K1 PEROLA ANIT FRIZZ
89,AGILISE KIT SHAMPOO E RECONSTRUTOR K1 PEROLA ANTI FRIZZ,Erro_Digitacao,AGILISE KIT SHAMPOO E RECONSTRUTOR K1 PEROLA ANTI FRIZ
90,KIT C 10UN HEN DA AMAZNIA EM GEL PRETO MEDIO 180G,Abreviacao,KIT C 10UN HEN DA AMZN EM GEL PRETO MED 180G
90,KIT C 10UN HEN DA AMAZNIA EM GEL PRETO MEDIO 180G,Abreviacao,KIT C 10UN HEN DA AMAZ EM GEL PT MED 180G
90,KIT C 10UN HEN DA AMAZNIA EM GEL PRETO MEDIO 180G,Notacao_Unidades,"KIT C 10UN HEN DA AMAZNIA EM GEL PRETO MEDIO 0,18KG"
90,KIT C 10UN HEN DA AMAZNIA EM GEL PRETO MEDIO 180G,Notacao_Unidades,KIT C 10UN HEN DA AMAZNIA EM GEL PRETO MEDIO 180 gramas
90,KIT C 10UN HEN DA AMAZNIA EM GEL PRETO MEDIO 180G,Erro_Digitacao,KIT C 10UN HEN DA AMAZNIA EM GEL PRETO MEDOI 180G
90,KIT C 10UN HEN DA AMAZNIA EM GEL PRETO MEDIO 180G,Erro_Digitacao,KIT C 10UN HEN DA AMAZNIA EM GEL PRETO MEDIO 180Gq
91,KIT RUIVA COBRE EFFECT AMEND FLAMINGO RAPOSINHA KAMALEO,Abreviacao,KIT RUIVA COBRE EFF AMEND FLAMINGO RAPOSINHA KAMAL
91,KIT RUIVA COBRE EFFECT AMEND FLAMINGO RAPOSINHA KAMALEO,Abreviacao,KIT RUIVA COBRE EFFECT AMEND FLAMINGO RAPOS KAMALEO
91,KIT RUIVA COBRE EFFECT AMEND FLAMINGO RAPOSINHA KAMALEO,Notacao_Unidades,KIT RUIVA COBRE EFFECT AMEND FLAMINGO RAPOSINHA KAMALEO 1UN
91,KIT RUIVA COBRE EFFECT AMEND FLAMINGO RAPOSINHA KAMALEO,Notacao_Unidades,KIT RUIVA COBRE EFFECT AMEND FLAMINGO RAPOSINHA KAMALEO 1 KIT
91,KIT RUIVA COBRE EFFECT AMEND FLAMINGO RAPOSINHA KAMALEO,Erro_Digitacao,KIT RUIVA COBRE EFFECT AMEND FLAMINGO RAPOSINHA KAMLAAEO
91,KIT RUIVA COBRE EFFECT AMEND FLAMINGO RAPOSINHA KAMALEO,Erro_Digitacao,KIT RUIVA COBRE EFFECT AMEND FLAMINGO RAPOSINHA KAMALE O
92,TRATAMENTO REPARACO TOTAL 7 EM 1 SHOCK STREAM ARAMATH,Abreviacao,TRAT REPAR TOTAL 7 EM 1 SHOCK STREAM ARAMATH
92,TRATAMENTO REPARACO TOTAL 7 EM 1 SHOCK STREAM ARAMATH,Abreviacao,TRATAMENTO REPARACAO TOTAL 7 EM 1 SHOCK STREAM ARAM
92,TRATAMENTO REPARACO TOTAL 7 EM 1 SHOCK STREAM ARAMATH,Notacao_Unidades,TRATAMENTO REPARACO TOTAL 7 EM 1 SHOCK STREAM ARAMATH 1UNID
92,TRATAMENTO REPARACO TOTAL 7 EM 1 SHOCK STREAM ARAMATH,Notacao_Unidades,TRATAMENTO REPARACO TOTAL 7 EM 1 SHOCK STREAM ARAMATH 1 UN
92,TRATAMENTO REPARACO TOTAL 7 EM 1 SHOCK STREAM ARAMATH,Erro_Digitacao,TRATAMENTO REPARACO TOTAL 7 EM 1 SHOCK SREAM TREAM ARAMATH
92,TRATAMENTO REPARACO TOTAL 7 EM 1 SHOCK STREAM ARAMATH,Erro_Digitacao,TRATAMENTO REPARACO TOTAL 7 EM 1 SHOCK STREAM ARAMAT H
93,KIT PLANCTON BTX ORGHANIC REDUCO DE VOLUME ENVIO RAPIDO,Abreviacao,KIT PLANCTON BTX ORG REDUCAO VOL ENVIO RAP
93,KIT PLANCTON BTX ORGHANIC REDUCO DE VOLUME ENVIO RAPIDO,Abreviacao,KIT PLANCTON BTX ORGHANIC REDUCO DE VOL ENVIO RAP
93,KIT PLANCTON BTX ORGHANIC REDUCO DE VOLUME ENVIO RAPIDO,Notacao_Unidades,KIT PLANCTON BTX ORGHANIC REDUCO DE VOLUME ENVIO RAPIDO 1 KIT
93,KIT PLANCTON BTX ORGHANIC REDUCO DE VOLUME ENVIO RAPIDO,Notacao_Unidades,KIT PLANCTON BTX ORGHANIC REDUCO DE VOLUME ENVIO RAPIDO 1UN
93,KIT PLANCTON BTX ORGHANIC REDUCO DE VOLUME ENVIO RAPIDO,Erro_Digitacao,KIT PLANCTON BTX ORGHANIC REDUCO DE VOLUME ENVIO RAPIOD
93,KIT PLANCTON BTX ORGHANIC REDUCO DE VOLUME ENVIO RAPIDO,Erro_Digitacao,KIT PLANCTON BTX ORGHANIC REDUCO DE VOLUME ENIVIO RAPIDO
94,CCRP CARVO ATIVADO HOME CARE 300ML RP ROBSON PELUQUERO,Abreviacao,CCRP CARVO ATIVADO HOME CARE 300ML RP ROBSON PEL
94,CCRP CARVO ATIVADO HOME CARE 300ML RP ROBSON PELUQUERO,Abreviacao,CCRP CARVO ATIVADO H CARE 300ML RP ROBSON PELUQUERO
94,CCRP CARVO ATIVADO HOME CARE 300ML RP ROBSON PELUQUERO,Notacao_Unidades,"CCRP CARVO ATIVADO HOME CARE 0,3L RP ROBSON PELUQUERO"
94,CCRP CARVO ATIVADO HOME CARE 300ML RP ROBSON PELUQUERO,Notacao_Unidades,CCRP CARVO ATIVADO HOME CARE 300 mililitros RP ROBSON PELUQUERO
94,CCRP CARVO ATIVADO HOME CARE 300ML RP ROBSON PELUQUERO,Erro_Digitacao,CCRP CARVO ATIVADO HOME CARE 300ML RP ROBSON PELUQUEROO
94,CCRP CARVO ATIVADO HOME CARE 300ML RP ROBSON PELUQUERO,Erro_Digitacao,CCRP CARVO ATIVADO HOME CARE 300ML RP ROBOSN PELUQUERO
95,12 SERUM ARGAN OIL 50 ML FINALIZADOR REPARADOR ANTI FRIZZ,Abreviacao,12 SERUM ARGAN OIL 50 ML FINAL. REPAR. ANTI FRIZZ
95,12 SERUM ARGAN OIL 50 ML FINALIZADOR REPARADOR ANTI FRIZZ,Abreviacao,12 SERUM ARGAN OIL 50 ML FIN. REPARADOR ANTI-F.
95,12 SERUM ARGAN OIL 50 ML FINALIZADOR REPARADOR ANTI FRIZZ,Notacao_Unidades,"12 SERUM ARGAN OIL 0,05L FINALIZADOR REPARADOR ANTI FRIZZ"
95,12 SERUM ARGAN OIL 50 ML FINALIZADOR REPARADOR ANTI FRIZZ,Notacao_Unidades,12 SERUM ARGAN OIL 50 mililitros FINALIZADOR REPARADOR ANTI FRIZZ
95,12 SERUM ARGAN OIL 50 ML FINALIZADOR REPARADOR ANTI FRIZZ,Erro_Digitacao,12 SERUM ARGAN OIL 50 ML FINALIZADOR REPARADRO ANTI FRIZZ
95,12 SERUM ARGAN OIL 50 ML FINALIZADOR REPARADOR ANTI FRIZZ,Erro_Digitacao,12 SERUM ARGAN OIL 50 ML FINALIZADRO REPARADOR ANTI FRIIZ
96,EXOPLASTIA CAPILAR EXO HAIR 1 E 2 500ML SELAGEM PROGRESSIVA,Abreviacao,EXOPLASTIA CAPILAR EXO HAIR 1 E 2 500ML SELAG. PROGR.
96,EXOPLASTIA CAPILAR EXO HAIR 1 E 2 500ML SELAGEM PROGRESSIVA,Abreviacao,EXOPLASTIA CAP. EXO HAIR 1 E 2 500ML SELAGEM PROGR.
96,EXOPLASTIA CAPILAR EXO HAIR 1 E 2 500ML SELAGEM PROGRESSIVA,Notacao_Unidades,"EXOPLASTIA CAPILAR EXO HAIR 1 E 2 0,5L SELAGEM PROGRESSIVA"
96,EXOPLASTIA CAPILAR EXO HAIR 1 E 2 500ML SELAGEM PROGRESSIVA,Notacao_Unidades,EXOPLASTIA CAPILAR EXO HAIR 1 E 2 500 mililitros SELAGEM PROGRESSIVA
96,EXOPLASTIA CAPILAR EXO HAIR 1 E 2 500ML SELAGEM PROGRESSIVA,Erro_Digitacao,EXOPLASTIA CAPILAR EXO HAIR 1 E 2 500ML SELAGEM PROGRESIVA
96,EXOPLASTIA CAPILAR EXO HAIR 1 E 2 500ML SELAGEM PROGRESSIVA,Erro_Digitacao,EXOPLASTIA CAPILAR EXO HAIR 1 E 2 500ML SELAGEM PROGRSSIVA
97,KIT HASKELL HIDRANUTRE SHAMPOO CONDICIONADOR E MASCARA 300,Abreviacao,KIT HASKELL HIDRANUTRE SHAMP. CONDIC. E MASCARA 300
97,KIT HASKELL HIDRANUTRE SHAMPOO CONDICIONADOR E MASCARA 300,Abreviacao,KIT HASKELL HIDRANUTRE SHAMPOO COND. E MASC. 300
97,KIT HASKELL HIDRANUTRE SHAMPOO CONDICIONADOR E MASCARA 300,Notacao_Unidades,"KIT HASKELL HIDRANUTRE SHAMPOO CONDICIONADOR E MASCARA 0,3L"
97,KIT HASKELL HIDRANUTRE SHAMPOO CONDICIONADOR E MASCARA 300,Notacao_Unidades,KIT HASKELL HIDRANUTRE SHAMPOO CONDICIONADOR E MASCARA 300 ml
97,KIT HASKELL HIDRANUTRE SHAMPOO CONDICIONADOR E MASCARA 300,Erro_Digitacao,KIT HASKELL HIDRANUTRE SHAMPOO CONDICIONADRO E MASCARA 300
97,KIT HASKELL HIDRANUTRE SHAMPOO CONDICIONADOR E MASCARA 300,Erro_Digitacao,KIT HASKELL HIDRANUTRE SHAMPOO CONDICIONADOR E MASCRARA 300
98,PROHALL CRONOGRAMA CAPILAR 3X1 HIDRATACO PROFUNDA BRINDES,Abreviacao,PROHALL CRONOGR. CAPILAR 3X1 HIDRAT. PROFUNDA BRINDES
98,PROHALL CRONOGRAMA CAPILAR 3X1 HIDRATACO PROFUNDA BRINDES,Abreviacao,PROHALL CRONOGRAMA CAP. 3X1 HIDRATACAO PROF. BRINDES
98,PROHALL CRONOGRAMA CAPILAR 3X1 HIDRATACO PROFUNDA BRINDES,Notacao_Unidades,PROHALL CRONOGRAMA CAPILAR 3 em 1 HIDRATACO PROFUNDA BRINDES
98,PROHALL CRONOGRAMA CAPILAR 3X1 HIDRATACO PROFUNDA BRINDES,Notacao_Unidades,PROHALL CRONOGRAMA CAPILAR 3/1 HIDRATACO PROFUNDA BRINDES
98,PROHALL CRONOGRAMA CAPILAR 3X1 HIDRATACO PROFUNDA BRINDES,Erro_Digitacao,PROHALL CRONOGRAMA CAPILAR 3X1 HIDRATACO PROFUNDA BRINDESSS
98,PROHALL CRONOGRAMA CAPILAR 3X1 HIDRATACO PROFUNDA BRINDES,Erro_Digitacao,PROHALL CRONOGRAMA CAPILAR 3X1 HIDRATACAO PROFUNDA BRINDES
99,6 MASCARA RECONSTRUCO EFEITO TEIA 1KG ANJORE ATACADO,Abreviacao,6 MASC. RECONSTRUCO EFEITO TEIA 1KG ANJORE ATAC.
99,6 MASCARA RECONSTRUCO EFEITO TEIA 1KG ANJORE ATACADO,Abreviacao,6 MASCARA RECONSTR. EFEITO TEIA 1KG ANJORE ATAC.
99,6 MASCARA RECONSTRUCO EFEITO TEIA 1KG ANJORE ATACADO,Notacao_Unidades,6 MASCARA RECONSTRUCO EFEITO TEIA 1000g ANJORE ATACADO
99,6 MASCARA RECONSTRUCO EFEITO TEIA 1KG ANJORE ATACADO,Notacao_Unidades,6 MASCARA RECONSTRUCO EFEITO TEIA 1 kilos ANJORE ATACADO
99,6 MASCARA RECONSTRUCO EFEITO TEIA 1KG ANJORE ATACADO,Erro_Digitacao,6 MASCARA RECONSTRUCO EFEITO TEIA 1KG ANJORE ATACADOO
99,6 MASCARA RECONSTRUCO EFEITO TEIA 1KG ANJORE ATACADO,Erro_Digitacao,6 MASCARA RECONSTRUCO EFEITO TEIA 1KG ANJORE ATACADO
