original,attacked,normalized
SHAMPOO PREVENT CETOCONAZOL ANTICASPA E COCEIRA 100ML 10UND,SHAMPOO PREVENT CETOCONAZOL ANTICASPA E COCEIRA 10UND,"SHAMPOO PREVENT CETOCONAZOL - ANTICASPA COCEIRA - 10 UNIDADES, 10 UNIDADES"
SHAMPOO PREVENT CETOCONAZOL ANTICASPA E COCEIRA 100ML 10UND,Shampoo prevent cetoconazol anticaspa e coceira 100ml 10und,"SHAMPOO PREVENT CETOCONAZOL - ANTICASPA COCEIRA - 100 MILILITROS, 10 UNIDADES"
SHAMPOO PREVENT CETOCONAZOL ANTICASPA E COCEIRA 100ML 10UND,SHAMPOO ANTICASPA COCEIRA 10UND E PREVENT 100ML CETOCONAZOL,"SHAMPOO PREVENT CETOCONAZOL - ANTICASPA COCEIRA - 10 UNIDADES, 10 UNIDADES"
SHAMPOO PREVENT CETOCONAZOL ANTICASPA E COCEIRA 100ML 10UND,SHAMPOO PREVENT CETOCONAZOL ANTICASPA E COCEIRA 100ML 10UND,"SHAMPOO PREVENT CETOCONAZOL - ANTICASPA COCEIRA - 100 MILILITROS, 10 UNIDADES"
SHAMPOO PREVENT CETOCONAZOL ANTICASPA E COCEIRA 100ML 10UND,SHAMPOO PREVDNT CEROCONAXOL ANTJCAWPA W COCEIRA 100ML 10UND,"SHAMPOO PREVENT CETOCONAZOL - ANTICASPA COCEIRA - 100 MILILITROS, 10 UNIDADES"
SHAMPOO PREVENT CETOCONAZOL ANTICASPA E COCEIRA 100ML 10UND,SHAMPOO PREVENT CETOCONAZOL ANTIDASPA E XOCEIRA 100ML 10UNF,"SHAMPOO PREVENT CETOCONAZOL ANTIDASPA E XOCEIRA - 100 MILILITROS, 10 UNIDADES"
SELANTE LET ME BE 1 LITRO CAMBUCA E PINCELLUVA,SELANTE LET ME HE 1 LITRO CSMBUCA S PINCELLUBA,SELANTE LET ME BE - 1 LITRO
SELANTE LET ME BE 1 LITRO CAMBUCA E PINCELLUVA,1 BE E ME CAMBUCA LET PINCELLUVA LITRO SELANTE,SELANTE LET ME BE - 1 UNIDADE
SELANTE LET ME BE 1 LITRO CAMBUCA E PINCELLUVA,SELANTE LET ME 1 LITRO CAMBUCA E,SELANTE LET ME - 1 LITRO
SELANTE LET ME BE 1 LITRO CAMBUCA E PINCELLUVA,LITRO BE E 1 ME LET SELANTE PINCELLUVA CAMBUCA,SELANTE LET ME BE - 1 METRO
SELANTE LET ME BE 1 LITRO CAMBUCA E PINCELLUVA,SELANFE PER ME BE 1 OITRO CAMHUCA E PINXELLUGA,SELANTE LET ME BE - CAMBUCA E PINCELUVA - 1 UNIDADE
SELANTE LET ME BE 1 LITRO CAMBUCA E PINCELLUVA,SELANTE LET ME BE 1 LITRO CAMBUCA E PINCELLUVA,SELANTE LET ME BE - CAMBUCA E PINCELUVA - 1 LITRO
KIT SHAMPO POS QUIMICA CONDICIONADOR 250ML TRIVITT,KIT SHAMPO POS QUIMICA CONDICIONADOR 250ML TRIVITT,KIT SHAMPOO TRIVITT PÓS QUÍMICA CONDICIONADOR - 250 MILILITROS
KIT SHAMPO POS QUIMICA CONDICIONADOR 250ML TRIVITT,CONDICIONADOR POS TRIVITT KIT SHAMPO 250ML QUIMICA,CONDICIONADOR TRIVITT PÓS QUÍMICA KIT SHAMPOO - 250 MILILITROS
KIT SHAMPO POS QUIMICA CONDICIONADOR 250ML TRIVITT,kit shampo pos quimica condicionador 250ml trivitt,KIT SHAMPOO TRIVITT PÓS QUÍMICA CONDICIONADOR - 250 MILILITROS
KIT SHAMPO POS QUIMICA CONDICIONADOR 250ML TRIVITT,LIT SHAMPO POZ QUIMICA XOJDICIONADLT 250ML TRIVITT,SHAMPOO TRIVITT QUÍMICA CONDICIONADOR - 250 MILILITROS
KIT SHAMPO POS QUIMICA CONDICIONADOR 250ML TRIVITT,KIF XHAMPO OOX QUIMICA COHDICIONADOR 250ML TRIVITT,SHAMPOO TRIVITT QUÍMICA CONDICIONADOR - 250 MILILITROS
KIT SHAMPO POS QUIMICA CONDICIONADOR 250ML TRIVITT,KIT SHAMPO QUIMICA CONDICIONADOR 250ML TRIVITT,SHAMPOO TRIVITT QUÍMICA CONDICIONADOR - 250 MILILITROS
KIT 2 LEAVE IN HASKELL CREME DE PENTEAR CAVALO FORTE 150G,KIT 2 LEAVE IN HASKELL CREME DE PENTEAR CAVALO 150G,LEAVE IN HASKELL CAVALO CREME DE PENTEAR - 2 LITROS
KIT 2 LEAVE IN HASKELL CREME DE PENTEAR CAVALO FORTE 150G,LEAVE 150G HASKELL CAVALO DE 2 KIT PENTEAR IN FORTE CREME,LEAVE IN HASKELL CAVALO CREME DE PENTEAR FORTE - 150 GRAMAS
KIT 2 LEAVE IN HASKELL CREME DE PENTEAR CAVALO FORTE 150G,kit 2 leave in haskell creme de pentear cavalo forte 150g,LEAVE IN HASKELL CAVALO FORTE - 2 LITROS
KIT 2 LEAVE IN HASKELL CREME DE PENTEAR CAVALO FORTE 150G,KIT 2 LRAVE IN HASKELP CREME DE PRNREAR CAVALO FORTE 150G,LEAVE IN HASKELL CAVALO FORTE - 2 LITROS
KIT 2 LEAVE IN HASKELL CREME DE PENTEAR CAVALO FORTE 150G,HASKELL 2 150G LEAVE DE IN FORTE CREME PENTEAR CAVALO KIT,LEAVE IN HASKELL CAVALO FORTE - 150 GRAMAS
KIT 2 LEAVE IN HASKELL CREME DE PENTEAR CAVALO FORTE 150G,KIT 2 LEAVE IN HASKELL CREME DE PENTEAR CAVALO FORTE 150G,LEAVE IN HASKELL CAVALO FORTE - 2 LITROS
SHAMPOO PO QUIMICA MASCARA HIDRATACO 1KG TRIVITT,SHAMPOO PO MASCARA TRIVITT,SHAMPOO MÁSCARA TRIVITT - 1 UNIDADE
SHAMPOO PO QUIMICA MASCARA HIDRATACO 1KG TRIVITT,SHAMPOO PO QUIMICA MASCARA HIDRATACO TRIVITT,SHAMPOO TRIVITT PÓS QUÍMICA HIDRATAÇÃO - 1 UNIDADE
SHAMPOO PO QUIMICA MASCARA HIDRATACO 1KG TRIVITT,shampoo po quimica mascara hidrataco 1kg trivitt,SHAMPOO TRIVITT PÓS QUÍMICA HIDRATAÇÃO - 1 QUILOGRAMA
SHAMPOO PO QUIMICA MASCARA HIDRATACO 1KG TRIVITT,SBAMPOO PO QUIMICA MASCAFA JIDRATACP 1KG TRIVITT,SHAMPOO TRIVITT PÓS QUÍMICA HIDRATAÇÃO - 1 QUILOGRAMA
SHAMPOO PO QUIMICA MASCARA HIDRATACO 1KG TRIVITT,PO SHAMPOO MASCARA QUIMICA TRIVITT 1KG HIDRATACO,SHAMPOO TRIVITT PÓS QUÍMICA HIDRATAÇÃO - 1 QUILOGRAMA
SHAMPOO PO QUIMICA MASCARA HIDRATACO 1KG TRIVITT,SHAMPOO PO QUIMICA MASCARA HIDRATACO 1KG TRIVITT,SHAMPOO TRIVITT PÓS QUÍMICA HIDRATAÇÃO - 1 QUILOGRAMA
KIT SHAMPOO E BALSAMO DETOX ANEETHUN,KIT SHAMPOI D BALSAMO DETOX ANEETHUN,KIT SHAMPOO E BALSAMO ANEETHUN DETOX - 1 UNIDADE
KIT SHAMPOO E BALSAMO DETOX ANEETHUN,KIT SHAMPOO E BALDAMO DETOX ANEETHUN,KIT SHAMPOO E BALSAMO ANEETHUN DETOX - 1 UNIDADE
KIT SHAMPOO E BALSAMO DETOX ANEETHUN,KIT SHAMPOO E BALSAMO,KIT SHAMPOO E BALSAMO - 1 UNIDADE
KIT SHAMPOO E BALSAMO DETOX ANEETHUN,KIT SHAMPOO E BALSAMO DETOX ANEETHUN,KIT SHAMPOO E BALSAMO ANEETHUN DETOX - 1 UNIDADE
KIT SHAMPOO E BALSAMO DETOX ANEETHUN,SHAMPOO E BALSAMO DETOX ANEETHUN,SHAMPOO E BALSAMO ANEETHUN DETOX - 1 UNIDADE
KIT SHAMPOO E BALSAMO DETOX ANEETHUN,DETOX E KIT SHAMPOO BALSAMO ANEETHUN,SHAMPOO ANEETHUN BÁLSAMO DETOX - 1 UNIDADE
MASCARA HIDRATANTE MANUTENCO GENOMA 200G YBERA PARIS,mascara hidratante manutenco genoma 200g ybera paris,MÁSCARA HIDRATANTE YBERA PARIS GENOMA MANUTENÇÃO - 200 GRAMAS
MASCARA HIDRATANTE MANUTENCO GENOMA 200G YBERA PARIS,HIDRATANTE GENOMA 200G YBERA PARIS,HIDRATANTE YBERA PARIS GENOMA - 200 GRAMAS
MASCARA HIDRATANTE MANUTENCO GENOMA 200G YBERA PARIS,Mascara hidratante manutenco genoma 200g ybera paris,MÁSCARA HIDRATANTE YBERA PARIS GENOMA MANUTENÇÃO - 200 GRAMAS
MASCARA HIDRATANTE MANUTENCO GENOMA 200G YBERA PARIS,MASCARA HIDRATANTE MANUTENCO GENOMA 200G YBERA PARIS,MÁSCARA HIDRATANTE YBERA PARIS GENOMA MANUTENÇÃO - 200 GRAMAS
MASCARA HIDRATANTE MANUTENCO GENOMA 200G YBERA PARIS,GENOMA MANUTENCO MASCARA YBERA HIDRATANTE PARIS 200G,MÁSCARA YBERA GENOMA MANUTENÇÃO PARIS HIDRATANTE - 200 GRAMAS
MASCARA HIDRATANTE MANUTENCO GENOMA 200G YBERA PARIS,MASXARA HIDRATANTE MANUYEMCO GENIMA 200G TBEDA PZRIS,MÁSCARA YBERA GENOMA MANUTENÇÃO PARIS HIDRATANTE - 200 GRAMAS
BRAE MASCARA FIBER MASK 200ML,MASCARA BRAE FIBER MASK 200ML,MÁSCARA BRAE FIBER MASK - 200 MILILITROS
BRAE MASCARA FIBER MASK 200ML,BRAE MASCARA 200ML,MÁSCARA BRAE - 200 MILILITROS
BRAE MASCARA FIBER MASK 200ML,BRAE MASCARA FIBER MASK 200ML,MÁSCARA BRAE FIBER MASK - 200 MILILITROS
BRAE MASCARA FIBER MASK 200ML,MASK BRAE FIBER 200ML MASCARA,MÁSCARA BRAÉ FIBER - 200 MILILITROS
BRAE MASCARA FIBER MASK 200ML,brae mascara fiber mask 200ml,MÁSCARA BRAÉ FIBER - 200 MILILITROS
BRAE MASCARA FIBER MASK 200ML,BRZE MASCARA FIBER MASK 200ML,MÁSCARA BRAÉ FIBER - 200 MILILITROS
NICOLETTI PROGRESSIVA DONNA LISS SEM FORMOL ORIGINAL,ORIGINAL NICOLETTI FORMOL SEM DONNA LISS PROGRESSIVA,PROGRESSIVA DONNA LISS NICOLETTI SEM FORMOL ORIGINAL - 1 UNIDADE
NICOLETTI PROGRESSIVA DONNA LISS SEM FORMOL ORIGINAL,NICOLETTI PROGRESSIVA DONNA LISS SEM FORMOL ORIGINAL,PROGRESSIVA DONNA LISS NICOLETTI SEM FORMOL ORIGINAL - 1 UNIDADE
NICOLETTI PROGRESSIVA DONNA LISS SEM FORMOL ORIGINAL,nicoletti progressiva donna liss sem formol original,PROGRESSIVA NICOLETTI DONNA LISS SEM FORMOL ORIGINAL - 1 UNIDADE
NICOLETTI PROGRESSIVA DONNA LISS SEM FORMOL ORIGINAL,PROGRESSIVA LISS ORIGINAL NICOLETTI SEM DONNA FORMOL,PROGRESSIVA NICOLETTI DONNA LISS SEM FORMOL ORIGINAL - 1 UNIDADE
NICOLETTI PROGRESSIVA DONNA LISS SEM FORMOL ORIGINAL,NICOLETTI PROGRESSIVA DONNA LIWS SEM FORMOL ORIGINAL,PROGRESSIVA NICOLETTI DONNA LISS SEM FORMOL ORIGINAL - 1 UNIDADE
NICOLETTI PROGRESSIVA DONNA LISS SEM FORMOL ORIGINAL,NICOLETTI PROGRESSIVA DONNA OIAS SEM FORMKL ORIGINAK,PROGRESSIVA NICOLETTI DONNA LISS SEM FORMOL ORIGINAL - 1 UNIDADE
MASCARA SILICON MIX AVANTI 450G IMPERDIVEL ENTREGA IMEDIATA,MIX AVANTI IMEDIATA SILICON ENTREGA 450G MASCARA IMPERDIVEL,MÁSCARA AVANTI MIX SILICON - 450 GRAMAS
MASCARA SILICON MIX AVANTI 450G IMPERDIVEL ENTREGA IMEDIATA,MAWCARA SILICON KIX AVANTI 450G IMOERDIVEL ENFREGZ IMDDIAFA,MÁSCARA AVANTI SILICON MIX - 450 GRAMAS
MASCARA SILICON MIX AVANTI 450G IMPERDIVEL ENTREGA IMEDIATA,MASCARA SILICON AVANTI ENTREGA IMEDIATA,MÁSCARA AVANTI SILICON MIX - 1 UNIDADE
MASCARA SILICON MIX AVANTI 450G IMPERDIVEL ENTREGA IMEDIATA,MASCARA SILICON MIX AVANTI 450G IMPERDIVEL ENTREGA IMEDIATA,MÁSCARA AVANTI SILICON MIX - 450 GRAMAS
MASCARA SILICON MIX AVANTI 450G IMPERDIVEL ENTREGA IMEDIATA,MASCARA SILICON MIX AVANTI 450G OMPERDIVEL ENTREGA IMEXIATA,MÁSCARA AVANTI SILICON MIX - 450 GRAMAS
MASCARA SILICON MIX AVANTI 450G IMPERDIVEL ENTREGA IMEDIATA,450G IMEDIATA SILICON IMPERDIVEL ENTREGA MASCARA MIX AVANTI,MÁSCARA AVANTI SILICON MIX - 450 GRAMAS
INSTANT HAIR PLUS 300ML CASTANHO MEDIO,INSTANT HAIR PLUS 300ML CASTANHO MEDIO,INSTANT HAIR PLUS CASTANHO MÉDIO - 300 MILILITROS
INSTANT HAIR PLUS 300ML CASTANHO MEDIO,HAIR PLUS 300ML MEDIO CASTANHO INSTANT,HAIR PLUS INSTANT MÉDIO CASTANHO - 300 MILILITROS
INSTANT HAIR PLUS 300ML CASTANHO MEDIO,INSTAMT HAIR PLUS 300ML CASTANGI MEDJO,INSTANT HAIR PLUS CASTANHO MÉDIO - 300 MILILITROS
INSTANT HAIR PLUS 300ML CASTANHO MEDIO,INSTANT 300ML PLUS CASTANHO MEDIO HAIR,INSTANT PLUS HAIR CASTANHO MÉDIO - 300 MILILITROS
INSTANT HAIR PLUS 300ML CASTANHO MEDIO,instant hair plus 300ml castanho medio,INSTANT HAIR PLUS CASTANHO MÉDIO - 300 MILILITROS
INSTANT HAIR PLUS 300ML CASTANHO MEDIO,INXTZNT NAIR PLUS 300ML VASTAMHO MEDIO,INSETICIDA NAIR PLUS MÉDIO - 300 MILILITROS
CONDICIONADOR ORTHO RECONSTRUTOR GENOMA 250G YBERA PARIS,CONFICIONADOR ORTHO REFONSYRUTOR GENOMA 250G YBERA PAEIS,CONDICIONADOR YBERA PARIS GENOMA RECONSTRUTOR ORTHO - 250 GRAMAS
CONDICIONADOR ORTHO RECONSTRUTOR GENOMA 250G YBERA PARIS,CONDICIONADOR RECONSTRUTOR YBERA PARIS,CONDICIONADOR YBERA PARIS RECONSTRUTOR - 1 UNIDADE
CONDICIONADOR ORTHO RECONSTRUTOR GENOMA 250G YBERA PARIS,CONEICIONADOD OETHO FECONZTRUTOR GENOMA 250G YBERA PARIZ,CONDICIONADOR YBERA PARIS GENOMA RECONSTRUTOR ORTHO - 250 GRAMAS
CONDICIONADOR ORTHO RECONSTRUTOR GENOMA 250G YBERA PARIS,PARIS YBERA GENOMA CONDICIONADOR 250G RECONSTRUTOR ORTHO,CONDICIONADOR YBERA PARIS GENOMA RECONSTRUTOR ORTHO - 250 GRAMAS
CONDICIONADOR ORTHO RECONSTRUTOR GENOMA 250G YBERA PARIS,CONDICIONADOR ORTHO RECONSTRUTOR GENOMA 250G YBERA PARIS,CONDICIONADOR YBERA PARIS ORTHO RECONSTRUTOR GENOMA - 250 GRAMAS
CONDICIONADOR ORTHO RECONSTRUTOR GENOMA 250G YBERA PARIS,Condicionador ortho reconstrutor genoma 250g ybera paris,CONDICIONADOR YBERA PARIS ORTHO RECONSTRUTOR GENOMA - 250 GRAMAS
LOWELL CACHO MAGICO SHAMPOO 500ML MASCARA UMECTANTE 450GR,450GR SHAMPOO UMECTANTE MAGICO 500ML MASCARA CACHO LOWELL,SHAMPOO LOWELL CACHO MÁGICO UMECTANTE - 450 GRAMAS
LOWELL CACHO MAGICO SHAMPOO 500ML MASCARA UMECTANTE 450GR,Lowell cacho magico shampoo 500ml mascara umectante 450gr,SHAMPOO LOWELL CACHO MÁGICO UMECTANTE - 500 MILILITROS
LOWELL CACHO MAGICO SHAMPOO 500ML MASCARA UMECTANTE 450GR,OOWELL CACHO MAGICO SHAMPOO 500NL MASCARZ UMECTANTE 450GR,SHAMPOO LOWELL CACHO MÁGICO UMECTANTE - 450 GRAMAS
LOWELL CACHO MAGICO SHAMPOO 500ML MASCARA UMECTANTE 450GR,CACHO SHAMPOO 500ML MASCARA 450GR,SHAMPOO CACHO MÁSCARA - 500 MILILITROS
LOWELL CACHO MAGICO SHAMPOO 500ML MASCARA UMECTANTE 450GR,LOWELL CACHO MAGICO SHAMPOO 500ML MASCARA UMECTANTE 450GR,SHAMPOO LOWELL CACHO MÁGICO MÁSCARA UMECTANTE - 500 MILILITROS
LOWELL CACHO MAGICO SHAMPOO 500ML MASCARA UMECTANTE 450GR,LOWELL CACHO MAGICO SHAMPOO 500JL MASCATA JMWCTQNTS 450GR,SHAMPOO LOWELL CACHO MÁGICO MÁSCARA UMECTANTE - 450 GRAMAS
BTX BAMBU PAIOLLA ALINHAMENTO MASCARA RECONSTRUTORA BIOTINA,PAIOLLA BTX BAMBU BIOTINA MASCARA RECONSTRUTORA ALINHAMENTO,MÁSCARA PAIOLLA BTX BAMBU BIOTINA RECONSTRUTORA ALINHAMENTO - 1 UNIDADE
BTX BAMBU PAIOLLA ALINHAMENTO MASCARA RECONSTRUTORA BIOTINA,Btx bambu paiolla alinhamento mascara reconstrutora biotina,MÁSCARA PAIOLLA BTX BAMBU BIOTINA RECONSTRUTORA ALINHAMENTO - 1 UNIDADE
BTX BAMBU PAIOLLA ALINHAMENTO MASCARA RECONSTRUTORA BIOTINA,BTX BAMBU PAIOLLA ALINHAMENTO MASCADA RECONSTRUTORA BIOTINZ,BOTOX PAIOLLA BAMBU ALINHAMENTO MÁSCARA RECONSTRUTORA BIOTINA - 1 UNIDADE
BTX BAMBU PAIOLLA ALINHAMENTO MASCARA RECONSTRUTORA BIOTINA,BTX BAMBU PAIOLLA ALINHAMENTO MASCARA RECONSTRUTORA BIOTINA,BOTOX PAIOLLA BAMBU ALINHAMENTO MÁSCARA RECONSTRUTORA BIOTINA - 1 UNIDADE
BTX BAMBU PAIOLLA ALINHAMENTO MASCARA RECONSTRUTORA BIOTINA,BTX BZMBU PSIOLLA ALINHAMENTO MASFARA RECONSTRUTKRA BIOTINA,BOTOX PAIOLLA BAMBU ALINHAMENTO MÁSCARA RECONSTRUTORA BIOTINA - 1 UNIDADE
BTX BAMBU PAIOLLA ALINHAMENTO MASCARA RECONSTRUTORA BIOTINA,BAMBU PAIOLLA MASCARA ALINHAMENTO BIOTINA BTX RECONSTRUTORA,BOTOX PAIOLLA BAMBU ALINHAMENTO MÁSCARA RECONSTRUTORA BIOTINA - 1 UNIDADE
KIT MELACO DE CANA 1KG 3 ITENS BOTHNICO COSMETICOS,kit melaco de cana 1kg 3 itens bothnico cosmeticos,KIT BOTHÂNICO COSMÉTICOS MELAÇO DE CANA - 1 QUILOGRAMA
KIT MELACO DE CANA 1KG 3 ITENS BOTHNICO COSMETICOS,KIT 1KG ITENS BOTHNICO,KIT BOTHÂNICO COSMÉTICOS - 1 QUILOGRAMA
KIT MELACO DE CANA 1KG 3 ITENS BOTHNICO COSMETICOS,1KG BOTHNICO MELACO COSMETICOS DE ITENS 3 KIT CANA,KIT BOTHÂNICO COSMÉTICOS MELAÇO DE CANA - 1 QUILOGRAMA
KIT MELACO DE CANA 1KG 3 ITENS BOTHNICO COSMETICOS,COSMETICOS CANA ITENS 1KG 3 MELACO KIT BOTHNICO DE,KIT BOTHÂNICO COSMÉTICOS MELAÇO DE CANA - 1 QUILOGRAMA
KIT MELACO DE CANA 1KG 3 ITENS BOTHNICO COSMETICOS,KIT MELACO EE DANA 1KG 3 OTENS BOTHNICO XOSMETICOS,KIT BOTHÂNICO COSMÉTICOS MELAÇO DE CANA - 1 QUILOGRAMA
KIT MELACO DE CANA 1KG 3 ITENS BOTHNICO COSMETICOS,KIT MELACO DE CANA 1KG 3 ITENS BOTHNICO COSMETICOS,KIT BOTHÂNICO COSMÉTICOS MELAÇO DE CANA - 1 QUILOGRAMA
BTOX AFRO ROFER COFFEE 1 KG SHAMPOO ANTI RESIDUOS1L BRINDE,KG ANTI AFRO SHAMPOO COFFEE RESIDUOS1L BRINDE 1 BTOX ROFER,SHAMPOO ROFER ANTI RESÍDUOS COFFEE AFRO - 1 LITRO
BTOX AFRO ROFER COFFEE 1 KG SHAMPOO ANTI RESIDUOS1L BRINDE,BTOX ROFER COFFEE 1 KG SHAMPOO BRINDE,BOTOX ROFER COFFEE - 1 QUILOGRAMA
BTOX AFRO ROFER COFFEE 1 KG SHAMPOO ANTI RESIDUOS1L BRINDE,BTOX AFRO ROFER COFFEE 1 KG SHAMPOI ANTI RESIDUOS1L BRINDE,BOTOX ROFER COFFEE AFRO SHAMPOO ANTI RESÍDUOS - 1 QUILOGRAMA
BTOX AFRO ROFER COFFEE 1 KG SHAMPOO ANTI RESIDUOS1L BRINDE,BTOX AFRO ROFER COFFEE 1 KG SHAMPOO ANTI RESIDUOS1L BRINDE,BOTOX ROFER COFFEE AFRO SHAMPOO ANTI RESÍDUOS - 1 QUILOGRAMA
BTOX AFRO ROFER COFFEE 1 KG SHAMPOO ANTI RESIDUOS1L BRINDE,ROFER RESIDUOS1L KG ANTI BRINDE 1 BTOX COFFEE SHAMPOO AFRO,SHAMPOO ROFER ANTI RESÍDUOS BOTOX COFFEE AFRO - 1 LITRO
BTOX AFRO ROFER COFFEE 1 KG SHAMPOO ANTI RESIDUOS1L BRINDE,GTOX AFRO ROFER COVDEE 1 KG SHAMPOO ANTI RRSIDUOS1L BRINDE,SHAMPOO ROFER AFRO ANTI RESÍDUOS - 1 QUILOGRAMA
SHAMPOO COND MASC SIAGE GLOW EXPERT 250ML,COND MASC SIAGE EXPERT 250ML,CONDICIONADOR SIAGE EXPERT - 250 MILILITROS
SHAMPOO COND MASC SIAGE GLOW EXPERT 250ML,SHAMPOO COND 250ML SIAGE GLOW EXPERT MASC,SHAMPOO CONDICIONADOR SIAGE GLOW EXPERT - 250 MILILITROS
SHAMPOO COND MASC SIAGE GLOW EXPERT 250ML,SHAMPOO COND MASC SIAGE GLOW EXPERT 250ML,SHAMPOO CONDICIONADOR SIAGE GLOW EXPERT - 250 MILILITROS
SHAMPOO COND MASC SIAGE GLOW EXPERT 250ML,shampoo cond masc siage glow expert 250ml,SHAMPOO CONDICIONADOR SIAGE GLOW EXPERT - 250 MILILITROS
SHAMPOO COND MASC SIAGE GLOW EXPERT 250ML,SHAMPOO COND MASC SIAGE GLOW EXPERT 250MO,SHAMPOO CONDICIONADOR MÁSCARA SIÀGE GLOW EXPERT - 250 METROS
SHAMPOO COND MASC SIAGE GLOW EXPERT 250ML,SHANPOO COND MASC SIAVE GLOW WXLERT 250ML,SHAMPOO CONDICIONADOR MÁSCARA SIÀGE GLOW EXPERT - 250 MILILITROS
CREME ATIVADOR DE CACHOS ONDULADOS VEGANO 300ML ARVENSIS,CREME ATIVADOR DE CACHOS ONDULADOS VEGANO 300ML ARVENSIS,CREME ATIVADOR DE CACHOS ARVENSIS ONDULADOS VEGANO - 300 MILILITROS
CREME ATIVADOR DE CACHOS ONDULADOS VEGANO 300ML ARVENSIS,CREME ARIVADOT DE CACHOS ONDULADOX VEBANO 300ML QRVENSIS,CREME ATIVADOR DE CACHOS ARVENSIS ONDULADOS VEGANO - 300 MILILITROS
CREME ATIVADOR DE CACHOS ONDULADOS VEGANO 300ML ARVENSIS,300ML VEGANO DE ATIVADOR CACHOS ONDULADOS CREME ARVENSIS,CREME ATIVADOR DE CACHOS ARVENSIS ONDULADOS VEGANO - 300 MILILITROS
CREME ATIVADOR DE CACHOS ONDULADOS VEGANO 300ML ARVENSIS,CREME CACHOS ONDULADOS 300ML ARVENSIS,CREME ARVENSIS CACHOS ONDULADOS - 300 MILILITROS
CREME ATIVADOR DE CACHOS ONDULADOS VEGANO 300ML ARVENSIS,CREME AFKVADOR DE FACHOS ONDULADOS VRGANO 300ML ZRVENSIS,CREME ARVENSIS ATIVADOR CACHOS ONDULADOS VEGANO - 300 MILILITROS
CREME ATIVADOR DE CACHOS ONDULADOS VEGANO 300ML ARVENSIS,ONDULADOS VEGANO DE CREME ARVENSIS ATIVADOR CACHOS 300ML,CREME ARVENSIS ATIVADOR CACHOS ONDULADOS VEGANO - 300 MILILITROS
KIT SPECIALIST BLONDE SHAMPOO COND E MASC MATIZADORA,KIT SPECIQLIST BLONDE SHAMLOO COND E MSSC JATIZADORA,KIT SPECIALIST BLONDE SHAMPOO CONDICIONADOR MÁSCARA MATIZADORA - 1 UNIDADE
KIT SPECIALIST BLONDE SHAMPOO COND E MASC MATIZADORA,Kit specialist blonde shampoo cond e masc matizadora,KIT SPECIALIST BLONDE SHAMPOO CONDICIONADOR MÁSCARA MATIZADORA - 1 UNIDADE
KIT SPECIALIST BLONDE SHAMPOO COND E MASC MATIZADORA,SHAMPOO E SPECIALIST MASC BLONDE MATIZADORA COND KIT,SHAMPOO E SPECIALIST BLONDE MATIZADORA MÁSCARA CONDICIONADOR KIT - 1 UNIDADE
KIT SPECIALIST BLONDE SHAMPOO COND E MASC MATIZADORA,SPECIALIST BLONDE COND E MASC MATIZADORA,SPECIALIST BLONDE CONDICIONADOR E MÁSCARA MATIZADORA - 1 UNIDADE
KIT SPECIALIST BLONDE SHAMPOO COND E MASC MATIZADORA,KIT SPECIALIST BLONDE SHAMPOO COND E MASC MATIZADORA,KIT SPECIALIST BLONDE SHAMPOO CONDICIONADOR E MÁSCARA MATIZADORA - 1 UNIDADE
KIT SPECIALIST BLONDE SHAMPOO COND E MASC MATIZADORA,KIT SPECIALIST BLONDE SHAMPOO COND E MASC MATOZAEORA,KIT SPECIALIST BLONDE SHAMPOO CONDICIONADOR E MÁSCARA MATIZADORA - 1 UNIDADE
6X CREME UMIDIFICANTE HUMMIDUS TRADICIONAL 500ML OUAIS,6X CDEME UMIDIFICANTE HHMMIDUS TRADICIONAL 500ML OUAIS,CREME UMIDIFICANTE HIDRAUMIDUS TRADICIONAL - 500 MILILITROS
6X CREME UMIDIFICANTE HUMMIDUS TRADICIONAL 500ML OUAIS,UMIDIFICANTE TRADICIONAL CREME OUAIS HUMMIDUS 6X 500ML,"CREME UMIDIFICANTE HUMMIDUS TRADICIONAL - 500 MILILITROS, 6 UNIDADES"
6X CREME UMIDIFICANTE HUMMIDUS TRADICIONAL 500ML OUAIS,6X CREME HUMMIDUS TRADICIONAL 500ML OUAIS,CREME HUMMIDUS TRADICIONAL - 500 MILILITROS
6X CREME UMIDIFICANTE HUMMIDUS TRADICIONAL 500ML OUAIS,6X CREME UMIDIFICANTE HUMMIDUS TRADICIONAL 500ML OUAIS,CREME UMIDIFICANTE HUMMIDUS TRADICIONAL - 500 MILILITROS
6X CREME UMIDIFICANTE HUMMIDUS TRADICIONAL 500ML OUAIS,6x creme umidificante hummidus tradicional 500ml ouais,CREME UMIDIFICANTE HUMMIDUS TRADICIONAL - 500 MILILITROS
6X CREME UMIDIFICANTE HUMMIDUS TRADICIONAL 500ML OUAIS,6X CRSME UMIXIFICAHTE HUMMIEUS TRADICIONAL 500ML OUAIS,CREME UMIDIFICANTE HUMMIDUS TRADICIONAL - 500 MILILITROS
SUPER COMBO ACAI ARGAN COCONUT JAPONESA OXFORD,ACAI COCONUT COMBO JAPONESA SUPER ARGAN OXFORD,AÇAÍ OXFORD SUPER COMBO JAPONESA COCONUT ARGAN - 1 UNIDADE
SUPER COMBO ACAI ARGAN COCONUT JAPONESA OXFORD,SUPER FOMBO ACAI ARGAN COCONJT JAPONESQ OXFORC,AÇAÍ OXFORD SUPER COMBO JAPONESA COCONUT ARGAN - 1 UNIDADE
SUPER COMBO ACAI ARGAN COCONUT JAPONESA OXFORD,COCONUT COMBO JAPONESA ACAI OXFORD SUPER ARGAN,AÇAÍ OXFORD SUPER COMBO JAPONESA COCONUT ARGAN - 1 UNIDADE
SUPER COMBO ACAI ARGAN COCONUT JAPONESA OXFORD,SUPER COMBO ACAI ARGAN COCONUT JAPONESA OXFORD,AÇAÍ OXFORD SUPER COMBO JAPONESA COCONUT ARGAN - 1 UNIDADE
SUPER COMBO ACAI ARGAN COCONUT JAPONESA OXFORD,Super combo acai argan coconut japonesa oxford,AÇAÍ OXFORD SUPER COMBO JAPONESA COCONUT ARGAN - 1 UNIDADE
SUPER COMBO ACAI ARGAN COCONUT JAPONESA OXFORD,COMBO ACAI COCONUT JAPONESA,AÇAÍ COCONUT JAPONESA - 1 UNIDADE
KIT SENSCIENCE CPR TRATAMENTO 2X25ML PROMOCO,KKT SENSCIENCW CPR TRAFAMENTO 2X25ML PROMOCO,"TRATAMENTO SENSCIENCE CPR - 25 MILILITROS, 2 UNIDADES"
KIT SENSCIENCE CPR TRATAMENTO 2X25ML PROMOCO,kit senscience cpr tratamento 2x25ml promoco,"TRATAMENTO SENSCIENCE CPR - 25 MILILITROS, 2 UNIDADES"
KIT SENSCIENCE CPR TRATAMENTO 2X25ML PROMOCO,TRATAMENTO 2X25ML CPR KIT SENSCIENCE PROMOCO,"TRATAMENTO SENSCIENCE CPR - 25 MILILITROS, 2 UNIDADES"
KIT SENSCIENCE CPR TRATAMENTO 2X25ML PROMOCO,PROMOCO TRATAMENTO CPR SENSCIENCE 2X25ML KIT,"TRATAMENTO SENSCIENCE CPR - 25 MILILITROS, 2 UNIDADES"
KIT SENSCIENCE CPR TRATAMENTO 2X25ML PROMOCO,CPR TRATAMENTO 2X25ML PROMOCO,"CPR TRATAMENTO - PROMOÇÃO - 25 MILILITROS, 2 UNIDADES"
KIT SENSCIENCE CPR TRATAMENTO 2X25ML PROMOCO,KIT SENSCIENCE CPR TRATAMENTO 2X25ML PROMOCO,"KIT SENSCIENCE CPR TRATAMENTO - PROMOÇÃO - 25 MILILITROS, 2 UNIDADES"
ESCOVA SEMI DEFINITIVA FOREVER LISS 2X300ML SEM FORMOL,SEMI FORMOL LISS FOREVER SEM ESCOVA 2X300ML DEFINITIVA,"FOREVER LISS SEMI DEFINITIVA - SEM FORMOL - 300 MILILITROS, 2 UNIDADES"
ESCOVA SEMI DEFINITIVA FOREVER LISS 2X300ML SEM FORMOL,ESCOVA SSMI SEFINITIVA FODEFER LISS 2X300KL SSM FORMOL,FOREVER LISS ESCOVA DEFINITIVA - SEM FORMOL - 1 UNIDADE
ESCOVA SEMI DEFINITIVA FOREVER LISS 2X300ML SEM FORMOL,ESCOVA SEMI DEFINITIVA FOREVER LISS 2X300ML SEM FORMOL,"FOREVER LISS ESCOVA SEMI DEFINITIVA - SEM FORMOL - 300 MILILITROS, 2 UNIDADES"
ESCOVA SEMI DEFINITIVA FOREVER LISS 2X300ML SEM FORMOL,FOREVER FORMOL DEFINITIVA ESCOVA SEM LISS 2X300ML SEMI,"ESCOVA DEFINITIVA FOREVER LISS SEM FORMOL - 300 MILILITROS, 2 UNIDADES"
ESCOVA SEMI DEFINITIVA FOREVER LISS 2X300ML SEM FORMOL,ESCOVA SEMI DEFINITIVA FOREVER LISS 2X300ML SEN FORMOL,"ESCOVA DEFINITIVA FOREVER LISS SEM FORMOL - 300 MILILITROS, 2 UNIDADES"
ESCOVA SEMI DEFINITIVA FOREVER LISS 2X300ML SEM FORMOL,ESCOVA SEMI DEFINITIVA FOREVER LISS SEM,ESCOVA DEFINITIVA FOREVER LISS - 1 UNIDADE
PROGRESSIVA ZAFLISS BOMBONA 5 LITROS SEM SHAMPOO,PRLGRESSIVA ZAFLIZS VOMBONA 5 LIGRIS XEM SHAMPOO,PROGRESSIVA ZAFLIZS BOMBONA SEM SHAMPOO - 5 LITROS
PROGRESSIVA ZAFLISS BOMBONA 5 LITROS SEM SHAMPOO,Progressiva zafliss bombona 5 litros sem shampoo,PROGRESSIVA ZAFLISS BOMBONA SEM SHAMPOO - 5 LITROS
PROGRESSIVA ZAFLISS BOMBONA 5 LITROS SEM SHAMPOO,ZAFLISS SHAMPOO 5 SEM PROGRESSIVA BOMBONA LITROS,SHAMPOO ZAFLISS SEM PROGRESSIVA - 1 UNIDADE
PROGRESSIVA ZAFLISS BOMBONA 5 LITROS SEM SHAMPOO,PFOGRESSIVA ZAFLISS BOMBIMA 5 KORROS SSM SHAMPOO,SHAMPOO ZAFLISS SEM PROGRESSIVA - 1 UNIDADE
PROGRESSIVA ZAFLISS BOMBONA 5 LITROS SEM SHAMPOO,PROGRESSIVA ZAFLISS BOMBONA 5 LITROS SEM SHAMPOO,SHAMPOO ZAFLISS SEM PROGRESSIVA - 5 LITROS
PROGRESSIVA ZAFLISS BOMBONA 5 LITROS SEM SHAMPOO,BOMBONA LITROS 5 ZAFLISS PROGRESSIVA SHAMPOO SEM,SHAMPOO ZAFLISS SEM PROGRESSIVA - 1 UNIDADE
KIT DE MASCARAS PROHALL BIOMASK PROBOO FIBER EXTREME REPAIR,KIT DE MASCARAS PROHALL VIOMASK PEKNOO FIBER EXTREME REPAIR,MÁSCARA PROHALL VIOMASK FIBER EXTREME REPAIR - 1 UNIDADE
KIT DE MASCARAS PROHALL BIOMASK PROBOO FIBER EXTREME REPAIR,REPAIR MASCARAS KIT DE BIOMASK EXTREME PROHALL FIBER PROBOO,MÁSCARA PROHALL BIOMASK EXTREME REPAIR FIBER - 1 UNIDADE
KIT DE MASCARAS PROHALL BIOMASK PROBOO FIBER EXTREME REPAIR,REPAIR DE MASCARAS FIBER BIOMASK EXTREME PROHALL KIT PROBOO,MÁSCARA PROHALL BIOMASK EXTREME REPAIR FIBER - 1 UNIDADE
KIT DE MASCARAS PROHALL BIOMASK PROBOO FIBER EXTREME REPAIR,Kit de mascaras prohall biomask proboo fiber extreme repair,MÁSCARA PROHALL BIOMASK EXTREME REPAIR FIBER - 1 UNIDADE
KIT DE MASCARAS PROHALL BIOMASK PROBOO FIBER EXTREME REPAIR,KIT DE MASCARAS PROHALL BIOMASK PROBOO FIBER EXTREME REPAIR,MÁSCARA PROHALL BIOMASK EXTREME REPAIR FIBER - 1 UNIDADE
KIT DE MASCARAS PROHALL BIOMASK PROBOO FIBER EXTREME REPAIR,KIF DE MASVARAS PROHALL BIOMASK OROBOO FINER EXTREKE RRPQJR,MÁSCARA PROHALL BIOMASK EXTREME REPAIR FIBER - 1 UNIDADE
CRONOGRAMA PROHALL BIOMASK EXTREME EQUALIZE PROBOO SELECT,PROHALL EQUALIZE BIOMASK SELECT PROBOO EXTREME CRONOGRAMA,MÁSCARA PROHALL BIOMASK EQUALIZE SELECT EXTREME CRONOGRAMA - 1 UNIDADE
CRONOGRAMA PROHALL BIOMASK EXTREME EQUALIZE PROBOO SELECT,PROBOO PROHALL BIOMASK EQUALIZE SELECT CRONOGRAMA EXTREME,MÁSCARA PROHALL BIOMASK EQUALIZE SELECT EXTREME CRONOGRAMA - 1 UNIDADE
CRONOGRAMA PROHALL BIOMASK EXTREME EQUALIZE PROBOO SELECT,cronograma prohall biomask extreme equalize proboo select,MÁSCARA PROHALL BIOMASK EQUALIZE SELECT EXTREME CRONOGRAMA - 1 UNIDADE
CRONOGRAMA PROHALL BIOMASK EXTREME EQUALIZE PROBOO SELECT,CRONOGRAMA PROHALL BIOMASK EXTREME EQUALIZE PROBOO SELECT,MÁSCARA PROHALL BIOMASK EQUALIZE SELECT EXTREME CRONOGRAMA - 1 UNIDADE
CRONOGRAMA PROHALL BIOMASK EXTREME EQUALIZE PROBOO SELECT,CRONOGRAMA PROHALL BIOMASK EXTREME EQUALIZE SELECT,MÁSCARA PROHALL BIOMASK EQUALIZE SELECT EXTREME CRONOGRAMA - 1 UNIDADE
CRONOGRAMA PROHALL BIOMASK EXTREME EQUALIZE PROBOO SELECT,CRONOGRAMQ PROHZLL BIOKQSK ECTREME EQHALIZE PEOBOO SELECT,CRONOGRAMA PROHAIR BIOKASK EXTREME EQUALIZE SELECT - 1 UNIDADE
RENNAKER GUMMY HAIR CABELOS E PELE 60 GOMAS SUNFLOWER,GUMMY HAIR E PELE 60 GOMAS SUNFLOWER,GUMMY HAIR E PELE SUNFLOWER - 60 GRAMAS
RENNAKER GUMMY HAIR CABELOS E PELE 60 GOMAS SUNFLOWER,RENNAKER GUMMY HAIR CABELOS E PRLE 60 GONAS SUNFLOWER,RENNAKER GUMMY HAIR CABELOS E PELE SUNFLOWER - 60 GRAMAS
RENNAKER GUMMY HAIR CABELOS E PELE 60 GOMAS SUNFLOWER,RENNAKER GUMMY HAIR PELE 60 GOMAS SUNFLOWER,RENNAKER GUMMY HAIR PELE SUNFLOWER - 60 GRAMAS
RENNAKER GUMMY HAIR CABELOS E PELE 60 GOMAS SUNFLOWER,RENNAKER GUMMY HAIR CABELOS E PELE 60 GOMAS SUNFLOWER,RENNAKER GUMMY HAIR CABELOS E PELE SUNFLOWER - 60 GRAMAS
RENNAKER GUMMY HAIR CABELOS E PELE 60 GOMAS SUNFLOWER,Rennaker gummy hair cabelos e pele 60 gomas sunflower,RENNAKER GUMMY HAIR CABELOS E PELE SUNFLOWER - 60 GRAMAS
RENNAKER GUMMY HAIR CABELOS E PELE 60 GOMAS SUNFLOWER,E GOMAS 60 SUNFLOWER CABELOS GUMMY RENNAKER PELE HAIR,RENNAKER GUMMY HAIR CABELOS E PELE SUNFLOWER - 1 UNIDADE
KIT 2 MASCARAS EQUALIZE MASK PROHALL ORIGINAL PROFISSIONAL,PROHALL EQUALIZE MASK MASCARAS KIT PROFISSIONAL 2 ORIGINAL,PROHALL EQUALIZE MASK PROFISSIONAL ORIGINAL - 1 UNIDADE
KIT 2 MASCARAS EQUALIZE MASK PROHALL ORIGINAL PROFISSIONAL,KIT 2 MZSCARAS EQUALUZE MASK PROHALL OFIGINAL PRPFISSIONAL,PROHALL EQUALIZE MASK PROFISSIONAL ORIGINAL - 2 METROS
KIT 2 MASCARAS EQUALIZE MASK PROHALL ORIGINAL PROFISSIONAL,KIT 2 MASCARAS EQUALIZE MASK PROHALL ORIGINAL PROFISSIONAL,PROHALL EQUALIZE MASK PROFISSIONAL ORIGINAL - 2 METROS
KIT 2 MASCARAS EQUALIZE MASK PROHALL ORIGINAL PROFISSIONAL,MASCARAS EQUALIZE KIT MASK PROFISSIONAL PROHALL 2 ORIGINAL,MÁSCARA PROHALL EQUALIZE PROFISSIONAL - 1 UNIDADE
KIT 2 MASCARAS EQUALIZE MASK PROHALL ORIGINAL PROFISSIONAL,KIT 2 MASXARAS EQIALIZE MASL PROHALL ORUGINAL PROFISSIONAL,MÁSCARA PROHALL EQUALIZE PROFISSIONAL - 2 METROS
KIT 2 MASCARAS EQUALIZE MASK PROHALL ORIGINAL PROFISSIONAL,KIT MASCARAS PROHALL ORIGINAL PROFISSIONAL,MÁSCARA PROHALL PROFISSIONAL - 1 UNIDADE
KIT NATURA LUMINA ANTIQUEDA E CRESCIMENTO C4 PRODUTOS,kit natura lumina antiqueda e crescimento c4 produtos,KIT NATURA LUMINA ANTIQUEDA E CRESCIMENTO - 1 UNIDADE
KIT NATURA LUMINA ANTIQUEDA E CRESCIMENTO C4 PRODUTOS,PRODUTOS NATURA CRESCIMENTO KIT LUMINA ANTIQUEDA C4 E,KIT NATURA LUMINA ANTIQUEDA E CRESCIMENTO - 1 UNIDADE
KIT NATURA LUMINA ANTIQUEDA E CRESCIMENTO C4 PRODUTOS,KIT NATURA LUMINA ANTIQUEDA E CRESCIMENTO C4 PRODUTOS,KIT NATURA LUMINA ANTIQUEDA E CRESCIMENTO - 1 UNIDADE
KIT NATURA LUMINA ANTIQUEDA E CRESCIMENTO C4 PRODUTOS,Kit natura lumina antiqueda e crescimento c4 produtos,KIT NATURA LUMINA ANTIQUEDA E CRESCIMENTO - 1 UNIDADE
KIT NATURA LUMINA ANTIQUEDA E CRESCIMENTO C4 PRODUTOS,KIT NATURA LUMINA ANTIQUEDA CRESCIMENTO C4 PRODUTOS,KIT NATURA LUMINA ANTIQUEDA CRESCIMENTO - 1 UNIDADE
KIT NATURA LUMINA ANTIQUEDA E CRESCIMENTO C4 PRODUTOS,KIT NATURZ LUMINQ ANTIQUEDS E CEESCIJENTO D4 PROFUTOS,KIT NATURA LUMINA ANTIQUEDA E CRESCIMENTO - 1 UNIDADE
GLYNETT SHAMPOO DIFFER 250ML 2 FRASCOS FRETE GRATIS,GLYNETT DIFFER 2 FRASCOS FRETE GRATIS,GLYNETT DIFFER - 1 UNIDADE
GLYNETT SHAMPOO DIFFER 250ML 2 FRASCOS FRETE GRATIS,GLYNETF SHAMPOO DIFFER 250ML 2 VRASFOD FRRTE GRSGIS,SHAMPOO GLYNETT DIFFER - 250 MILILITROS
GLYNETT SHAMPOO DIFFER 250ML 2 FRASCOS FRETE GRATIS,GPYNETT SHAMPOO DIFFDR 250ML 2 FRASCOS FRETE GRATIS,SHAMPOO GLYNETT DIFFER - 250 MILILITROS
GLYNETT SHAMPOO DIFFER 250ML 2 FRASCOS FRETE GRATIS,GLYNETT SHAMPOO DIFFER 250ML 2 FRASCOS FRETE GRATIS,SHAMPOO GLYNETT DIFFER - 250 MILILITROS
GLYNETT SHAMPOO DIFFER 250ML 2 FRASCOS FRETE GRATIS,Glynett shampoo differ 250ml 2 frascos frete gratis,SHAMPOO GLYNETT DIFFER - 250 MILILITROS
GLYNETT SHAMPOO DIFFER 250ML 2 FRASCOS FRETE GRATIS,FRETE FRASCOS 250ML SHAMPOO GRATIS DIFFER GLYNETT 2,SHAMPOO GLYNETT DIFFER - 250 MILILITROS
PROGRESSIVA SEM FORMOL PARA LOIRAS LET ME BE 500ML,PROGRESSIVA FORMOL PARA LOIRAS LET ME BE,PROGRESSIVA LET ME BE COM FORMOL PARA LOIRAS - 1 UNIDADE
PROGRESSIVA SEM FORMOL PARA LOIRAS LET ME BE 500ML,PROGREASIVA SEM VOFMOL PAEA KOIRAS LET ME BE 500ML,PROGRESSIVA LET ME BE SEM FORMOL PARA LOIRAS - 500 MILILITROS
PROGRESSIVA SEM FORMOL PARA LOIRAS LET ME BE 500ML,Progressiva sem formol para loiras let me be 500ml,PROGRESSIVA LET ME BE SEM FORMOL PARA LOIRAS - 500 MILILITROS
PROGRESSIVA SEM FORMOL PARA LOIRAS LET ME BE 500ML,FORMOL LET SEM PARA BE PROGRESSIVA ME 500ML LOIRAS,PROGRESSIVA LET ME BE SEM FORMOL PARA LOIRAS - 500 MILILITROS
PROGRESSIVA SEM FORMOL PARA LOIRAS LET ME BE 500ML,PROGRESSIVA SEM FORMOL PARA LOIRAS LET ME BE 500ML,PROGRESSIVA LET ME BE SEM FORMOL PARA LOIRAS - 500 MILILITROS
PROGRESSIVA SEM FORMOL PARA LOIRAS LET ME BE 500ML,PROGRESSIVA SEM PARA LOIRAS LET ME BE 500ML,PROGRESSIVA LET ME BE PARA LOIRAS - 500 MILILITROS
KIT HASKELL BENDITO LOIRO SHAMPOO 500ML 1 MASCARA 500ML,KIT HASKELL BENDITO LOIRO SHAMPOO 500ML 1 MASCARA 500ML,KIT HASKELL BENDITO LOIRO SHAMPOO E MÁSCARA - 500 MILILITROS
KIT HASKELL BENDITO LOIRO SHAMPOO 500ML 1 MASCARA 500ML,HASKELL BENDITO SHAMPOO 500ML 1 MASCARA 500ML,HASKELL BENDITO SHAMPOO E MÁSCARA - 500 MILILITROS
KIT HASKELL BENDITO LOIRO SHAMPOO 500ML 1 MASCARA 500ML,KIT NASKELL BENDITO LOKEO SHAMPOO 500JL 1 MASCARQ 500ML,KIT HASKELL BENDITO LOIRO SHAMPOO E MÁSCARA - 1 METRO
KIT HASKELL BENDITO LOIRO SHAMPOO 500ML 1 MASCARA 500ML,Kit haskell bendito loiro shampoo 500ml 1 mascara 500ml,KIT HASKELL BENDITO LOIRO SHAMPOO E MÁSCARA - 500 MILILITROS
KIT HASKELL BENDITO LOIRO SHAMPOO 500ML 1 MASCARA 500ML,1 500ML BENDITO 500ML SHAMPOO KIT MASCARA LOIRO HASKELL,SHAMPOO HASKELL BENDITO LOIRO - 500 MILILITROS
KIT HASKELL BENDITO LOIRO SHAMPOO 500ML 1 MASCARA 500ML,KIT YASKELL BEBDITO LOKRO SHAMPOO 500ML 1 JASCARA 500MK,SHAMPOO E MÁSCARA HASKELL BENDITO LOIRO - 500 MILILITROS
KIT 2 CREME DE SILICONE CACHOS ANEETHUN PROFISSIONAL,KIT 2 CREME DE SILICKNE CQCHOS QNEDTHUN PROFISSIONAL,CREME DE SILICONE ANEETHUN PROFISSIONAL CACHOS - 1 UNIDADE
KIT 2 CREME DE SILICONE CACHOS ANEETHUN PROFISSIONAL,KIT 2 CREME DE SILICONE CACHOS ANEETHUN PROFISSIONAL,CREME DE SILICONE ANEETHUN PROFISSIONAL CACHOS - 1 UNIDADE
KIT 2 CREME DE SILICONE CACHOS ANEETHUN PROFISSIONAL,2 CREME DE ANEETHUN PROFISSIONAL,CREME ANEETHUN PROFISSIONAL - 1 UNIDADE
KIT 2 CREME DE SILICONE CACHOS ANEETHUN PROFISSIONAL,KIT 2 DE SILICONE CACHOS ANEETHUN PROFISSIONAL,CREME DE SILICONE ANEETHUN CACHOS PROFISSIONAL - 1 UNIDADE
KIT 2 CREME DE SILICONE CACHOS ANEETHUN PROFISSIONAL,Kit 2 creme de silicone cachos aneethun profissional,CREME DE SILICONE ANEETHUN CACHOS PROFISSIONAL - 1 UNIDADE
KIT 2 CREME DE SILICONE CACHOS ANEETHUN PROFISSIONAL,KIT SILICONE CREME CACHOS PROFISSIONAL DE ANEETHUN 2,CREME DE SILICONE ANEETHUN CACHOS PROFISSIONAL - 1 UNIDADE
SHAMPOO INOAR CICATRIFIOS PLASTICA CAPILAR 1 LITRO,LITRO INOAR CAPILAR PLASTICA SHAMPOO 1 CICATRIFIOS,SHAMPOO INOAR CICATRIFIOS PLÁSTICA CAPILAR - 1 UNIDADE
SHAMPOO INOAR CICATRIFIOS PLASTICA CAPILAR 1 LITRO,shampoo inoar cicatrifios plastica capilar 1 litro,SHAMPOO INOAR CICATRIFIOS PLÁSTICA CAPILAR - 1 LITRO
SHAMPOO INOAR CICATRIFIOS PLASTICA CAPILAR 1 LITRO,SHAMPOO INOAR CICATEURKOS PLASGJCA CAPILAR 1 LIGRO,SHAMPOO INOAR CICATRIFIOS PLÁSTICA CAPILAR - 1 LITRO
SHAMPOO INOAR CICATRIFIOS PLASTICA CAPILAR 1 LITRO,PLASTICA SHAMPOO CAPILAR INOAR LITRO CICATRIFIOS 1,SHAMPOO INOAR CICATRIFIOS PLÁSTICA CAPILAR - 1 UNIDADE
SHAMPOO INOAR CICATRIFIOS PLASTICA CAPILAR 1 LITRO,SHAMPOO INOAR CICATRIFIOS PLASTICA CAPILAR LITRO,SHAMPOO INOAR CICATRIFIOS PLÁSTICA CAPILAR - 1 UNIDADE
SHAMPOO INOAR CICATRIFIOS PLASTICA CAPILAR 1 LITRO,SHAMPOO INOAR CICATRIFIOS PLASTICA CAPILAR 1 LITRO,SHAMPOO INOAR CICATRIFIOS PLÁSTICA CAPILAR - 1 LITRO
PORTIER CICLOS SHAMPOO ANTI RESIDUOS B TOX CICLOS MASK 1KG,PORTIED CICLOS SHAMPOO ANTI RESIDUOS B TOX CICLOS MASK 1KG,SHAMPOO PORTIER CICLOS ANTI RESÍDUOS B-TOX MASK - 1 QUILOGRAMA
REDUTOR VOLUME ULTRA LISS CACHOS ABRE E DEFINE OS CACHOS,redutor volume ultra liss cachos abre e define os cachos,REDUTOR DE VOLUME ULTRA LISS - CACHOS - 1 UNIDADE
REDUTOR VOLUME ULTRA LISS CACHOS ABRE E DEFINE OS CACHOS,REDUTOR VILUME ULTRA LISS CACHOS ABRE E DEFINE OS CACGOD,REDUTOR DE VOLUME ULTRA LISS - CACHOS - 1 UNIDADE
REDUTOR VOLUME ULTRA LISS CACHOS ABRE E DEFINE OS CACHOS,VOLUME LISS CACHOS ABRE DEFINE OS CACHOS,VOLUME LISS - CACHOS - 1 UNIDADE
REDUTOR VOLUME ULTRA LISS CACHOS ABRE E DEFINE OS CACHOS,LISS ULTRA CACHOS DEFINE REDUTOR OS VOLUME E CACHOS ABRE,LISS ULTRA - CACHOS - 1 UNIDADE
REDUTOR VOLUME ULTRA LISS CACHOS ABRE E DEFINE OS CACHOS,REDUTOR VOLUME ULTRA ABRE E DEFINE OS CACHOS,REDUTOR DE VOLUME ULTRA - CACHOS - 1 UNIDADE
REDUTOR VOLUME ULTRA LISS CACHOS ABRE E DEFINE OS CACHOS,REDUTOR VOLUME ULTRA LISS CACHOS ABRE E DEFINE OS CACHOS,REDUTOR DE VOLUME ULTRA LISS - CACHOS - 1 UNIDADE
KIT 2UN PO COMPACTO FACIAL FPS 50 FARMAX BEGE MEDIO,KIT 2UN PO COMLACTO FQCIAL FPS 50 FARMAX GEGE MEDIO,"PÓ COMPACTO FACIAL FARMAX - FPS 50 BEGE MÉDIO - 2 UNIDADES, 2 UNIDADES"
KIT 2UN PO COMPACTO FACIAL FPS 50 FARMAX BEGE MEDIO,KIT 2UN PO COMPACTO FACIAL FPS 50 FARMAX BEGE MEDIO,"PÓ COMPACTO FACIAL FARMAX - FPS 50 BEGE MÉDIO - 2 UNIDADES, 2 UNIDADES"
KIT 2UN PO COMPACTO FACIAL FPS 50 FARMAX BEGE MEDIO,kit 2un po compacto facial fps 50 farmax bege medio,"PÓ COMPACTO FACIAL FARMAX - FPS 50 BEGE MÉDIO - 2 UNIDADES, 2 UNIDADES"
KIT 2UN PO COMPACTO FACIAL FPS 50 FARMAX BEGE MEDIO,50 KIT BEGE COMPACTO FPS FACIAL PO MEDIO FARMAX 2UN,"PÓ COMPACTO FACIAL FARMAX - FPS 50 BEGE MÉDIO - 2 UNIDADES, 2 UNIDADES"
KIT 2UN PO COMPACTO FACIAL FPS 50 FARMAX BEGE MEDIO,FPS 50 FARMAX PO KIT BEGE COMPACTO 2UN FACIAL MEDIO,"PÓ COMPACTO FARMAX FACIAL BEGE MÉDIO - 2 UNIDADES, 2 UNIDADES"
KIT 2UN PO COMPACTO FACIAL FPS 50 FARMAX BEGE MEDIO,PO COMPACTO FACIAL FPS FARMAX BEGE,PÓ COMPACTO FARMAX FACIAL BEGE - 1 UNIDADE
PROGRESSIVA VEGANA 1L BURIX ONE BTX S FROMOL 300G,PROGRESSUVA VEGAHA 1L BURJX ONE BTX S FROJOL 300G,PROGRESSIVA VEGANA BURIX ONE BOTOX SEM FORMOL - 1 LITRO
PROGRESSIVA VEGANA 1L BURIX ONE BTX S FROMOL 300G,progressiva vegana 1l burix one btx s fromol 300g,PROGRESSIVA VEGANA BURIX ONE BOTOX SEM FORMOL - 1 LITRO
PROGRESSIVA VEGANA 1L BURIX ONE BTX S FROMOL 300G,PROGRESSIVA BTX S ONE VEGANA 300G 1L BURIX FROMOL,PROGRESSIVA VEGANA BURIX ONE BOTOX SEM FORMOL - 300 GRAMAS
PROGRESSIVA VEGANA 1L BURIX ONE BTX S FROMOL 300G,PTOGRESSIVA VEGZNA 1L BURIX ONE BFX S VEOMOL 300G,PROGRESSIVA BURIX ONE VEGANA SEM FORMOL - 1 LITRO
PROGRESSIVA VEGANA 1L BURIX ONE BTX S FROMOL 300G,PROGRESSIVA VEGANA 1L BURIX ONE BTX S FROMOL 300G,PROGRESSIVA BURIX ONE VEGANA SEM FORMOL - 1 LITRO
PROGRESSIVA VEGANA 1L BURIX ONE BTX S FROMOL 300G,PROGRESSIVA VEGANA 1L ONE BTX S FROMOL,PROGRESSIVA ONE VEGANA SEM FORMOL - 1 LITRO
KIT WELLA NUTRI ENRICH SHAMPOO 1 LITRO MASCARA 500ML,KIT WELLA NUTRI ENRICH SHAMPOO 1 LITRO MASCARA 500ML,KIT WELLA NUTRI ENRICH SHAMPOO MÁSCARA - 1 LITRO
KIT WELLA NUTRI ENRICH SHAMPOO 1 LITRO MASCARA 500ML,KIT WELOA NUTRI SNRICH SHAMPOO 1 LITRO MASCSRA 500ML,KIT WELLA NUTRI ENRICH SHAMPOO MÁSCARA - 1 LITRO
KIT WELLA NUTRI ENRICH SHAMPOO 1 LITRO MASCARA 500ML,WELLA NUTRI SHAMPOO 1 LITRO MASCARA 500ML,SHAMPOO WELLA NUTRI ENRICH - MÁSCARA - 1 LITRO
KIT WELLA NUTRI ENRICH SHAMPOO 1 LITRO MASCARA 500ML,Kit wella nutri enrich shampoo 1 litro mascara 500ml,KIT SHAMPOO WELLA NUTRI ENRICH - MÁSCARA - 1 LITRO
KIT WELLA NUTRI ENRICH SHAMPOO 1 LITRO MASCARA 500ML,NUTRI SHAMPOO ENRICH KIT 500ML LITRO MASCARA 1 WELLA,KIT SHAMPOO WELLA NUTRI ENRICH - MÁSCARA - 500 MILILITROS
KIT WELLA NUTRI ENRICH SHAMPOO 1 LITRO MASCARA 500ML,1 LITRO WELLA SHAMPOO ENRICH 500ML MASCARA NUTRI KIT,KIT SHAMPOO WELLA NUTRI ENRICH - MÁSCARA - 1 LITRO
CONDICIONADOR INOAR CICATRIFIOS PLASTICA CAPILAR 1 LITRO,CICATRIFIOS PLASTICA 1 CAPILAR LITRO INOAR CONDICIONADOR,CONDICIONADOR INOAR CICATRIFIOS - PLÁSTICA CAPILAR - 1 UNIDADE
CONDICIONADOR INOAR CICATRIFIOS PLASTICA CAPILAR 1 LITRO,1 LITRO CAPILAR CONDICIONADOR INOAR PLASTICA CICATRIFIOS,CONDICIONADOR INOAR PLÁSTICA CAPILAR CICATRIFIOS - 1 LITRO
CONDICIONADOR INOAR CICATRIFIOS PLASTICA CAPILAR 1 LITRO,CONDICIONADOR INOAR CICATRIFIOS PLASTICA CAPILAR 1 LITRO,CONDICIONADOR INOAR PLÁSTICA CAPILAR CICATRIFIOS - 1 LITRO
CONDICIONADOR INOAR CICATRIFIOS PLASTICA CAPILAR 1 LITRO,CONDICJONADOR INOQR FICATRIFIOW POASTICA CAPILAR 1 LUTRO,CONDICIONADOR INOAR PLÁSTICA CAPILAR CICATRIFIOS - 1 LITRO
CONDICIONADOR INOAR CICATRIFIOS PLASTICA CAPILAR 1 LITRO,CONDICIONADOR CICATRIFIOS CAPILAR 1 LITRO,CONDICIONADOR CICATRIFIOS PLÁSTICA CAPILAR - 1 LITRO
CONDICIONADOR INOAR CICATRIFIOS PLASTICA CAPILAR 1 LITRO,Condicionador inoar cicatrifios plastica capilar 1 litro,CONDICIONADOR INOAR PLÁSTICA CAPILAR CICATRIFIOS - 1 LITRO
KIT AMEND LINHA POS PROGRESSIVA SHAMPOO COND BALM MASC,KIT AMEND LINHA POS SHAMPOO COND,AMEND SHAMPOO CONDICIONADOR PÓS PROGRESSIVA - 1 UNIDADE
KIT AMEND LINHA POS PROGRESSIVA SHAMPOO COND BALM MASC,AMEND COND LINHA PROGRESSIVA BALM POS MASC SHAMPOO KIT,AMEND SHAMPOO CONDICIONADOR MÁSCARA BALM PÓS PROGRESSIVA - 1 UNIDADE
KIT AMEND LINHA POS PROGRESSIVA SHAMPOO COND BALM MASC,MASC AMEND KIT PROGRESSIVA BALM SHAMPOO LINHA COND POS,AMEND SHAMPOO CONDICIONADOR MÁSCARA BALM PÓS PROGRESSIVA - 1 UNIDADE
KIT AMEND LINHA POS PROGRESSIVA SHAMPOO COND BALM MASC,KIT AMENS LINHA POS PROGRESSIVA SHAMPOO COND BALM MADC,AMEND SHAMPOO CONDICIONADOR MÁSCARA BALM PÓS PROGRESSIVA - 1 UNIDADE
KIT AMEND LINHA POS PROGRESSIVA SHAMPOO COND BALM MASC,KIT AMEND LINHA POS PROGRESSIVA SHAMPOO COND BALM MASC,AMEND SHAMPOO CONDICIONADOR MÁSCARA BALM PÓS PROGRESSIVA - 1 UNIDADE
KIT AMEND LINHA POS PROGRESSIVA SHAMPOO COND BALM MASC,IIT AMEND LINHA POS PROGRESSIVA SHAMPKO CONC BALM MASC,SHAMPOO AMEND PÓS PROGRESSIVA - 1 UNIDADE
SHAMPOO CACHOS ARVENSIS 1L,SHAMPOO CACHOS ARVENSIS 1L,SHAMPOO ARVENSIS CACHOS - 1 LITRO
SHAMPOO CACHOS ARVENSIS 1L,CACHOS,CACHOS - 1 UNIDADE
SHAMPOO CACHOS ARVENSIS 1L,shampoo cachos arvensis 1l,SHAMPOO ARVENSIS CACHOS - 1 LITRO
SHAMPOO CACHOS ARVENSIS 1L,1L SHAMPOO ARVENSIS CACHOS,SHAMPOO ARVENSIS CACHOS - 1 LITRO
SHAMPOO CACHOS ARVENSIS 1L,SHAMPOO CACHOS ARVENSJS 1L,SHAMPOO ARVENSIS CACHOS - 1 LITRO
SHAMPOO CACHOS ARVENSIS 1L,SHAMPOO CACHOS ADVENSOS 1O,SHAMPOO ARVENSIS CACHOS - 1 UNIDADE
QUERAVIT CABELOS DANIFICADOS 4 ITENS BIOEXTRATUS,queravit cabelos danificados 4 itens bioextratus,QUERAVIT BIOEXTRATUS CABELOS DANIFICADOS - 1 UNIDADE
QUERAVIT CABELOS DANIFICADOS 4 ITENS BIOEXTRATUS,QUERAVIT CABELOS DANIFICADOS 4 ITENS BIOEXTRATUS,QUERAVIT BIOEXTRATUS CABELOS DANIFICADOS - 1 UNIDADE
QUERAVIT CABELOS DANIFICADOS 4 ITENS BIOEXTRATUS,QUERAVIT CABELOS DANIFICADOS 4 BIOEXTRATUS,QUERAVIT BIOEXTRATUS CABELOS DANIFICADOS - 1 UNIDADE
QUERAVIT CABELOS DANIFICADOS 4 ITENS BIOEXTRATUS,4 BIOEXTRATUS CABELOS ITENS DANIFICADOS QUERAVIT,BIOEXTRATUS QUERAVIT - CABELOS DANIFICADOS - 1 UNIDADE
QUERAVIT CABELOS DANIFICADOS 4 ITENS BIOEXTRATUS,DANIFICADOS ITENS QUERAVIT 4 CABELOS BIOEXTRATUS,BIOEXTRATUS QUERAVIT - CABELOS DANIFICADOS - 1 UNIDADE
QUERAVIT CABELOS DANIFICADOS 4 ITENS BIOEXTRATUS,QUERZVIT CABELOS DSNIFICADOS 4 KTENS BIIEXTRATUS,BIOEXTRATUS QUERAVIT - CABELOS DANIFICADOS - 1 UNIDADE
KIT ESCOVA PROGRESSIVA PROLISS 2X1L SOS 1KG MY PHIOS,KIT ESCOVA PROVRESSIVA PROLISS 2X1L SOS 1KG MY PHILS,"MY PHILS PROLISS - KIT ESCOVA PROGRESSIVA SOS - 1 LITRO, 2 UNIDADES"
KIT ESCOVA PROGRESSIVA PROLISS 2X1L SOS 1KG MY PHIOS,1KG SOS PHIOS KIT MY ESCOVA 2X1L PROGRESSIVA PROLISS,"MY PHILS PROLISS - KIT ESCOVA PROGRESSIVA SOS - 1 QUILOGRAMA, 2 UNIDADES"
KIT ESCOVA PROGRESSIVA PROLISS 2X1L SOS 1KG MY PHIOS,KIT ESCOVA PROGRESSIVA PROLISS SOS PHIOS,KIT ESCOVA PROGRESSIVA MY PHIOS PROLISS SOS - 1 UNIDADE
KIT ESCOVA PROGRESSIVA PROLISS 2X1L SOS 1KG MY PHIOS,2X1L 1KG SOS PROGRESSIVA KIT PHIOS MY ESCOVA PROLISS,"KIT ESCOVA PROGRESSIVA MY PHIOS PROLISS SOS - 1 LITRO, 2 UNIDADES"
KIT ESCOVA PROGRESSIVA PROLISS 2X1L SOS 1KG MY PHIOS,KIT ESCOVA PROGRESSIVA PROLISS 2X1L SOS 1KG MY PHIOS,"KIT ESCOVA PROGRESSIVA MY PHIOS PROLISS SOS - 1 LITRO, 2 UNIDADES"
KIT ESCOVA PROGRESSIVA PROLISS 2X1L SOS 1KG MY PHIOS,Kit escova progressiva proliss 2x1l sos 1kg my phios,"KIT ESCOVA PROGRESSIVA MY PHIOS PROLISS SOS - 1 LITRO, 2 UNIDADES"
KIT LOWELL MIRTILO SHAMPOO CONDICIONADOR MASCARA CAPILAR,KIT LOWELL MIRTILO SHAMPOO CONDICIONADOR MASCARA CAPILAR,KIT LOWELL MIRTILO SHAMPOO CONDICIONADOR MÁSCARA CAPILAR - 1 UNIDADE
KIT LOWELL MIRTILO SHAMPOO CONDICIONADOR MASCARA CAPILAR,KIT LOWELL MIDTKLO SHAMLOO CONDICUONADOR MQSCADA CQOILAR,KIT LOWELL MIRTILO SHAMPOO CONDICIONADOR MÁSCARA CAPILAR - 1 UNIDADE
KIT LOWELL MIRTILO SHAMPOO CONDICIONADOR MASCARA CAPILAR,Kit lowell mirtilo shampoo condicionador mascara capilar,KIT LOWELL MIRTILO SHAMPOO CONDICIONADOR MÁSCARA CAPILAR - 1 UNIDADE
KIT LOWELL MIRTILO SHAMPOO CONDICIONADOR MASCARA CAPILAR,KIT LOWELL MIRTIPO WHAMOOO CONSICKONADOR MASCAFA CAPILZR,KIT LOWELL MIRTILO SHAMPOO CONDICIONADOR MÁSCARA CAPILAR - 1 UNIDADE
KIT LOWELL MIRTILO SHAMPOO CONDICIONADOR MASCARA CAPILAR,KIT LOWELL MIRTILO SHAMPOO MASCARA CAPILAR,KIT LOWELL MIRTILO SHAMPOO MÁSCARA CAPILAR - 1 UNIDADE
KIT LOWELL MIRTILO SHAMPOO CONDICIONADOR MASCARA CAPILAR,SHAMPOO CONDICIONADOR MIRTILO CAPILAR KIT LOWELL MASCARA,KIT LOWELL MIRTILO SHAMPOO CONDICIONADOR MÁSCARA CAPILAR - 1 UNIDADE
KIT COM 5 AMEND LUXE CREATIONS BLONDE CARE LOIRO PERFEITO,KIT COM 5 AMEND LUXE CREQTIOJS BLONDE CZRE LOIRO PERFEJTL,AMEND LUXE CREATIONS BLONDE CARE - LOIRO PERFEITO - 1 UNIDADE
KIT COM 5 AMEND LUXE CREATIONS BLONDE CARE LOIRO PERFEITO,KIT 5 LUXE CREATIONS BLONDE CARE LOIRO PERFEITO,AMEND LUXE CREATIONS BLONDE CARE - LOIRO PERFEITO - 5 LITROS
KIT COM 5 AMEND LUXE CREATIONS BLONDE CARE LOIRO PERFEITO,KIT CREATIONS LOIRO COM AMEND PERFEITO 5 CARE BLONDE LUXE,AMEND LUXE CREATIONS BLONDE CARE - LOIRO PERFEITO - 1 UNIDADE
KIT COM 5 AMEND LUXE CREATIONS BLONDE CARE LOIRO PERFEITO,KIT COM 5 AMEND LUXE CREATIONS BLONDE CARE LOIRO PERFEITO,AMEND LUXE CREATIONS BLONDE CARE - LOIRO PERFEITO - 1 UNIDADE
KIT COM 5 AMEND LUXE CREATIONS BLONDE CARE LOIRO PERFEITO,KIT LOIRO AMEND 5 PERFEITO COM CARE LUXE CREATIONS BLONDE,AMEND LUXE CREATIONS BLONDE CARE - LOIRO PERFEITO - 1 UNIDADE
KIT COM 5 AMEND LUXE CREATIONS BLONDE CARE LOIRO PERFEITO,kit com 5 amend luxe creations blonde care loiro perfeito,KIT AMEND LUXE CREATIONS BLONDE CARE - LOIRO PERFEITO - 1 UNIDADE
KIT SHAMPOO BRAE DIVINE E CONDICIONADOR WELLA FUSION 1LITRO,SHAMPOO CONDICIONADOR E KIT 1LITRO WELLA DIVINE BRAE FUSION,KIT SHAMPOO E CONDICIONADOR WELLA DIVINE BRAE FUSION - 1 LITRO
KIT SHAMPOO BRAE DIVINE E CONDICIONADOR WELLA FUSION 1LITRO,kit shampoo brae divine e condicionador wella fusion 1litro,KIT SHAMPOO BRAE DIVINE E CONDICIONADOR WELLA FUSION - 1 LITRO
KIT SHAMPOO BRAE DIVINE E CONDICIONADOR WELLA FUSION 1LITRO,KIT SHAKPOO BRAE DIVINE E CONSICIONSDOR WELLA FUSION 1LIGRO,KIT SHAMPOO BRAE DIVINE E CONDICIONADOR WELLA FUSION - 1 LITRO
KIT SHAMPOO BRAE DIVINE E CONDICIONADOR WELLA FUSION 1LITRO,KJT SHAMOOO BRAE DIVINE E DONDICIONADOR WDLLA FUWIOJ 1LITRO,KIT SHAMPOO BRAE DIVINE E CONDICIONADOR WELLA FUSION - 1 LITRO
KIT SHAMPOO BRAE DIVINE E CONDICIONADOR WELLA FUSION 1LITRO,CONDICIONADOR E DIVINE KIT FUSION WELLA 1LITRO SHAMPOO BRAE,CONDICIONADOR DIVINE WELLA FUSION SHAMPOO BRAE - 1 LITRO
KIT SHAMPOO BRAE DIVINE E CONDICIONADOR WELLA FUSION 1LITRO,KIT SHAMPOO BRAE DIVINE E CONDICIONADOR WELLA FUSION 1LITRO,SHAMPOO BRAE DIVINE CONDICIONADOR WELLA FUSION - 1 LITRO
KIT 2 SHAMPOO LISS E 1 MASCARA DISCIPLINANTE LISS ANEETHUN,KIT ANEETHUN 1 LISS MASCARA LISS DISCIPLINANTE 2 E SHAMPOO,KIT ANEETHUN LISS MASCARA DISCIPLINANTE SHAMPOO - 1 LITRO
KIT 2 SHAMPOO LISS E 1 MASCARA DISCIPLINANTE LISS ANEETHUN,KIT 2 SHQMPOO LISS E 1 MASCARA DIDCIPLINANTE LJSS ANEETHUN,KIT SHAMPOO LISS MASCARA DISCIPLINANTE LISS ANEETHUN - 1 METRO
KIT 2 SHAMPOO LISS E 1 MASCARA DISCIPLINANTE LISS ANEETHUN,kit 2 shampoo liss e 1 mascara disciplinante liss aneethun,KIT SHAMPOO LISS MASCARA DISCIPLINANTE LISS ANEETHUN - 1 METRO
KIT 2 SHAMPOO LISS E 1 MASCARA DISCIPLINANTE LISS ANEETHUN,KIT 2 SHAMPOO LISS E 1 MASCARA DISCIPLINANTE LISS ANEETHUN,SHAMPOO E MÁSCARA ANEETHUN LISS DISCIPLINANTE - 1 METRO
KIT 2 SHAMPOO LISS E 1 MASCARA DISCIPLINANTE LISS ANEETHUN,KIT 2 SHAMPOI LISS E 1 MASCARA DISCILLIJANTE LISS ANEETHUN,SHAMPOO E MÁSCARA ANEETHUN LISS DISCIPLINANTE - 1 METRO
KIT 2 SHAMPOO LISS E 1 MASCARA DISCIPLINANTE LISS ANEETHUN,KIT SHAMPOO LISS E 1 MASCARA DISCIPLINANTE LISS,SHAMPOO E MÁSCARA LISS DISCIPLINANTE - 1 METRO
TONICO SOS PARA QUEDA CAPILAR FORTALECIMENTO E CRESCIMENTO,tonico sos para queda capilar fortalecimento e crescimento,TÔNICO SOS QUEDA CAPILAR FORTALECIMENTO E CRESCIMENTO - 1 UNIDADE
TONICO SOS PARA QUEDA CAPILAR FORTALECIMENTO E CRESCIMENTO,CAPILAR QUEDA TONICO PARA CRESCIMENTO E FORTALECIMENTO SOS,TÔNICO SOS QUEDA CAPILAR FORTALECIMENTO E CRESCIMENTO - 1 UNIDADE
TONICO SOS PARA QUEDA CAPILAR FORTALECIMENTO E CRESCIMENTO,TONOCO SOS OARA QUWDA CAPILAR FORTALSCIMENTO E CFWSCIMENTO,TÔNICO SOS QUEDA CAPILAR FORTALECIMENTO E CRESCIMENTO - 1 UNIDADE
TONICO SOS PARA QUEDA CAPILAR FORTALECIMENTO E CRESCIMENTO,TONICO QUEDA CAPILAR FORTALECIMENTO E CRESCIMENTO,TÔNICO QUEDA CAPILAR FORTALECIMENTO E CRESCIMENTO - 1 UNIDADE
TONICO SOS PARA QUEDA CAPILAR FORTALECIMENTO E CRESCIMENTO,TONICO SOS PARA QUEDA CAPILAR FORTALECIMENTO E CRESCIMENTO,TÔNICO SOS QUEDA CAPILAR FORTALECIMENTO E CRESCIMENTO - 1 UNIDADE
TONICO SOS PARA QUEDA CAPILAR FORTALECIMENTO E CRESCIMENTO,CAPILAR E TONICO SOS FORTALECIMENTO CRESCIMENTO PARA QUEDA,TÔNICO SOS CAPILAR FORTALECIMENTO CRESCIMENTO QUEDA - 1 UNIDADE
COMBO OFF FRIZZ HIDRATACO INTENSA E CRESCIMENTO ACELERADO,OFF E CRESCIMENTO INTENSA ACELERADO FRIZZ COMBO HIDRATACO,COMBO HIDRATAÇÃO INTENSA ACELERADO FRIZZ CRESCIMENTO - 1 UNIDADE
COMBO OFF FRIZZ HIDRATACO INTENSA E CRESCIMENTO ACELERADO,COMBO OFF FRIZZ HIDRATACO INTENSA E CRESCIMENTO ACELERADO,COMBO OFF HIDRATAÇÃO INTENSA E CRESCIMENTO ACELERADO - 1 UNIDADE
COMBO OFF FRIZZ HIDRATACO INTENSA E CRESCIMENTO ACELERADO,CRESCIMENTO INTENSA FRIZZ ACELERADO OFF COMBO E HIDRATACO,COMBO OFF HIDRATAÇÃO INTENSA E CRESCIMENTO ACELERADO - 1 UNIDADE
COMBO OFF FRIZZ HIDRATACO INTENSA E CRESCIMENTO ACELERADO,combo off frizz hidrataco intensa e crescimento acelerado,COMBO OFF HIDRATAÇÃO INTENSA E CRESCIMENTO ACELERADO - 1 UNIDADE
COMBO OFF FRIZZ HIDRATACO INTENSA E CRESCIMENTO ACELERADO,COMBO OFF FRIZZ HIDRATACO E CRESCIMENTO ACELERADO,COMBO OFF HIDRATAÇÃO E CRESCIMENTO ACELERADO - 1 UNIDADE
COMBO OFF FRIZZ HIDRATACO INTENSA E CRESCIMENTO ACELERADO,COMBO OCF FRIZZ HIDRAGACO INTENSA E CRESCIMENTO ACELERADO,COMBO OCF HIDRATAÇÃO INTENSA E CRESCIMENTO ACELERADO - 1 UNIDADE
CCRP CARVO ATIVADO ROBSON PELUQUERO HOME CARE 300ML 2X1,CCRP ATIVADO PELUQUERO HOME 2X1,CCRP ROBSON PELUQUERO ATIVADO HOME - 1 UNIDADE
CCRP CARVO ATIVADO ROBSON PELUQUERO HOME CARE 300ML 2X1,CCRP CARVO ATIVADO ROBSON PELUQHERO HOME CARE 300ML 2X1,CCRP ROBSON PELUQUERO CARVÃO ATIVADO HOME CARE - 300 MILILITROS
CCRP CARVO ATIVADO ROBSON PELUQUERO HOME CARE 300ML 2X1,CARVO CCRP 300ML CARE 2X1 ROBSON ATIVADO PELUQUERO HOME,CCRP ROBSON PELUQUERO CARVÃO ATIVADO HOME CARE - 300 MILILITROS
CCRP CARVO ATIVADO ROBSON PELUQUERO HOME CARE 300ML 2X1,CCRP CARVO ATIVADO ROBSON PELUQUERO HOME CARE 300ML 2X1,CCRP ROBSON PELUQUERO CARVÃO ATIVADO HOME CARE - 300 MILILITROS
CCRP CARVO ATIVADO ROBSON PELUQUERO HOME CARE 300ML 2X1,CCRP CARVO ATIVADO ROBSON PELUQUERI HOME CARR 300ML 2X1,CCRP ROBSON PELUQUERO CARVÃO ATIVADO HOME CARE - 300 MILILITROS
CCRP CARVO ATIVADO ROBSON PELUQUERO HOME CARE 300ML 2X1,Ccrp carvo ativado robson peluquero home care 300ml 2x1,CARVÃO ATIVADO ROBSON PELUQUERO HOME CARE - 300 MILILITROS
KIT PROGRESSIVA GAROTA PODEROSA MASCARA BANHO3D 500 GR,MASCARA GAROTA KIT PODEROSA PROGRESSIVA BANHO3D 500 GR,MÁSCARA GAROTA PODEROSA BANHO 3D PROGRESSIVA - 500 GRAMAS
KIT PROGRESSIVA GAROTA PODEROSA MASCARA BANHO3D 500 GR,GAROTA PODEROSA MASCARA BANHO3D 500 GR,MÁSCARA GAROTA PODEROSA BANHO 3D - 500 GRAMAS
KIT PROGRESSIVA GAROTA PODEROSA MASCARA BANHO3D 500 GR,GR MASCARA 500 KIT BANHO3D PODEROSA GAROTA PROGRESSIVA,MÁSCARA GAROTA PODEROSA BANHO 3D PROGRESSIVA - 1 UNIDADE
KIT PROGRESSIVA GAROTA PODEROSA MASCARA BANHO3D 500 GR,KIT PROGRESSIVA GAROTA PODEROSA MASCARA BANHO3D 500 GR,MÁSCARA GAROTA PODEROSA BANHO 3D PROGRESSIVA - 500 GRAMAS
KIT PROGRESSIVA GAROTA PODEROSA MASCARA BANHO3D 500 GR,IIT PRIFRSSSIVA GSFOTA POCERPSQ MASCARA BANHO3D 500 GE,KIT PROGRESSIVA GAROTA PODEROSA MASCARA BANHO 3D - 500 GRAMAS
KIT PROGRESSIVA GAROTA PODEROSA MASCARA BANHO3D 500 GR,KIT PROGRESSIVA GAROTS PODEROSA MASFARS BSNHO3D 500 GE,KIT PROGRESSIVA GAROTA PODEROSA MASCARA BANHO 3D - 500 GRAMAS
KIT GUANXUMA SHAMPOO CONDICIONADOR MASCARA TNICO VEDIS,KIT GYZNXIMA SBAMPLO VONDICIONADOR MASCARA TNICO VEDIS,KIT GUANXUMA SHAMPOO CONDICIONADOR MASCARA TONICO VEDIS - 1 UNIDADE
KIT GUANXUMA SHAMPOO CONDICIONADOR MASCARA TNICO VEDIS,KIT SHAMPOO MASCARA VEDIS,KIT SHAMPOO MASCARA VEDIS - 1 UNIDADE
KIT GUANXUMA SHAMPOO CONDICIONADOR MASCARA TNICO VEDIS,MASCARA CONDICIONADOR TNICO VEDIS SHAMPOO KIT GUANXUMA,KIT GUANXUMA SHAMPOO CONDICIONADOR MASCARA TONICO VEDIS - 1 UNIDADE
KIT GUANXUMA SHAMPOO CONDICIONADOR MASCARA TNICO VEDIS,kit guanxuma shampoo condicionador mascara tnico vedis,KIT GUANXUMA VEDIS SHAMPOO CONDICIONADOR MÁSCARA TÔNICO - 1 UNIDADE
KIT GUANXUMA SHAMPOO CONDICIONADOR MASCARA TNICO VEDIS,KIT GJANXUMA SHQMPKO CONDICIONZDOE JASCARA TNICO VEDIS,KIT GUANXUMA VEDIS SHAMPOO CONDICIONADOR MÁSCARA TÔNICO - 1 UNIDADE
KIT GUANXUMA SHAMPOO CONDICIONADOR MASCARA TNICO VEDIS,KIT GUANXUMA SHAMPOO CONDICIONADOR MASCARA TNICO VEDIS,KIT GUANXUMA VEDIS SHAMPOO CONDICIONADOR MÁSCARA TÔNICO - 1 UNIDADE
KIT BIO EXTRATUS JABORANDI ANTIQ TRIOSHCOND 1L BC500G,KIT BIO EXTRATUS JABORANDI ANTIQ TRIOSHCOND 1L BC500G,KIT BIO EXTRATUS JABORANDI ANTIQUEDA SHAMPOO CONDICIONADOR MÁSCARA - 1 LITRO
KIT BIO EXTRATUS JABORANDI ANTIQ TRIOSHCOND 1L BC500G,KIT BIO EZTRAGUS JABORANDI ANTIW TRIOSHVPMD 1L BV500G,KIT BIO EXTRATUS JABORANDI ANTIQUEDA SHAMPOO CONDICIONADOR MÁSCARA - 1 LITRO
KIT BIO EXTRATUS JABORANDI ANTIQ TRIOSHCOND 1L BC500G,Kit bio extratus jaborandi antiq trioshcond 1l bc500g,KIT BIO EXTRATUS JABORANDI ANTIQUEDA SHAMPOO E CONDICIONADOR - 1 LITRO
KIT BIO EXTRATUS JABORANDI ANTIQ TRIOSHCOND 1L BC500G,BIO EXTRATUS JABORANDI ANTIQ TRIOSHCOND,BIO EXTRATUS JABORANDI ANTIQUEDA SHAMPOO E CONDICIONADOR - 1 UNIDADE
KIT BIO EXTRATUS JABORANDI ANTIQ TRIOSHCOND 1L BC500G,JIT BIO EXYRATUS JABORANFI ANYIQ TRIOSHCKND 1L BC500G,KIT BIO EXTRATUS JABORANDI ANTIQUEDA SHAMPOO E CONDICIONADOR - 1 LITRO
KIT BIO EXTRATUS JABORANDI ANTIQ TRIOSHCOND 1L BC500G,BC500G JABORANDI 1L TRIOSHCOND EXTRATUS ANTIQ KIT BIO,KIT BIO EXTRATUS JABORANDI ANTIQUEDA SHAMPOO E CONDICIONADOR - 500 GRAMAS
EUDORA SIGE GLOW EXPERT SHAMPOO E CONDICIONADOR,EUDORA SIGE GLOW EXPERT SHAMPOO E CONDICIONADOR,EUDORA SIÀGE GLOW EXPERT SHAMPOO E CONDICIONADOR - 1 UNIDADE
EUDORA SIGE GLOW EXPERT SHAMPOO E CONDICIONADOR,Eudora sige glow expert shampoo e condicionador,SHAMPOO E CONDICIONADOR EUDORA SIÀGE GLOW EXPERT - 1 UNIDADE
EUDORA SIGE GLOW EXPERT SHAMPOO E CONDICIONADOR,SIGE GLOW EXPERT SHAMPOO E,SHAMPOO EUDORA SIÀGE GLOW EXPERT - 1 UNIDADE
EUDORA SIGE GLOW EXPERT SHAMPOO E CONDICIONADOR,WUDORA SIGE HLOS EXPERT SHAMPOO E CLNDIDIPNAEOR,SHAMPOO E CONDICIONADOR EUDORA SIÀGE GLOW EXPERT - 1 UNIDADE
EUDORA SIGE GLOW EXPERT SHAMPOO E CONDICIONADOR,SIGE EUDORA CONDICIONADOR EXPERT SHAMPOO E GLOW,SHAMPOO E CONDICIONADOR EUDORA SIÀGE GLOW EXPERT - 1 UNIDADE
EUDORA SIGE GLOW EXPERT SHAMPOO E CONDICIONADOR,EUDORA SIGE EXPERT SHAMPOO E CONDICIONADOR,SHAMPOO E CONDICIONADOR EUDORA SIÀGE GLOW EXPERT - 1 UNIDADE
KIT TRATAMENTO COMPLETO APSE CACHOS VEGANO,TRATAMENTO COMPLETO KIT CACHOS APSE VEGANO,TRATAMENTO APSE CACHOS VEGANO - 1 UNIDADE
KIT TRATAMENTO COMPLETO APSE CACHOS VEGANO,KIT TRATAMENTO COMPLETO APSE CACHOS VEGANO,TRATAMENTO APSE CACHOS VEGANO - 1 UNIDADE
KIT TRATAMENTO COMPLETO APSE CACHOS VEGANO,KIT TRATAJENTO CIMPLETO APSE CQCHOS VEGANO,TRATAMENTO APSE CACHOS VEGANO - 1 UNIDADE
KIT TRATAMENTO COMPLETO APSE CACHOS VEGANO,KOT TRATAMENTK COMPLETO APSE CSCHOS VEGANO,TRATAMENTO APSE CACHOS VEGANO - 1 UNIDADE
KIT TRATAMENTO COMPLETO APSE CACHOS VEGANO,APSE VEGANO KIT COMPLETO TRATAMENTO CACHOS,TRATAMENTO APSE CACHOS VEGANO - 1 UNIDADE
KIT TRATAMENTO COMPLETO APSE CACHOS VEGANO,KIT COMPLETO APSE CACHOS,KIT APSE CACHOS - 1 UNIDADE
WELLA PROFESSIONALS COLOR MOTION MASCARA 500ML,WELLA MOTION COLOR MASCARA PROFESSIONALS 500ML,MÁSCARA WELLA PROFESSIONALS MOTION COLOR - 500 MILILITROS
WELLA PROFESSIONALS COLOR MOTION MASCARA 500ML,500ML MOTION MASCARA PROFESSIONALS COLOR WELLA,MÁSCARA WELLA PROFESSIONALS MOTION COLOR - 500 MILILITROS
WELLA PROFESSIONALS COLOR MOTION MASCARA 500ML,WELLA OROFWSSIOBAOS COLOR MOTIKN MASCARA 500ML,MÁSCARA WELLA PROFESSIONALS MOTION COLOR - 500 MILILITROS
WELLA PROFESSIONALS COLOR MOTION MASCARA 500ML,WRLLA LRLFESSIKNALS COLOR MOTION MASCARA 500ML,MÁSCARA WELLA PROFESSIONALS MOTION COLOR - 500 MILILITROS
WELLA PROFESSIONALS COLOR MOTION MASCARA 500ML,WELLA PROFESSIONALS COLOR NOTION KASCARA 500ML,WELLA PROFESSIONALS COLOR MOTION MÁSCARA - 500 MILILITROS
WELLA PROFESSIONALS COLOR MOTION MASCARA 500ML,WELLA PROFESSIONALS COLOR MOTION MASCARA 500ML,WELLA PROFESSIONALS COLOR MOTION MÁSCARA - 500 MILILITROS
SEMI DEFINITIVA 5D ALISA AFRO E CRESPO 2X1L CAMPE VENDAS,SEMI DEFINITIVA 5D ALISA AFRO E CRESPO 2X1L CAMPE VENDAS,"SEMI DEFINITIVA 5D ALISA AFRO E CRESPO - 1 LITRO, 2 UNIDADES"
SEMI DEFINITIVA 5D ALISA AFRO E CRESPO 2X1L CAMPE VENDAS,SEMI CAMPE DEFINITIVA VENDAS 2X1L CRESPO 5D ALISA E AFRO,"SEMI DEFINITIVA 5D ALISA AFRO E CRESPO - 1 LITRO, 2 UNIDADES"
SEMI DEFINITIVA 5D ALISA AFRO E CRESPO 2X1L CAMPE VENDAS,SEJI SEFINIYKVA 5D ZLISA AFRO E FRDSPO 2X1L CAMPE VENDAS,"SEMI DEFINITIVA 5D ALISA AFRO E CRESPO - 1 LITRO, 2 UNIDADES"
SEMI DEFINITIVA 5D ALISA AFRO E CRESPO 2X1L CAMPE VENDAS,semi definitiva 5d alisa afro e crespo 2x1l campe vendas,"SEMI DEFINITIVA 5D ALISA AFRO E CRESPO - 1 LITRO, 2 UNIDADES"
SEMI DEFINITIVA 5D ALISA AFRO E CRESPO 2X1L CAMPE VENDAS,SEMO DEFIMITIVA 5D SLISA AFFO E CEESPO 2X1L CAMPE VENDAS,"SEMI DEFINITIVA 5D ALISA AFRO E CRESPO - 1 LITRO, 2 UNIDADES"
SEMI DEFINITIVA 5D ALISA AFRO E CRESPO 2X1L CAMPE VENDAS,DEFINITIVA 5D ALISA AFRO 2X1L CAMPE,"DEFINITIVA 5D ALISA AFRO - 1 LITRO, 2 UNIDADES"
KIT SHAMPOO CONDICIONADOR AUSSIE BOTOX 3 MINUTE MIRACLE,MINUTE 3 CONDICIONADOR BOTOX SHAMPOO MIRACLE KIT AUSSIE,AUSSIE KIT SHAMPOO CONDICIONADOR BOTOX 3 MINUTE MIRACLE - 1 UNIDADE
KIT SHAMPOO CONDICIONADOR AUSSIE BOTOX 3 MINUTE MIRACLE,KIT SHAMPOO CKNDICOONASOR AISSIS BOTOX 3 MIMUTE MIRACLD,AUSSIE KIT SHAMPOO CONDICIONADOR BOTOX 3 MINUTE MIRACLE - 3 METROS
KIT SHAMPOO CONDICIONADOR AUSSIE BOTOX 3 MINUTE MIRACLE,KIT SHAMPKL CONDICIONADOR AYSSIE GOTOX 3 MINUTD MIRACLE,KIT SHAMPOO CONDICIONADOR AUSSIE GOTOX 3 MINUTE MIRACLE - 3 METROS
KIT SHAMPOO CONDICIONADOR AUSSIE BOTOX 3 MINUTE MIRACLE,KIT SHAMPOO CONDICIONADOR AUSSIE BOTOX 3 MINUTE MIRACLE,KIT SHAMPOO CONDICIONADOR AUSSIE BOTOX 3 MINUTE MIRACLE - 3 METROS
KIT SHAMPOO CONDICIONADOR AUSSIE BOTOX 3 MINUTE MIRACLE,MIRACLE BOTOX KIT SHAMPOO 3 MINUTE CONDICIONADOR AUSSIE,KIT SHAMPOO CONDICIONADOR AUSSIE MIRACLE BOTOX 3 MINUTE - 3 METROS
KIT SHAMPOO CONDICIONADOR AUSSIE BOTOX 3 MINUTE MIRACLE,KIT SHAMPOO CONDICIONADOR BOTOX 3 MIRACLE,KIT SHAMPOO CONDICIONADOR BOTOX 3 MIRACLE - 3 METROS
KIT EUDORA SIGE CICA THERAPY SHAMPOOCONDICIONADOR MASCARA,kit eudora sige cica therapy shampoocondicionador mascara,KIT EUDORA SIÀGE CICA THERAPY SHAMPOO CONDICIONADOR MÁSCARA - 1 UNIDADE
KIT CADIVEU PROFESSIONAL PLASTICA DOS FIOS 3 PRODUTOS,KIT CADIVSU PROFESZIONAP PLZSTICA DOS FIOS 3 PRODUTOS,KIT CADIVEU PLÁSTICA DOS FIOS - 1 UNIDADE
KIT CADIVEU PROFESSIONAL PLASTICA DOS FIOS 3 PRODUTOS,KIT CADIVEU PFOFSSSOONQL PLASTICA DOS FIOS 3 PRODUTOS,KIT CADIVEU PLÁSTICA DOS FIOS - 1 UNIDADE
KIT CADIVEU PROFESSIONAL PLASTICA DOS FIOS 3 PRODUTOS,kit cadiveu professional plastica dos fios 3 produtos,KIT CADIVEU PLÁSTICA DOS FIOS - 1 UNIDADE
KIT CADIVEU PROFESSIONAL PLASTICA DOS FIOS 3 PRODUTOS,PRODUTOS PLASTICA KIT DOS FIOS PROFESSIONAL CADIVEU 3,KIT CADIVEU PLÁSTICA DOS FIOS - 1 UNIDADE
KIT CADIVEU PROFESSIONAL PLASTICA DOS FIOS 3 PRODUTOS,KIT CADIVEU PROFESSIONAL PLASTICA 3 PRODUTOS,KIT CADIVEU PLÁSTICA DOS FIOS - 1 UNIDADE
KIT CADIVEU PROFESSIONAL PLASTICA DOS FIOS 3 PRODUTOS,KIT CADIVEU PROFESSIONAL PLASTICA DOS FIOS 3 PRODUTOS,KIT CADIVEU PROFESSIONAL PLÁSTICA DOS FIOS - 1 UNIDADE
COMBO RESULTADO DE SALO 800ML HIDRABELL,SALO COMBO RESULTADO 800ML HIDRABELL DE,SHAMPOO HIDRABELL COMBO RESULTADO - 800 MILILITROS
COMBO RESULTADO DE SALO 800ML HIDRABELL,COMBO RESULTADO DE SALO 800ML HIDRABELL,SHAMPOO HIDRABELL COMBO RESULTADO - 800 MILILITROS
COMBO RESULTADO DE SALO 800ML HIDRABELL,SALO 800ML HIDRABELL,SHAMPOO HIDRABELL - 800 MILILITROS
COMBO RESULTADO DE SALO 800ML HIDRABELL,COJBO RESULTADO DE SQLO 800ML HUCFABSLL,SHAMPOO HIDRABELL COMBO RESULTADO - 800 MILILITROS
COMBO RESULTADO DE SALO 800ML HIDRABELL,COJBO RESULTADO DE SALO 800ML HIDRABELL,CONJUNTO RESULTADO DE SALÃO HIDRABELL - 800 MILILITROS
COMBO RESULTADO DE SALO 800ML HIDRABELL,combo resultado de salo 800ml hidrabell,COMBO RESULTADO DE SALÃO HIDRABELL - 800 MILILITROS
OLEO INOAR KALICE PREMIUM MULTIFUNCIONAL 100ML,oleo inoar kalice premium multifuncional 100ml,ÓLEO INOAR KALICE PREMIUM MULTIFUNCIONAL - 100 MILILITROS
OLEO INOAR KALICE PREMIUM MULTIFUNCIONAL 100ML,OLEO INOAR KALICE PREMIUM 100ML,ÓLEO INOAR KALICE PREMIUM - 100 MILILITROS
OLEO INOAR KALICE PREMIUM MULTIFUNCIONAL 100ML,OLEO INOAR KALICE PREMIUM MULTIFUNCIONAL 100ML,ÓLEO INOAR KALICE PREMIUM MULTIFUNCIONAL - 100 MILILITROS
OLEO INOAR KALICE PREMIUM MULTIFUNCIONAL 100ML,PREMIUM 100ML INOAR KALICE MULTIFUNCIONAL OLEO,ÓLEO INOAR KALICE PREMIUM MULTIFUNCIONAL - 100 MILILITROS
OLEO INOAR KALICE PREMIUM MULTIFUNCIONAL 100ML,OOWO KNIAR MALICE PREMIUJ MULTIFUNCIONAL 100ML,ÓLEO INOAR KALICE PREMIUM MULTIFUNCIONAL - 100 MILILITROS
OLEO INOAR KALICE PREMIUM MULTIFUNCIONAL 100ML,PREMIUM OLEO MULTIFUNCIONAL INOAR KALICE 100ML,ÓLEO INOAR KALICE PREMIUM MULTIFUNCIONAL - 100 MILILITROS
GEL COLA PIERRY LOHAN CAIXA 24 UNIDADES 250G GEL COLA,gel cola pierry lohan caixa 24 unidades 250g gel cola,"GEL COLA PIERRY LOHAN - 24 UNIDADES, 24 UNIDADES"
GEL COLA PIERRY LOHAN CAIXA 24 UNIDADES 250G GEL COLA,GEL COLZ LJERRY LOHAN CAIXQ 24 UNIDADES 250G GEL COLA,"GEL COLA PIERRY LOHAN - 24 UNIDADES, 24 UNIDADES"
GEL COLA PIERRY LOHAN CAIXA 24 UNIDADES 250G GEL COLA,GEL COLZ OIERRY LOHAN CAIXA 24 UNIDADES 250G GEL COLZ,"GEL COLA PIERRY LOHAN - 24 UNIDADES, 24 UNIDADES"
GEL COLA PIERRY LOHAN CAIXA 24 UNIDADES 250G GEL COLA,LOHAN COLA GEL COLA PIERRY CAIXA 24 250G UNIDADES GEL,GEL COLA PIERRY LOHAN - 250 GRAMAS
GEL COLA PIERRY LOHAN CAIXA 24 UNIDADES 250G GEL COLA,GEL COLA PIERRY LOHAN CAIXA 24 250G GEL,GEL COLA PIERRY LOHAN - 250 GRAMAS
GEL COLA PIERRY LOHAN CAIXA 24 UNIDADES 250G GEL COLA,GEL COLA PIERRY LOHAN CAIXA 24 UNIDADES 250G GEL COLA,"GEL COLA PIERRY LOHAN - 24 UNIDADES, 24 UNIDADES"
12 X PROTETOR TERMICO USO ETERNO FINALIZADOR MARY LIFE 130ML,12 X PROTETOR TEDMICP USO ETERNP FIMALIZSDOR MARY LIFE 130ML,PROTETOR TÉRMICO FINALIZADOR MARY LIFE - 130 MILILITROS
12 X PROTETOR TERMICO USO ETERNO FINALIZADOR MARY LIFE 130ML,12 X PROTETOR TWRMKDO ISO ETDRNO GINAPJZADOR KSRY LIFD 130ML,"PROTETOR TÉRMICO MARY LIFE FINALIZADOR USO ETERNO - 130 MILILITROS, 130 FARDOS"
12 X PROTETOR TERMICO USO ETERNO FINALIZADOR MARY LIFE 130ML,TERMICO LIFE 130ML MARY X 12 PROTETOR ETERNO FINALIZADOR USO,PROTETOR TÉRMICO MARY LIFE FINALIZADOR USO ETERNO - 130 MILILITROS
12 X PROTETOR TERMICO USO ETERNO FINALIZADOR MARY LIFE 130ML,X PROTETOR TERMICO USO FINALIZADOR MARY LIFE 130ML,PROTETOR TÉRMICO MARY LIFE FINALIZADOR USO ETERNO - 130 MILILITROS
12 X PROTETOR TERMICO USO ETERNO FINALIZADOR MARY LIFE 130ML,12 X PROTETOR TERMICO USO ETERNO FINALIZADOR MARY LIFE 130ML,PROTETOR TÉRMICO MARY LIFE FINALIZADOR USO ETERNO - 130 MILILITROS
12 X PROTETOR TERMICO USO ETERNO FINALIZADOR MARY LIFE 130ML,12 X PROTETOR TERMICO USO ETERNO FINALIZADOR MARY 130ML,PROTETOR TÉRMICO MARY FINALIZADOR USO ETERNO - 130 MILILITROS
KIT 2 HIDRALISO ALISANTE NATURAL PARA TODOS OS CABELOS,KIT 2 HIDRALIDO ALISSNGE NATURAL PARA TODOS OS CZBELOS,HIDRALISO ALISANTE NATURAL - 1 UNIDADE
KIT 2 HIDRALISO ALISANTE NATURAL PARA TODOS OS CABELOS,KIT 2 HIDRALISO ALISANTE NATURAL OS CABELOS,HIDRALISO ALISANTE NATURAL - 1 UNIDADE
KIT 2 HIDRALISO ALISANTE NATURAL PARA TODOS OS CABELOS,CABELOS NATURAL ALISANTE PARA OS TODOS KIT HIDRALISO 2,HIDRALISO ALISANTE NATURAL - 1 UNIDADE
KIT 2 HIDRALISO ALISANTE NATURAL PARA TODOS OS CABELOS,KIT 2 HIDRALISO ALISANTE NATURAL PARA TODOS OS CABELOS,HIDRALISO ALISANTE NATURAL - 1 UNIDADE
KIT 2 HIDRALISO ALISANTE NATURAL PARA TODOS OS CABELOS,HIDRALISO 2 ALISANTE PARA KIT TODOS OS NATURAL CABELOS,HIDRALISO ALISANTE NATURAL - 1 UNIDADE
KIT 2 HIDRALISO ALISANTE NATURAL PARA TODOS OS CABELOS,kit 2 hidraliso alisante natural para todos os cabelos,HIDRALISO ALISANTE NATURAL - 1 UNIDADE
KIT MELHOR TRATAMENTO INTENSIVO LOIRA RECONSTRUCO NUTRITIVA,KIT MELHOR TRATAMENTO INTENSIVO LOIRA RECONSTRUCO NUTRITIVA,KIT TRATAMENTO INTENSIVO LOIRA RECONSTRUÇÃO NUTRITIVA - 1 UNIDADE
KIT MELHOR TRATAMENTO INTENSIVO LOIRA RECONSTRUCO NUTRITIVA,KIT MELHOR INTENSIVO LOIRA,KIT TRATAMENTO INTENSIVO LOIRA - 1 UNIDADE
KIT MELHOR TRATAMENTO INTENSIVO LOIRA RECONSTRUCO NUTRITIVA,MELHOR RECONSTRUCO NUTRITIVA KIT TRATAMENTO INTENSIVO LOIRA,KIT TRATAMENTO INTENSIVO LOIRA RECONSTRUÇÃO NUTRITIVA - 1 UNIDADE
KIT MELHOR TRATAMENTO INTENSIVO LOIRA RECONSTRUCO NUTRITIVA,TRATAMENTO INTENSIVO NUTRITIVA RECONSTRUCO MELHOR KIT LOIRA,KIT TRATAMENTO INTENSIVO LOIRA RECONSTRUÇÃO NUTRITIVA - 1 UNIDADE
KIT MELHOR TRATAMENTO INTENSIVO LOIRA RECONSTRUCO NUTRITIVA,KIT MELHOR TRATAMENGL INTENSIVO LOIRA RECONZTRJVO JUTRITIVQ,KIT TRATAMENTO INTENSIVO LOIRA RECONSTRUTOR NUTRITIVO - 1 UNIDADE
KIT MELHOR TRATAMENTO INTENSIVO LOIRA RECONSTRUCO NUTRITIVA,MIT MELHOR TRATAMENTP INTENSIVO LOIRA REDLNSTRUCO NUTRITIVA,KIT TRATAMENTO INTENSIVO LOIRA RECONSTRUTOR NUTRITIVO - 1 UNIDADE
ROBSON PELUQUERO KIT CCRP CRONOGRAMA CAPILAR 4 PASSOS,ROBSON PELUQUERL KIT CCDP CRONOGRAMS CAPILAR 4 PASWOS,ROBSON PELUQUERO KIT CCRP CRONOGRAMA CAPILAR - 1 UNIDADE
ROBSON PELUQUERO KIT CCRP CRONOGRAMA CAPILAR 4 PASSOS,PASSOS ROBSON CAPILAR CCRP 4 PELUQUERO CRONOGRAMA KIT,ROBSON PELUQUERO KIT CCRP CRONOGRAMA CAPILAR - 1 UNIDADE
ROBSON PELUQUERO KIT CCRP CRONOGRAMA CAPILAR 4 PASSOS,ROBSON PELUQUERO KIT CCRP CRONOGRAMA 4 PASSOS,ROBSON PELUQUERO KIT CCRP CRONOGRAMA CAPILAR - 1 UNIDADE
ROBSON PELUQUERO KIT CCRP CRONOGRAMA CAPILAR 4 PASSOS,ROBSON PELUQUERO KIT CCRP CRONOGRAMA CAPILAR 4 PASSOS,ROBSON PELUQUERO KIT CCRP CRONOGRAMA CAPILAR - 1 UNIDADE
ROBSON PELUQUERO KIT CCRP CRONOGRAMA CAPILAR 4 PASSOS,ROBSOB PELUQUSFO KIT CCRO CEKNOHRAMZ CAPILAR 4 PASDIS,ROBSON PELUQUERO KIT CCRP CRONOGRAMA CAPILAR - 1 UNIDADE
ROBSON PELUQUERO KIT CCRP CRONOGRAMA CAPILAR 4 PASSOS,KIT CRONOGRAMA 4 CAPILAR ROBSON PASSOS CCRP PELUQUERO,ROBSON PELUQUERO KIT CCRP CRONOGRAMA CAPILAR - 1 UNIDADE
KIT COM 2 SHAMPOOS MATIZADOR SILVER BLACK,Kit com 2 shampoos matizador silver black,SHAMPOO MATIZADOR SILVER BLACK - 1 UNIDADE
KIT COM 2 SHAMPOOS MATIZADOR SILVER BLACK,KJT COM 2 SHAMPOLS MATIZAFOR SILVDF BKACK,SHAMPOO MATIZADOR SILVER BLACK - 1 UNIDADE
KIT NEOLIZZ SHAMPOO CONDICIONADOR MASCARA BRINDE,KIT NEOLIZZ MASCARA BRINDE,KIT NEOLIZZ MÁSCARA - 1 UNIDADE
KIT NEOLIZZ SHAMPOO CONDICIONADOR MASCARA BRINDE,KIT BRINDE SHAMPOO NEOLIZZ CONDICIONADOR MASCARA,KIT NEOLIZZ SHAMPOO CONDICIONADOR MÁSCARA - 1 UNIDADE
KIT NEOLIZZ SHAMPOO CONDICIONADOR MASCARA BRINDE,Kit neolizz shampoo condicionador mascara brinde,KIT NEOLIZZ SHAMPOO CONDICIONADOR MÁSCARA - 1 UNIDADE
KIT NEOLIZZ SHAMPOO CONDICIONADOR MASCARA BRINDE,SHAMPOO NEOLIZZ BRINDE MASCARA CONDICIONADOR KIT,KIT NEOLIZZ SHAMPOO CONDICIONADOR MÁSCARA - 1 UNIDADE
KIT NEOLIZZ SHAMPOO CONDICIONADOR MASCARA BRINDE,KIT NEOLIZZ SHAMPOO CONDICIONADOR MASCARA BRINDE,KIT NEOLIZZ SHAMPOO CONDICIONADOR MÁSCARA - 1 UNIDADE
KIT NEOLIZZ SHAMPOO CONDICIONADOR MASCARA BRINDE,KIT NEOLIZZ SHAMPOO CKNDICIONADOR MASCARA BRINDE,KIT NEOLIZZ SHAMPOO CONDICIONADOR MASCARA BRINDE - 1 UNIDADE
BTX ORGHANIC 300G PLANCTON,Btx orghanic 300g plancton,BOTOX PLANCTON ORGHANIC - 300 GRAMAS
BTX ORGHANIC 300G PLANCTON,BTX 300G PLANCTON,BOTOX PLANCTON - 300 GRAMAS
BTX ORGHANIC 300G PLANCTON,BTX KRGHANIF 300G OLANCTON,BOTOX PLANCTON ORGHANIC - 300 GRAMAS
BTX ORGHANIC 300G PLANCTON,BTX ORGHANIC 300G PLANCTON,BOTOX PLANCTON ORGHANIC - 300 GRAMAS
BTX ORGHANIC 300G PLANCTON,BTX ORTHANIC 300G PLANCTON,BOTOX PLANCTON ORTHANIC - 300 GRAMAS
BTX ORGHANIC 300G PLANCTON,ORGHANIC 300G BTX PLANCTON,BOTOX PLANCTON ORGHANIC - 300 GRAMAS
KIT PROGRESSIVA DEFINITIVA PROFISSIONAL JAPONESA 4D BRINDE,KIT PROGRESSIVZ DEFINITIVA PROFISSIONAL NQPONESA 4D BRINDE,KIT PROGRESSIVA DEFINITIVA PROFISSIONAL JAPONESA 4D - 1 UNIDADE
KIT PROGRESSIVA DEFINITIVA PROFISSIONAL JAPONESA 4D BRINDE,JIT OROTRESSIVA DEFINIRIVS PROFISSIONSL JAPONESA 4D BRINDE,KIT PROGRESSIVA DEFINITIVA PROFISSIONAL JAPONESA 4D - 1 UNIDADE
KIT PROGRESSIVA DEFINITIVA PROFISSIONAL JAPONESA 4D BRINDE,KIT PROGRESSIVA DEFINITIVA PROFISSIONAL JAPONESA 4D BRINDE,KIT PROGRESSIVA DEFINITIVA PROFISSIONAL JAPONESA 4D - 1 UNIDADE
KIT PROGRESSIVA DEFINITIVA PROFISSIONAL JAPONESA 4D BRINDE,KIT PROGRESSIVA PROFISSIONAL JAPONESA 4D BRINDE,PROGRESSIVA JAPONESA 4D PROFISSIONAL - 1 UNIDADE
KIT PROGRESSIVA DEFINITIVA PROFISSIONAL JAPONESA 4D BRINDE,PROFISSIONAL PROGRESSIVA DEFINITIVA JAPONESA 4D KIT BRINDE,PROGRESSIVA JAPONESA 4D DEFINITIVA PROFISSIONAL - 1 UNIDADE
KIT PROGRESSIVA DEFINITIVA PROFISSIONAL JAPONESA 4D BRINDE,Kit progressiva definitiva profissional japonesa 4d brinde,PROGRESSIVA JAPONESA 4D DEFINITIVA PROFISSIONAL - 1 UNIDADE
PROGRESSIVA SEM FORMOL TITANIUM LISS BBTOX CAPILAR ARGAN,PROGRESSIVA SEM FORMOL TITANIUM LISS BBTOX CAPILAR ARGAN,PROGRESSIVA TITANIUM LISS SEM FORMOL BBTOX CAPILAR ARGAN - 1 UNIDADE
PROGRESSIVA SEM FORMOL TITANIUM LISS BBTOX CAPILAR ARGAN,FORMOL CAPILAR LISS SEM TITANIUM PROGRESSIVA BBTOX ARGAN,PROGRESSIVA TITANIUM LISS SEM FORMOL BBTOX CAPILAR ARGAN - 1 UNIDADE
PROGRESSIVA SEM FORMOL TITANIUM LISS BBTOX CAPILAR ARGAN,PROGRESSIVA SEM FORMOL TITANOUM KIXD BBTOX CAPILQR ARGAN,PROGRESSIVA TITANIUM SEM FORMOL [BOTOX CAPILAR ARGAN] - 1 UNIDADE
PROGRESSIVA SEM FORMOL TITANIUM LISS BBTOX CAPILAR ARGAN,TITANIUM LISS BBTOX CAPILAR ARGAN,TITANIUM LISS [BOTOX CAPILAR ARGAN] - 1 UNIDADE
PROGRESSIVA SEM FORMOL TITANIUM LISS BBTOX CAPILAR ARGAN,progressiva sem formol titanium liss bbtox capilar argan,PROGRESSIVA TITANIUM LISS SEM FORMOL [BOTOX CAPILAR ARGAN] - 1 UNIDADE
PROGRESSIVA SEM FORMOL TITANIUM LISS BBTOX CAPILAR ARGAN,SEM ARGAN PROGRESSIVA FORMOL BBTOX LISS TITANIUM CAPILAR,PROGRESSIVA TITANIUM LISS SEM ARGAN [FORMOL BOTOX CAPILAR] - 1 UNIDADE
KIT PROTETOR TERMICO PROGRESSIVA HIDRATACO 5 ITENS COMBO,HIDRATACO PROTETOR KIT PROGRESSIVA ITENS 5 TERMICO COMBO,KIT PROGRESSIVA HIDRATAÇÃO PROTETOR [TÉRMICO COMBO] - 1 UNIDADE
KIT PROTETOR TERMICO PROGRESSIVA HIDRATACO 5 ITENS COMBO,PROTETOR PROGRESSIVA HIDRATACO 5 ITENS COMBO,PROTETOR PROGRESSIVA HIDRATAÇÃO - 1 UNIDADE
KIT PROTETOR TERMICO PROGRESSIVA HIDRATACO 5 ITENS COMBO,kit protetor termico progressiva hidrataco 5 itens combo,KIT PROTETOR TÉRMICO PROGRESSIVA HIDRATAÇÃO - 1 UNIDADE
KIT PROTETOR TERMICO PROGRESSIVA HIDRATACO 5 ITENS COMBO,KIT PROTETOR TERMIVO PROGRESSIVA HIXRQTAXO 5 ITENS COMBO,KIT PROTETOR TÉRMICO PROGRESSIVA HIDRATAÇÃO - 1 UNIDADE
KIT PROTETOR TERMICO PROGRESSIVA HIDRATACO 5 ITENS COMBO,KIF PROTETOR TRRMICO PROGRESSIVZ HIDRATACO 5 JTENS COMBO,KIT PROTETOR TÉRMICO PROGRESSIVA HIDRATAÇÃO - 1 UNIDADE
KIT PROTETOR TERMICO PROGRESSIVA HIDRATACO 5 ITENS COMBO,KIT PROTETOR TERMICO PROGRESSIVA HIDRATACO 5 ITENS COMBO,KIT PROTETOR TÉRMICO PROGRESSIVA HIDRATAÇÃO - 1 UNIDADE
SUN IN CLAREADOR PHYTOERVAS 120ML KIT C2,IN CLAREADOR C2 SUN KIT PHYTOERVAS 120ML,CLAREADOR PHYTOERVAS SUN IN - 120 MILILITROS
SUN IN CLAREADOR PHYTOERVAS 120ML KIT C2,Sun in clareador phytoervas 120ml kit c2,CLAREADOR PHYTOERVAS SUN IN - 120 MILILITROS
SUN IN CLAREADOR PHYTOERVAS 120ML KIT C2,SUN IN CLAREADOR PHYTOERBAS 120ML KIT C2,CLAREADOR PHYTOERVAS SUN IN - 120 MILILITROS
SUN IN CLAREADOR PHYTOERVAS 120ML KIT C2,SUN IN CLAREADOR PHYTOERVAS 120ML KIT C2,CLAREADOR PHYTOERVAS SUN IN - 120 MILILITROS
SUN IN CLAREADOR PHYTOERVAS 120ML KIT C2,SUN JN CLAREADOR PHYTOERVAS 120ML KIT C2,CLAREADOR PHYTOERVAS SUN IN - 120 MILILITROS
SUN IN CLAREADOR PHYTOERVAS 120ML KIT C2,IN PHYTOERVAS 120ML KIT,SHAMPOO PHYTOERVAS - 120 MILILITROS
KIT MUITO MAIS LISO DESMAIA FIOS MYPHIOS PROFESSIONAL,MAIS PROFESSIONAL MYPHIOS DESMAIA MUITO FIOS LISO KIT,SHAMPOO MYPHIOS PROFESSIONAL DESMAIA MUITO FIOS LISO - 1 UNIDADE
KIT MUITO MAIS LISO DESMAIA FIOS MYPHIOS PROFESSIONAL,MYPHIOS LISO KIT PROFESSIONAL DESMAIA FIOS MUITO MAIS,SHAMPOO MYPHIOS PROFESSIONAL LISO DESMAIA FIOS MUITO MAIS - 1 UNIDADE
KIT MUITO MAIS LISO DESMAIA FIOS MYPHIOS PROFESSIONAL,MUITO MAIS LISO DESMAIA FIOS MYPHIOS PROFESSIONAL,SHAMPOO MUITO MAIS LISO DESMAIA FIOS MYPHIOS PROFESSIONAL - 1 UNIDADE
KIT MUITO MAIS LISO DESMAIA FIOS MYPHIOS PROFESSIONAL,Kit muito mais liso desmaia fios myphios professional,SHAMPOO MUITO MAIS LISO DESMAIA FIOS MYPHIOS PROFESSIONAL - 1 UNIDADE
KIT MUITO MAIS LISO DESMAIA FIOS MYPHIOS PROFESSIONAL,KIT MUITO MAIS LISO DESMAIA FIOS MYPHIOS PROFESSIONAL,KIT MYPHIOS PROFESSIONAL DESMAIA FIOS MUITO MAIS LISO - 1 UNIDADE
KIT MUITO MAIS LISO DESMAIA FIOS MYPHIOS PROFESSIONAL,KIT MUITL MAIS LISK DESMAIA FIOS MYPHIOS PROFESSIONAL,KIT MYPHIOS PROFESSIONAL DESMAIA FIOS MUITO MAIS LISO - 1 UNIDADE
HIDRA LISO SENSACO DE LISO NATURAL PROGRESSIVA DE CHUVEIRO,hidra liso sensaco de liso natural progressiva de chuveiro,HIDRA LISO SENSAÇÃO DE LISO NATURAL PROGRESSIVA DE CHUVEIRO - 1 UNIDADE
HIDRA LISO SENSACO DE LISO NATURAL PROGRESSIVA DE CHUVEIRO,HIDRA SENSACO LISO NATURAL PROGRESSIVA DE CHUVEIRO,HIDRA SENSAÇÃO LISO NATURAL PROGRESSIVA DE CHUVEIRO - 1 UNIDADE
HIDRA LISO SENSACO DE LISO NATURAL PROGRESSIVA DE CHUVEIRO,HIDRA LISO SWNSACO DE LISO NQTURQL LROGRESSIVA DW CHUVEIRP,HIDRA LISO SENSAÇÃO DE LISO NATURAL PROGRESSIVA DE CHUVEIRO - 1 UNIDADE
HIDRA LISO SENSACO DE LISO NATURAL PROGRESSIVA DE CHUVEIRO,PROGRESSIVA HIDRA SENSACO NATURAL DE DE CHUVEIRO LISO LISO,PROGRESSIVA HIDRA SENSAÇÃO NATURAL LISO - 1 UNIDADE
HIDRA LISO SENSACO DE LISO NATURAL PROGRESSIVA DE CHUVEIRO,HIDRA LISO SENSACO DE LISO NATURAL PROGRESSIVA DE CHUVEIRO,HIDRA SENSAÇÃO NATURAL LISO PROGRESSIVA - 1 UNIDADE
HIDRA LISO SENSACO DE LISO NATURAL PROGRESSIVA DE CHUVEIRO,HJFRZ LISO SENSACO DE LISO NATURAL PROGRESSIVA DE CNUVEIRO,HIDRA SENSAÇÃO NATURAL LISO PROGRESSIVA - 1 UNIDADE
KIT MONOVIN CRESCIMENTO CAPILAR ANTIQUEDA ORIGINAL 4 PASSOS,KIT MONOVIN CRESCIMENTO CAPILAR ANTIQUEDA ORIGINAL 4 PASSOS,KIT MONOVIN CRESCIMENTO CAPILAR ANTIQUEDA ORIGINAL - 1 UNIDADE
KIT MONOVIN CRESCIMENTO CAPILAR ANTIQUEDA ORIGINAL 4 PASSOS,KIT CRESCIMENTO CAPILAR ORIGINAL PASSOS,KIT CRESCIMENTO CAPILAR ORIGINAL - 1 UNIDADE
KIT MONOVIN CRESCIMENTO CAPILAR ANTIQUEDA ORIGINAL 4 PASSOS,ORIGINAL PASSOS KIT ANTIQUEDA CAPILAR MONOVIN 4 CRESCIMENTO,KIT MONOVIN ANTIQUEDA CRESCIMENTO ORIGINAL 4 PASSOS - 1 UNIDADE
KIT MONOVIN CRESCIMENTO CAPILAR ANTIQUEDA ORIGINAL 4 PASSOS,Kit monovin crescimento capilar antiqueda original 4 passos,KIT MONOVIN CRESCIMENTO CAPILAR ANTIQUEDA ORIGINAL 4 PASSOS - 1 UNIDADE
KIT MONOVIN CRESCIMENTO CAPILAR ANTIQUEDA ORIGINAL 4 PASSOS,KIT MONOVIN CRESCIMENTO CAPILAR ANTKQUEDA KRIGINAL 4 PAWSOS,KIT MONOVIN CRESCIMENTO CAPILAR ANTIQUEDA ORIGINAL 4 PASSOS - 1 UNIDADE
KIT MONOVIN CRESCIMENTO CAPILAR ANTIQUEDA ORIGINAL 4 PASSOS,KIT CRESCIMENTO CAPILAR ANTIQUEDA ORIGINAL 4 PASSOS,KIT CRESCIMENTO CAPILAR ANTIQUEDA ORIGINAL 4 PASSOS - 1 UNIDADE
SHAMPOO PALMOLIVE NATURALS NEUTRO LIMPEZA BALANCEADA 350ML,NATURALS LIMPEZA SHAMPOO BALANCEADA PALMOLIVE 350ML NEUTRO,SHAMPOO PALMOLIVE NATURALS LIMPEZA BALANCEADA NEUTRO - 350 MILILITROS
SHAMPOO PALMOLIVE NATURALS NEUTRO LIMPEZA BALANCEADA 350ML,SHAMPOO PALMOLIVE NEUTRO LIMPEZA BALANCEADA 350ML,SHAMPOO PALMOLIVE NEUTRO LIMPEZA BALANCEADA - 350 MILILITROS
SHAMPOO PALMOLIVE NATURALS NEUTRO LIMPEZA BALANCEADA 350ML,LIMPEZA SHAMPOO 350ML NATURALS PALMOLIVE NEUTRO BALANCEADA,SHAMPOO PALMOLIVE NATURALS NEUTRO LIMPEZA BALANCEADA - 350 MILILITROS
SHAMPOO PALMOLIVE NATURALS NEUTRO LIMPEZA BALANCEADA 350ML,SHZMPOO PALNOLIVE NATUTQLS NEUTRO LIMPEZA BALANVEADA 350ML,SHAMPOO PALMOLIVE NATURALS NEUTRO LIMPEZA BALANCEADA - 350 MILILITROS
SHAMPOO PALMOLIVE NATURALS NEUTRO LIMPEZA BALANCEADA 350ML,SHAMPOO PALMOLIVE NATURALS NRUTRO LIMPEZS BALANCEADA 350ML,SHAMPOO PALMOLIVE NATURALS NEUTRO LIMPEZA BALANCEADA - 350 MILILITROS
SHAMPOO PALMOLIVE NATURALS NEUTRO LIMPEZA BALANCEADA 350ML,SHAMPOO PALMOLIVE NATURALS NEUTRO LIMPEZA BALANCEADA 350ML,SHAMPOO PALMOLIVE NATURALS NEUTRO LIMPEZA BALANCEADA - 350 MILILITROS
KIT WELLA NUTRI ENRICH SHAMPOO E CONDICIONADOR DE 1 LITRO,KIT WELPA NUTRI ENRICB SHAMPOO E DONDIFIONADOR DE 1 LJRRO,KIT WELLA NUTRI ENRICH SHAMPOO E CONDICIONADOR - 1 LITRO
KIT WELLA NUTRI ENRICH SHAMPOO E CONDICIONADOR DE 1 LITRO,WELLA CONDICIONADOR 1 SHAMPOO NUTRI DE LITRO KIT ENRICH E,KIT WELLA NUTRI ENRICH SHAMPOO E CONDICIONADOR - 1 UNIDADE
KIT WELLA NUTRI ENRICH SHAMPOO E CONDICIONADOR DE 1 LITRO,KIY WELLA NURRI ENRICH SHAMPOO E CONDICIPNADOD DE 1 LIYRO,KIT WELLA NUTRI ENRICH SHAMPOO E CONDICIONADOR - 1 LITRO
KIT WELLA NUTRI ENRICH SHAMPOO E CONDICIONADOR DE 1 LITRO,KIT WELLA SHAMPOO E CONDICIONADOR 1 LITRO,KIT WELLA SHAMPOO E CONDICIONADOR - 1 LITRO
KIT WELLA NUTRI ENRICH SHAMPOO E CONDICIONADOR DE 1 LITRO,KIT WELLA NUTRI ENRICH SHAMPOO E CONDICIONADOR DE 1 LITRO,KIT WELLA NUTRI ENRICH SHAMPOO E CONDICIONADOR - 1 LITRO
KIT WELLA NUTRI ENRICH SHAMPOO E CONDICIONADOR DE 1 LITRO,Kit wella nutri enrich shampoo e condicionador de 1 litro,KIT WELLA NUTRI ENRICH SHAMPOO E CONDICIONADOR - 1 LITRO
KIT JOICO MOISTURE RECOVERY SHAMPOO 300ML CONDICIONADOR,RECOVERY 300ML SHAMPOO CONDICIONADOR KIT MOISTURE JOICO,KIT JOICO MOISTURE RECOVERY SHAMPOO E CONDICIONADOR - 300 MILILITROS
KIT JOICO MOISTURE RECOVERY SHAMPOO 300ML CONDICIONADOR,KIT JOICO MKISTYRE RECOVSRY SHAMPLO 300MK CONDICIONADOR,KIT JOICO MOISTURE RECOVERY SHAMPOO E CONDICIONADOR - 300 METROS
KIT JOICO MOISTURE RECOVERY SHAMPOO 300ML CONDICIONADOR,KIT MOISTURE RECOVERY SHAMPOO CONDICIONADOR,KIT MOISTURE RECOVERY SHAMPOO E CONDICIONADOR - 1 UNIDADE
KIT JOICO MOISTURE RECOVERY SHAMPOO 300ML CONDICIONADOR,KIT JOICO MOISTURE RECOVERY SHAMPOO 300ML CONDICIONADOR,KIT JOICO MOISTURE RECOVERY SHAMPOO E CONDICIONADOR - 300 MILILITROS
KIT JOICO MOISTURE RECOVERY SHAMPOO 300ML CONDICIONADOR,Kit joico moisture recovery shampoo 300ml condicionador,SHAMPOO E CONDICIONADOR JOICO MOISTURE RECOVERY - 300 MILILITROS
KIT JOICO MOISTURE RECOVERY SHAMPOO 300ML CONDICIONADOR,LIT JOICO MOISTURE RECOVERY SHAMOOK 300ML CONDICIONADOR,SHAMPOO E CONDICIONADOR JOICO MOISTURE RECOVERY - 300 MILILITROS
KIT CABELOS CACHEADOS ABACATE COMPLETO 8X500ML MAYCRENE,KIT CABELOS CACHEADOS ABACATE COMPLETO 8X500ML MAYCRENE,"KIT MAYCRENE CABELOS CACHEADOS ABACATE COMPLETO - 500 MILILITROS, 8 UNIDADES"
KIT CABELOS CACHEADOS ABACATE COMPLETO 8X500ML MAYCRENE,Kit cabelos cacheados abacate completo 8x500ml maycrene,"KIT MAYCRENE CABELOS CACHEADOS ABACATE COMPLETO - 500 MILILITROS, 8 UNIDADES"
KIT CABELOS CACHEADOS ABACATE COMPLETO 8X500ML MAYCRENE,8X500ML KIT CACHEADOS MAYCRENE CABELOS ABACATE COMPLETO,"KIT MAYCRENE CABELOS CACHEADOS ABACATE COMPLETO - 500 MILILITROS, 8 UNIDADES"
KIT CABELOS CACHEADOS ABACATE COMPLETO 8X500ML MAYCRENE,KIT CABELOS CACHEADOS ABACATE COMPLETO MAYCRENE,KIT CABELOS CACHEADOS MAYCRENE ABACATE - 1 UNIDADE
KIT CABELOS CACHEADOS ABACATE COMPLETO 8X500ML MAYCRENE,KIT CABELOS CACGEASOW ABACATE COMPLETO 8X500ML MAYCRRNE,"KIT CABELOS CACHEADOS MAYCRENE ABACATE - 500 MILILITROS, 8 UNIDADES"
KIT CABELOS CACHEADOS ABACATE COMPLETO 8X500ML MAYCRENE,kit cabelos cacheados abacate completo 8x500ml maycrene,"KIT CABELOS CACHEADOS MAYCRENE ABACATE - 500 MILILITROS, 8 UNIDADES"
CREME LOWELL KEEPING LISS ALISAMENTO PROGRESSIVO 450ML,CRDME LOWEOL KEEPING LISS ALISAMENTP PRPGRESSIVO 450ML,CREME LOWELL KEEPING LISS ALISAMENTO PROGRESSIVO - 450 MILILITROS
CREME LOWELL KEEPING LISS ALISAMENTO PROGRESSIVO 450ML,CREME LOWELL KEEPONG LISS ALISAMENTO PROGRESSIVO 450ML,CREME LOWELL KEEPING LISS ALISAMENTO PROGRESSIVO - 450 MILILITROS
CREME LOWELL KEEPING LISS ALISAMENTO PROGRESSIVO 450ML,CREME LOWELL KEEPING LISS ALISAMENTO PROGRESSIVO 450ML,CREME LOWELL KEEPING LISS ALISAMENTO PROGRESSIVO - 450 MILILITROS
CREME LOWELL KEEPING LISS ALISAMENTO PROGRESSIVO 450ML,CREME LOWELL KEEPING ALISAMENTO PROGRESSIVO 450ML,CREME LOWELL KEEPING ALISAMENTO PROGRESSIVO - 450 MILILITROS
CREME LOWELL KEEPING LISS ALISAMENTO PROGRESSIVO 450ML,creme lowell keeping liss alisamento progressivo 450ml,CREME LOWELL KEEPING LISS ALISAMENTO PROGRESSIVO - 450 MILILITROS
CREME LOWELL KEEPING LISS ALISAMENTO PROGRESSIVO 450ML,LISS PROGRESSIVO KEEPING CREME ALISAMENTO LOWELL 450ML,CREME LOWELL KEEPING LISS ALISAMENTO PROGRESSIVO - 450 MILILITROS
CONDICIONADOR MURUMURU HASKELL 1 LITRO BRINDE,Condicionador murumuru haskell 1 litro brinde,CONDICIONADOR HASKELL MURUMURU - 1 LITRO
CONDICIONADOR MURUMURU HASKELL 1 LITRO BRINDE,BRINDE CONDICIONADOR LITRO HASKELL MURUMURU 1,CONDICIONADOR HASKELL MURUMURU - BRINDE - 1 UNIDADE
CONDICIONADOR MURUMURU HASKELL 1 LITRO BRINDE,COHDICIONADOR MURUMURU HSSKELL 1 LITRO BRINXE,CONDICIONADOR HASKELL MURUMURU - BRINDE - 1 LITRO
CONDICIONADOR MURUMURU HASKELL 1 LITRO BRINDE,CLNDICIONACOR MUDUMJRU NASKELL 1 LITRO BRINXE,CONDICIONADOR HASKELL MURUMURU - BRINDE - 1 LITRO
CONDICIONADOR MURUMURU HASKELL 1 LITRO BRINDE,CONDICIONADOR MURUMURU HASKELL 1 LITRO BRINDE,CONDICIONADOR HASKELL MURUMURU - BRINDE - 1 LITRO
CONDICIONADOR MURUMURU HASKELL 1 LITRO BRINDE,CONDICIONADOR MURUMURU HASKELL 1 BRINDE,CONDICIONADOR HASKELL MURUMURU - BRINDE - 1 UNIDADE
2 BTOX 5D ALISA AFRO TRADICIONAL C FORMOL SUPER HIDRATANTE,2 BTOX 5D ALISA AFRO C SUPER,BOTOX 5D ALISA AFRO SUPER - 1 UNIDADE
2 BTOX 5D ALISA AFRO TRADICIONAL C FORMOL SUPER HIDRATANTE,2 BTOX 5D ALISA AFRO TRADICIONAL C FORMOL SUPER HIDRATANTE,BOTOX 5D ALISA AFRO TRADICIONAL COM FORMOL SUPER HIDRATANTE - 1 UNIDADE
2 BTOX 5D ALISA AFRO TRADICIONAL C FORMOL SUPER HIDRATANTE,2 BTOX 5D SLISA AFRO TRADICIONAL C FORMOL SHPER HJDRATANTE,BOTOX 5D ALISA AFRO TRADICIONAL COM FORMOL SUPER HIDRATANTE - 1 UNIDADE
2 BTOX 5D ALISA AFRO TRADICIONAL C FORMOL SUPER HIDRATANTE,SUPER 5D 2 C ALISA FORMOL AFRO HIDRATANTE TRADICIONAL BTOX,BOTOX 5D ALISA AFRO TRADICIONAL COM FORMOL SUPER HIDRATANTE - 1 UNIDADE
2 BTOX 5D ALISA AFRO TRADICIONAL C FORMOL SUPER HIDRATANTE,ALISA 5D HIDRATANTE AFRO TRADICIONAL 2 SUPER BTOX FORMOL C,BOTOX 5D ALISA AFRO TRADICIONAL COM FORMOL SUPER HIDRATANTE - 1 UNIDADE
2 BTOX 5D ALISA AFRO TRADICIONAL C FORMOL SUPER HIDRATANTE,2 btox 5d alisa afro tradicional c formol super hidratante,BOTOX 5D ALISA AFRO TRADICIONAL COM FORMOL SUPER HIDRATANTE - 1 UNIDADE
KIT AMEND COMPLETO OLEOS INDIANOS 4 PRODUTOS,KIT AMEND COMPLETO OLEOS INDIANOS 4 PRODUTOS,KIT AMEND ÓLEOS INDIANOS - 1 UNIDADE
KIT AMEND COMPLETO OLEOS INDIANOS 4 PRODUTOS,KIT COMPLETO OLEOS INDIANOS 4 PRODUTOS,KIT ÓLEOS INDIANOS - 1 UNIDADE
KIT AMEND COMPLETO OLEOS INDIANOS 4 PRODUTOS,OLEOS COMPLETO AMEND INDIANOS 4 KIT PRODUTOS,ÓLEOS AMEND INDIANOS KIT - 1 UNIDADE
KIT AMEND COMPLETO OLEOS INDIANOS 4 PRODUTOS,KIT INDIANOS PRODUTOS 4 OLEOS AMEND COMPLETO,KIT INDIANOS ÓLEOS AMEND - 1 UNIDADE
KIT AMEND COMPLETO OLEOS INDIANOS 4 PRODUTOS,LIT AMEND COMPLETO OLEOS INDIANOS 4 PRODUTOS,KIT AMEND COMPLETO ÓLEOS INDIANOS - 1 UNIDADE
KIT AMEND COMPLETO OLEOS INDIANOS 4 PRODUTOS,KIT AMEHD COMPLETO OLEOS INDIZNOS 4 PRODUTOS,KIT AMEND COMPLETO ÓLEOS INDIANOS - 1 UNIDADE
SIGE HAIR PLASTIA SHAMPOO MASCARA CONDICIONADOR EUDORA,HAIR SIGE CONDICIONADOR EUDORA SHAMPOO MASCARA PLASTIA,HAIR SIÀGE EUDORA CONDICIONADOR SHAMPOO MÁSCARA PLASTIA - 1 UNIDADE
SIGE HAIR PLASTIA SHAMPOO MASCARA CONDICIONADOR EUDORA,SIGE HAIR PLASTIA SHAMPOO MASCARA CONDICIONADOR EUDORA,SIÀGE EUDORA HAIR PLASTIA SHAMPOO MÁSCARA CONDICIONADOR - 1 UNIDADE
SIGE HAIR PLASTIA SHAMPOO MASCARA CONDICIONADOR EUDORA,SIGE HAIR PLASTIA SHAMPOO MASCARA CONDICIONADOR,SIÀGE HAIR PLASTIA SHAMPOO MÁSCARA CONDICIONADOR - 1 UNIDADE
SIGE HAIR PLASTIA SHAMPOO MASCARA CONDICIONADOR EUDORA,ZIGE HAIR PLASTIA ZBAMPOO MASVARA CONDICIONADOR EUDIRA,SIAGE HAIR PLASTIA EUDORA - SHAMPOO MÁSCARA CONDICIONADOR - 1 UNIDADE
SIGE HAIR PLASTIA SHAMPOO MASCARA CONDICIONADOR EUDORA,SIGE HAIR PLAXFIA SHAMPOO MASCARS VOBDIXIONADOD EUDORA,SIAGE HAIR PLASTIA EUDORA - SHAMPOO MÁSCARA CONDICIONADOR - 1 UNIDADE
SIGE HAIR PLASTIA SHAMPOO MASCARA CONDICIONADOR EUDORA,sige hair plastia shampoo mascara condicionador eudora,SIAGE HAIR PLASTIA EUDORA - SHAMPOO MÁSCARA CONDICIONADOR - 1 UNIDADE
CABECOTE ENCOSTO PARA CADEIRA DE CABELEIREIRO SALO,cabecote encosto para cadeira de cabeleireiro salo,CABEÇOTE ENCOSTO PARA CADEIRA DE CABELEIREIRO SALO - 1 UNIDADE
CABECOTE ENCOSTO PARA CADEIRA DE CABELEIREIRO SALO,CABECOTE PARA CADEIRA CABELEIREIRO SALO,CABEÇOTE PARA CADEIRA DE CABELEIREIRO SALO - 1 UNIDADE
CABECOTE ENCOSTO PARA CADEIRA DE CABELEIREIRO SALO,DE CABELEIREIRO ENCOSTO CADEIRA PARA CABECOTE SALO,CABEÇOTE ENCOSTO PARA CADEIRA DE CABELEIREIRO SALO - 1 UNIDADE
CABECOTE ENCOSTO PARA CADEIRA DE CABELEIREIRO SALO,CABECOTE ENCOSTO PARA CADEIRA DE CABELEIREIRO SALO,CABEÇOTE ENCOSTO PARA CADEIRA DE CABELEIREIRO SALO - 1 UNIDADE
CABECOTE ENCOSTO PARA CADEIRA DE CABELEIREIRO SALO,CABECOTD ENCOSTL PARA XADSIRA DE CABELEIREKRO SALO,CABEÇOTE ENCOSTO PARA CADEIRA DE CABELEIREIRO SALO - 1 UNIDADE
CABECOTE ENCOSTO PARA CADEIRA DE CABELEIREIRO SALO,CAHECOTE ENCOSTO PARA CADEIRA DE CQBEPEIREIRO SALI,CABEÇOTE ENCOSTO PARA CADEIRA DE CABELEIREIRO SALO - 1 UNIDADE
KIT ANTIQUEDA BIO EXTRATUS JABORANDISHCDBC 250G EXTFIN,Kit antiqueda bio extratus jaborandishcdbc 250g extfin,KIT ANTIQUEDA BIO EXTRATUS JABORANDI - 250 GRAMAS
KIT ANTIQUEDA BIO EXTRATUS JABORANDISHCDBC 250G EXTFIN,JABORANDISHCDBC 250G EXTRATUS KIT BIO EXTFIN ANTIQUEDA,KIT BIO EXTRATUS JABORANDI ANTIQUEDA - 250 GRAMAS
KIT ANTIQUEDA BIO EXTRATUS JABORANDISHCDBC 250G EXTFIN,KIT BIO EXTRATUS JABORANDISHCDBC 250G EXTFIN,KIT BIO EXTRATUS JABORANDI ANTIQUEDA - 250 GRAMAS
KIT ANTIQUEDA BIO EXTRATUS JABORANDISHCDBC 250G EXTFIN,KIT ANTIQUEDA BIO EXTRATUS JABORANDISHCDBC 250G EXTFIN,KIT BIO EXTRATUS JABORANDI ANTIQUEDA - 250 GRAMAS
KIT ANTIQUEDA BIO EXTRATUS JABORANDISHCDBC 250G EXTFIN,KIT ANTJQUSDA BIO EXTRATUS JABORANDISHCDBC 250B EXTFIN,KIT BIO EXTRATUS JABORANDI ANTIQUEDA - 1 UNIDADE
KIT ANTIQUEDA BIO EXTRATUS JABORANDISHCDBC 250G EXTFIN,KIT BIO EXTRATUS 250G EXTFIN,KIT BIO EXTRATUS - 250 GRAMAS
FELPS PROFISSIONAL EQUILIBRIO SHAMPOO ANTIQUEDA 250ML,250ML ANTIQUEDA PROFISSIONAL FELPS SHAMPOO EQUILIBRIO,SHAMPOO FELPS PROFISSIONAL EQUILÍBRIO ANTIQUEDA - 250 MILILITROS
FELPS PROFISSIONAL EQUILIBRIO SHAMPOO ANTIQUEDA 250ML,VELPS PROFISSIONZL EQUILIBRIP WHAMPOO ANTIQIEDA 250ML,SHAMPOO FELPS PROFISSIONAL EQUILÍBRIO ANTIQUEDA - 250 MILILITROS
FELPS PROFISSIONAL EQUILIBRIO SHAMPOO ANTIQUEDA 250ML,FELPS PROFISSIONAL EQUILIBRIO SHAMPOO ANTIQUEDA,SHAMPOO FELPS PROFISSIONAL EQUILÍBRIO ANTIQUEDA - 1 UNIDADE
FELPS PROFISSIONAL EQUILIBRIO SHAMPOO ANTIQUEDA 250ML,FELPS PROFISSIONAL EQUILIBRIO SHAMPOO ANTIQUEDA 250ML,SHAMPOO FELPS PROFISSIONAL EQUILÍBRIO ANTIQUEDA - 250 MILILITROS
FELPS PROFISSIONAL EQUILIBRIO SHAMPOO ANTIQUEDA 250ML,PROFISSIONAL EQUILIBRIO SHAMPOO ANTIQUEDA 250ML FELPS,SHAMPOO FELPS PROFISSIONAL EQUILÍBRIO ANTIQUEDA - 250 MILILITROS
FELPS PROFISSIONAL EQUILIBRIO SHAMPOO ANTIQUEDA 250ML,FELPS PRORISSIONAL EQUILIBRII SHAMPOO SNYIQUEDA 250ML,SHAMPOO FELPS PROFISSIONAL ANTIQUEDA - 250 MILILITROS
KIT HIDRA 4 PRODUTOS BIO EXTRATUS 350ML,KIT HIDRA 4 PRODYTOS BIO EXTRAGYS 350ML,KIT BIO EXTRATUS HIDRA - 350 MILILITROS
KIT HIDRA 4 PRODUTOS BIO EXTRATUS 350ML,KIT HIDRA PRODUTOS EXTRATUS,KIT BIO EXTRATUS HIDRA - 1 UNIDADE
KIT HIDRA 4 PRODUTOS BIO EXTRATUS 350ML,HIDRA 4 PRODUTOS BIO EXTRATUS 350ML,BIO EXTRATUS HIDRA - 350 MILILITROS
KIT HIDRA 4 PRODUTOS BIO EXTRATUS 350ML,kit hidra 4 produtos bio extratus 350ml,KIT BIO EXTRATUS HIDRA - 350 MILILITROS
KIT HIDRA 4 PRODUTOS BIO EXTRATUS 350ML,KIT HIDRA 4 PRODUTOS BIO EXTRATUS 350ML,KIT HIDRA BIO EXTRATUS - 4 PRODUTOS - 350 MILILITROS
KIT HIDRA 4 PRODUTOS BIO EXTRATUS 350ML,BIO 4 KIT EXTRATUS 350ML PRODUTOS HIDRA,KIT HIDRA BIO EXTRATUS - 4 PRODUTOS - 350 MILILITROS
REALINHAMENTO TERMICO GOLD LISS PROGRESSIVA 1LT SOUPLELISS,REALINHAMENTO TERMICO GOLD LISS PROGRESSIVA 1LT SOUPLELISS,REALINHAMENTO TÉRMICO SOUPLELISS GOLD LISS PROGRESSIVA - 1 LITRO
REALINHAMENTO TERMICO GOLD LISS PROGRESSIVA 1LT SOUPLELISS,PROGRESSIVA REALINHAMENTO GOLD LISS 1LT TERMICO SOUPLELISS,REALINHAMENTO TÉRMICO SOUPLELISS GOLD LISS PROGRESSIVA - 1 LITRO
REALINHAMENTO TERMICO GOLD LISS PROGRESSIVA 1LT SOUPLELISS,REALINHAMENTO TERMICO GOLD LISS PROGRESSIVA SOUPLELISS,REALINHAMENTO TÉRMICO SOUPLELISS GOLD LISS PROGRESSIVA - 1 UNIDADE
REALINHAMENTO TERMICO GOLD LISS PROGRESSIVA 1LT SOUPLELISS,REALINHAMENTO TWDNICO GOLD LISS PROGREZSIVA 1LT SOUPLELISS,REALINHAMENTO SOUPLELISS GOLD LISS PROGRESSIVA - 1 LITRO
REALINHAMENTO TERMICO GOLD LISS PROGRESSIVA 1LT SOUPLELISS,REALINHAMENTO SOUPLELISS LISS PROGRESSIVA GOLD TERMICO 1LT,REALINHAMENTO SOUPLELISS GOLD LISS PROGRESSIVA - 1 LITRO
REALINHAMENTO TERMICO GOLD LISS PROGRESSIVA 1LT SOUPLELISS,Realinhamento termico gold liss progressiva 1lt soupleliss,REALINHAMENTO SOUPLELISS GOLD LISS PROGRESSIVA - 1 LITRO
MILK LOVE ROBSON PELUQUERO,ROBSON MILK PELUQUERO LOVE,ROBSON PELUQUERO MILK LOVE - 1 UNIDADE
MILK LOVE ROBSON PELUQUERO,MILK LOVE ROBSON PELUQUERO,ROBSON PELUQUERO MILK LOVE - 1 UNIDADE
MILK LOVE ROBSON PELUQUERO,MILK LOVE ROBSON PELUQUERP,MILK LOVE ROBSON PELUQUERO - 1 UNIDADE
MILK LOVE ROBSON PELUQUERO,LOVE MILK PELUQUERO ROBSON,MILK LOVE ROBSON PELUQUERO - 1 UNIDADE
MILK LOVE ROBSON PELUQUERO,Milk love robson peluquero,MILK LOVE ROBSON PELUQUERO - 1 UNIDADE
MILK LOVE ROBSON PELUQUERO,MKOK OOVE ROBSON PELUQUETL,MILK LOVE ROBSON PELUQUERO - 1 UNIDADE
KIT 2 HIDRA LISOS ALISANTE SEM FORMOL 200ML FRETE GRATIS,2 GRATIS SEM LISOS FORMOL KIT FRETE 200ML HIDRA ALISANTE,KIT ALISANTE HIDRA LISOS SEM FORMOL - 2 GRAMAS
KIT 2 HIDRA LISOS ALISANTE SEM FORMOL 200ML FRETE GRATIS,GRATIS ALISANTE 200ML SEM KIT FORMOL LISOS FRETE HIDRA 2,ALISANTE HIDRA LISOS - SEM FORMOL - 200 MILILITROS
KIT 2 HIDRA LISOS ALISANTE SEM FORMOL 200ML FRETE GRATIS,KIT 2 HIXRA OIWKS ALJSZNTE SEM FORMOL 200ML FRETE FRATIS,ALISANTE HIDRA LISOS - SEM FORMOL - 200 MILILITROS
KIT 2 HIDRA LISOS ALISANTE SEM FORMOL 200ML FRETE GRATIS,kit 2 hidra lisos alisante sem formol 200ml frete gratis,ALISANTE HIDRA LISOS - SEM FORMOL - 200 MILILITROS
KIT 2 HIDRA LISOS ALISANTE SEM FORMOL 200ML FRETE GRATIS,KIT 2 HIDRA LISOS ALISANTE SEM FORMOL 200ML FRETE GRATIS,ALISANTE HIDRA LISOS - SEM FORMOL - 200 MILILITROS
KIT 2 HIDRA LISOS ALISANTE SEM FORMOL 200ML FRETE GRATIS,2 HIDRA ALISANTE SEM FORMOL 200ML FRETE,ALISANTE HIDRA - SEM FORMOL - 200 MILILITROS
KIT BIO EXTRATUS ABACATE E JOJOBA POS QUIMICA OFERTA,BIO EXTRATUS E JOJOBA POS QUIMICA OFERTA,BIO EXTRATUS SHAMPOO PÓS QUÍMICA JOJOBA - 1 UNIDADE
KIT BIO EXTRATUS ABACATE E JOJOBA POS QUIMICA OFERTA,POS E KIT QUIMICA ABACATE OFERTA EXTRATUS BIO JOJOBA,BIO EXTRATUS KIT PÓS QUÍMICA ABACATE E JOJOBA - 1 UNIDADE
KIT BIO EXTRATUS ABACATE E JOJOBA POS QUIMICA OFERTA,LIT BIP EXTRATUS ABACATE E JOJOBA POS QUIMICA OFERTA,BIO EXTRATUS LEITE PÓS QUÍMICA ABACATE E JOJOBA - 1 UNIDADE
KIT BIO EXTRATUS ABACATE E JOJOBA POS QUIMICA OFERTA,KIT EXTRATUS ABACATE E JOJOBA POS QUIMICA OFERTA,BIO EXTRATUS KIT PÓS QUÍMICA ABACATE E JOJOBA - 1 UNIDADE
KIT BIO EXTRATUS ABACATE E JOJOBA POS QUIMICA OFERTA,Kit bio extratus abacate e jojoba pos quimica oferta,BIO EXTRATUS KIT PÓS QUÍMICA ABACATE E JOJOBA - 1 UNIDADE
KIT BIO EXTRATUS ABACATE E JOJOBA POS QUIMICA OFERTA,KIT BIO EXTRATUS ABACATE E JOJOBA POS QUIMICA OFERTA,KIT BIO EXTRATUS ABACATE E JOJOBA PÓS QUÍMICA - 1 UNIDADE
KIT 5 SHAMPOOS REDUTOR DE GRISALHOS GRECIN CONTROL GX 118 ML,KIT 5 SHAMPOOS REDUTOR DE GRECIN CONTROL GX 118 ML,KIT SHAMPOO GRECIN CONTROL GX REDUTOR - 118 MILILITROS
KIT 5 SHAMPOOS REDUTOR DE GRISALHOS GRECIN CONTROL GX 118 ML,KIT 5 SHAMPOOS REDUTOR DE GRISALHOS CONTROL GX 118 ML,KIT SHAMPOO GRECIN CONTROL GX REDUTOR - 118 MILILITROS
KIT 5 SHAMPOOS REDUTOR DE GRISALHOS GRECIN CONTROL GX 118 ML,KIT 5 SHAMOOPW REDUTOR DE GRISZLHOS FRECIN COMFROL GX 118 ML,KIT SHAMPOO GRECIN CONTROL GX REDUTOR - 118 MILILITROS
KIT 5 SHAMPOOS REDUTOR DE GRISALHOS GRECIN CONTROL GX 118 ML,CONTROL GX GRECIN 118 ML SHAMPOOS KIT DE GRISALHOS REDUTOR 5,KIT SHAMPOO GRECIN CONTROL GX REDUTOR - 118 MILILITROS
KIT 5 SHAMPOOS REDUTOR DE GRISALHOS GRECIN CONTROL GX 118 ML,CONTROL 5 118 SHAMPOOS GRECIN REDUTOR DE GX GRISALHOS ML KIT,SHAMPOO GRECIN CONTROL GX REDUTOR DE GRISALHOS - 1 UNIDADE
KIT 5 SHAMPOOS REDUTOR DE GRISALHOS GRECIN CONTROL GX 118 ML,KIT 5 SHAMPOOS REDUTOR DE GRISALHOS GRECIN CONTROL GX 118 ML,SHAMPOO GRECIN CONTROL GX REDUTOR DE GRISALHOS - 118 MILILITROS
ALFAPARF SEMI DI LINO SUBLIME CRISTALLI LIQUIDI 50 ML,LIQUIDI DI SUBLIME 50 CRISTALLI LINO ML SEMI ALFAPARF,ALFAPARF SEMI DI LINO SUBLIME CRISTALLI LIQUIDI - 1 UNIDADE
ALFAPARF SEMI DI LINO SUBLIME CRISTALLI LIQUIDI 50 ML,SUBLIME LIQUIDI CRISTALLI SEMI LINO DI ML 50 ALFAPARF,ALFAPARF SEMI DI LINO SUBLIME CRISTALLI LIQUIDI - 1 UNIDADE
ALFAPARF SEMI DI LINO SUBLIME CRISTALLI LIQUIDI 50 ML,ALFAPARF SEMI DI LINO SUBLIME CRISTALLI LIQUIDI 50 ML,ALFAPARF SEMI DI LINO SUBLIME CRISTALLI LIQUIDI - 50 MILILITROS
ALFAPARF SEMI DI LINO SUBLIME CRISTALLI LIQUIDI 50 ML,ALFAPARF SEMI DI LINO ML,ALFAPARF SEMI DI LINO - 1 UNIDADE
ALFAPARF SEMI DI LINO SUBLIME CRISTALLI LIQUIDI 50 ML,ALFAPARF SEMI DI CRISTALLI LIQUIDI 50 ML,ALFAPARF SEMI DI LINO CRISTALLI LIQUIDI - 50 MILILITROS
ALFAPARF SEMI DI LINO SUBLIME CRISTALLI LIQUIDI 50 ML,ALFAPARF SEMI DI LINO SUBLIJE CRISTSLLI LIQUIDI 50 ML,ALFAPARF SEMI DI LINO SUBLIME CRISTALLI LIQUIDI - 50 MILILITROS
KIT SELAGEM LISO LAMBIDO A MELHOR SEMI DEFINITIVA FIOPLASTIA,KIT SELAGEM LISO LAMBIDO A MELHOR SEMI CEFINITIVA FIOPLASTIA,KIT SELAGEM FIOPLASTIA LISO LAMBIDO - 1 UNIDADE
KIT SELAGEM LISO LAMBIDO A MELHOR SEMI DEFINITIVA FIOPLASTIA,KIT SELAGEM LISO LAMBIDO A MELHOR SEMI DEFINITIVA FIOPLASTIA,KIT SELAGEM FIOPLASTIA LISO LAMBIDO - 1 UNIDADE
KIT SELAGEM LISO LAMBIDO A MELHOR SEMI DEFINITIVA FIOPLASTIA,MELHOR FIOPLASTIA LAMBIDO SELAGEM A SEMI DEFINITIVA KIT LISO,MELHOR FIOPLASTIA SELAGEM SEMI DEFINITIVA LISO - 1 UNIDADE
KIT SELAGEM LISO LAMBIDO A MELHOR SEMI DEFINITIVA FIOPLASTIA,DEFINITIVA MELHOR FIOPLASTIA KIT SEMI A LAMBIDO LISO SELAGEM,DEFINITIVA MELHOR FIOPLASTIA SEMI LISO SELAGEM - 1 UNIDADE
KIT SELAGEM LISO LAMBIDO A MELHOR SEMI DEFINITIVA FIOPLASTIA,KIT SELAGEM LISO A MELHOR SEMI DEFINITIVA,KIT SELAGEM LISO MELHOR SEMI DEFINITIVA - 1 UNIDADE
KIT SELAGEM LISO LAMBIDO A MELHOR SEMI DEFINITIVA FIOPLASTIA,KIT SELZGEM LISO LAMBIDP A MELGOR SEMI DEFINIRIBA FIOPLASTIQ,KIT SELAGEM LISO MELHOR SEMI DEFINITIVA FIOPLASTIA - 1 UNIDADE
DESTAK ATIVADOR DE CACHOS BRILHO E CACHOS LEAVEIN 500ML,DWWTAK ATIVQDOT DE CACHOS BRILHO E CACHOS LEAVEIH 500MK,DEWTAK ATIVADOR DE CACHOS BRILHO E CACHOS LEAVE-IN - 500 METROS
DESTAK ATIVADOR DE CACHOS BRILHO E CACHOS LEAVEIN 500ML,LEAVEIN DE ATIVADOR DESTAK BRILHO CACHOS E 500ML CACHOS,LEAVE-IN DESTAK ATIVADOR BRILHO CACHOS - 500 MILILITROS
DESTAK ATIVADOR DE CACHOS BRILHO E CACHOS LEAVEIN 500ML,DESTAK QTIVADOR DE CADHOS BRILHO E CACHOX LWAVEKN 500ML,LEAVE-IN DESTAK ATIVADOR BRILHO CACHOS - 500 MILILITROS
DESTAK ATIVADOR DE CACHOS BRILHO E CACHOS LEAVEIN 500ML,DESTAK ATIVADOR DE CACHOS BRILHO E CACHOS LEAVEIN 500ML,LEAVE-IN DESTAK ATIVADOR BRILHO CACHOS - 500 MILILITROS
DESTAK ATIVADOR DE CACHOS BRILHO E CACHOS LEAVEIN 500ML,DESTAK ATIVADOR DE CACHOS E CACHOS LEAVEIN 500ML,LEAVE-IN DESTAK ATIVADOR CACHOS - 500 MILILITROS
DESTAK ATIVADOR DE CACHOS BRILHO E CACHOS LEAVEIN 500ML,CACHOS BRILHO E ATIVADOR CACHOS DESTAK DE 500ML LEAVEIN,LEAVE-IN DESTAK ATIVADOR BRILHO CACHOS - 500 MILILITROS
PORTIER CICLOS SHAMPOO ANTI RESIDUOS B TOX CICLOS MASK 1KG,PIDTIER CICLLS SHAMPOI ANTI RESKDUOS B TOX CICLOS MASK 1KG,SHAMPOO PORTIER CICLOS ANTI RESÍDUOS B TOX MASK - 1 QUILOGRAMA
PORTIER CICLOS SHAMPOO ANTI RESIDUOS B TOX CICLOS MASK 1KG,PORTIER CICLOS SHAMPOO ANTI B TOX CICLOS MASK,SHAMPOO PORTIER CICLOS ANTI B TOX MASK - 1 UNIDADE
PORTIER CICLOS SHAMPOO ANTI RESIDUOS B TOX CICLOS MASK 1KG,CICLOS RESIDUOS B SHAMPOO CICLOS 1KG ANTI MASK TOX PORTIER,SHAMPOO PORTIER CICLOS ANTI RESÍDUOS B TOX MASK - 1 QUILOGRAMA
PORTIER CICLOS SHAMPOO ANTI RESIDUOS B TOX CICLOS MASK 1KG,PORTIER CICLOS SHAMPOO ANTI RESIDUOS B TOX CICLOS MASK 1KG,SHAMPOO PORTIER CICLOS ANTI RESÍDUOS B TOX MASK - 1 QUILOGRAMA
PORTIER CICLOS SHAMPOO ANTI RESIDUOS B TOX CICLOS MASK 1KG,CICLOS SHAMPOO RESIDUOS B TOX CICLOS MASK 1KG,SHAMPOO CICLOS ANTI RESÍDUOS B TOX MASK - 1 QUILOGRAMA
KIT EUDORA SIGE CICA THERAPY SHAMPOOCONDICIONADOR MASCARA,Kit eudora sige cica therapy shampoocondicionador mascara,KIT EUDORA SIÀGE CICA THERAPY SHAMPOO CONDICIONADOR MÁSCARA - 1 UNIDADE
KIT EUDORA SIGE CICA THERAPY SHAMPOOCONDICIONADOR MASCARA,KIT EUFORA SIGE CICA THERAPY SHAMPOOCONDICIONADOR MAWCARA,KIT EUFORA SIÀGE CICA THERAPY SHAMPOO CONDICIONADOR MÁSCARA - 1 UNIDADE
KIT EUDORA SIGE CICA THERAPY SHAMPOOCONDICIONADOR MASCARA,THERAPY CICA EUDORA SIGE MASCARA SHAMPOOCONDICIONADOR KIT,KIT EUDORA SIÀGE CICA THERAPY SHAMPOO CONDICIONADOR MÁSCARA - 1 UNIDADE
KIT EUDORA SIGE CICA THERAPY SHAMPOOCONDICIONADOR MASCARA,KIT EUDORA SIGE CICA THERAPY SHAMPOOCONDICIONADOR MASCARA,KIT EUDORA SIÀGE CICA THERAPY SHAMPOO CONDICIONADOR MÁSCARA - 1 UNIDADE
KIT EUDORA SIGE CICA THERAPY SHAMPOOCONDICIONADOR MASCARA,SIGE CICA SHAMPOOCONDICIONADOR MASCARA,SIÀGE CICA THERAPY SHAMPOO CONDICIONADOR MÁSCARA - 1 UNIDADE
KIT COM 2 SHAMPOOS MATIZADOR SILVER BLACK,KOT FKM 2 SHAMPOOS MATIZADOR SILVER HLACK,SHAMPOO KOT MATIZADOR SILVER BLACK - 1 UNIDADE
KIT COM 2 SHAMPOOS MATIZADOR SILVER BLACK,KIT COM 2 SHAMPOOS MATIZADOR SILVER BLACK,SHAMPOO MATIZADOR SILVER BLACK - 1 UNIDADE
KIT COM 2 SHAMPOOS MATIZADOR SILVER BLACK,2 BLACK SILVER MATIZADOR SHAMPOOS COM KIT,SHAMPOO MATIZADOR SILVER BLACK - 1 UNIDADE
KIT COM 2 SHAMPOOS MATIZADOR SILVER BLACK,KIT COM SHAMPOOS MATIZADOR SILVER BLACK,SHAMPOO MATIZADOR SILVER BLACK - 1 UNIDADE
KIT DABELLE HAIR INTENSE MEU CRONOGRAMA PERFEITO FULL 9 P,KIT DABELLE HAIR INTENSE MEU CRONOGRAMA PERFEITO FULL 9 P,DABELLE HAIR INTENSE MEU CRONOGRAMA PERFEITO - 1 UNIDADE
KIT DABELLE HAIR INTENSE MEU CRONOGRAMA PERFEITO FULL 9 P,KIT DABELLE HAIR MEU CRONOGRAMA PERFEITO 9,KIT DABELLE HAIR MEU CRONOGRAMA PERFEITO - 1 UNIDADE
KIT DABELLE HAIR INTENSE MEU CRONOGRAMA PERFEITO FULL 9 P,KIT DABEOLE HAIR INTENSE MDU CRONKGRAMA PERFEITO FULL 9 P,KIT DABELLE HAIR INTENSE MEU CRONOGRAMA PERFEITO FULL - 1 UNIDADE
KIT DABELLE HAIR INTENSE MEU CRONOGRAMA PERFEITO FULL 9 P,KIT MEU PERFEITO DABELLE INTENSE HAIR P 9 CRONOGRAMA FULL,KIT DABELLE HAIR INTENSE MEU CRONOGRAMA PERFEITO FULL - 1 UNIDADE
KIT DABELLE HAIR INTENSE MEU CRONOGRAMA PERFEITO FULL 9 P,KIT DABELLE INTENSE CRONOGRAMA PERFEITO 9 P,KIT DABELLE INTENSE CRONOGRAMA PERFEITO - 1 UNIDADE
KIT DABELLE HAIR INTENSE MEU CRONOGRAMA PERFEITO FULL 9 P,Kit dabelle hair intense meu cronograma perfeito full 9 p,KIT DABELLE HAIR INTENSE MEU CRONOGRAMA PERFEITO FULL - 1 UNIDADE
