title,normalized
CC 2L,REFRIGERANTE COCA COLA - 2 LITROS
COCA COLA 2 LT,REFRIGERANTE COCA COLA - 2 LITROS
COKA COLA 2L,REFRIGERANTE COCA COLA - 2 LITROS
COCA-COLA 2LT,REFRIGERANTE COCA COLA - 2 LITROS
COCACOLA 2 LITROS,REFRIGERANTE COCA COLA - 2 LITROS
CCA COLA 2L,REFRIGERANTE COCA COLA - 2 LITROS
REFRIG COCA 2L,REFRIGERANTE COCA COLA - 2 LITROS
COCA COLA DOIS LITROS,REFRIGERANTE COCA COLA - 2 LITROS
REFRIG CC 2LT,REFRIGERANTE COCA COLA - 2 LITROS
COCA COLA 2000ML,REFRIGERANTE COCA COLA - 2 LITROS
CADEADO PADO LT-50MM,CADEADO PADO LT 50 MILÍMETROS - 1 UNIDADE
CAD PDO LT50,CADEADO PADO LT 50 MILÍMETROS - 1 UNIDADE
CADEADO PADRAO LT 50MM,CADEADO PADO LT 50 MILÍMETROS - 1 UNIDADE
CDO PADO LT-50,CADEADO PADO LT 50 MILÍMETROS - 1 UNIDADE
CADEADO PADO LT50MM,CADEADO PADO LT 50 MILÍMETROS - 1 UNIDADE
CAD PADR LT-50MM,CADEADO PADO LT 50 MILÍMETROS - 1 UNIDADE
CADEADO PDO 50MM,CADEADO PADO LT 50 MILÍMETROS - 1 UNIDADE
CADEADO PADO MOD LT50,CADEADO PADO LT 50 MILÍMETROS - 1 UNIDADE
CDO PAD LT 50 MM,CADEADO PADO LT 50 MILÍMETROS - 1 UNIDADE
CADEADO PADO LT - 50 MM,CADEADO PADO LT 50 MILÍMETROS - 1 UNIDADE
ARR BCO TJ 1KG,ARROZ TIO JOÃO BRANCO - 1 QUILOGRAMA
ARROZ BRANCO TIO JOAO 1KG,ARROZ TIO JOÃO BRANCO - 1 QUILOGRAMA
ARZ BCO TIO JOAO 1 KG,ARROZ TIO JOÃO BRANCO - 1 QUILOGRAMA
ARROZ TIO JOAO BCO 1KG,ARROZ TIO JOÃO BRANCO - 1 QUILOGRAMA
ARR BRANCO TIO JOAO 1KG,ARROZ TIO JOÃO BRANCO - 1 QUILOGRAMA
ARRZ TIO JOA BCO 1KG,ARROZ TIO JOÃO BRANCO - 1 QUILOGRAMA
ARROZ BCO 1KG TIO JOAO,ARROZ TIO JOÃO BRANCO - 1 QUILOGRAMA
ARZ BRCO TIO JOAO 1KG,ARROZ TIO JOÃO BRANCO - 1 QUILOGRAMA
ARROZ BCO TIO JO 1KG,ARROZ TIO JOÃO BRANCO - 1 QUILOGRAMA
ARR BCO T JOAO 1 KG,ARROZ TIO JOÃO BRANCO - 1 QUILOGRAMA
FEJ CARIOCA KICALDO 1KG,FEIJÃO KICALDO CARIOCA - 1 QUILOGRAMA
FEIJAO CARIOCA KICALDO 1KG,FEIJÃO KICALDO CARIOCA - 1 QUILOGRAMA
FEIJ CAR KICALDO 1 KG,FEIJÃO KICALDO CARIOCA - 1 QUILOGRAMA
FJO CARIOCA KICALDO 1KG,FEIJÃO KICALDO CARIOCA - 1 QUILOGRAMA
FEIJAO CARICOA KICALDO 1KG,FEIJÃO KICALDO CARIOCA - 1 QUILOGRAMA
FEIJ CARIOCA KIC 1KG,FEIJÃO KICALDO CARIOCA - 1 QUILOGRAMA
FJ CARIOCA KICALDO 1KG,FEIJÃO KICALDO CARIOCA - 1 QUILOGRAMA
FEIJAO CARIOCA KICLD 1KG,FEIJÃO KICALDO CARIOCA - 1 QUILOGRAMA
FEIJAO CAR KICALDO 1 KG,FEIJÃO KICALDO CARIOCA - 1 QUILOGRAMA
FJO CAR KICALDO1KG,FEIJÃO KICALDO CARIOCA - 1 QUILOGRAMA
LEITE INTEGRAL ITALAC 1L,LEITE ITALAC INTEGRAL - 1 LITRO
LT INTEG ITALAC 1L,LEITE ITALAC INTEGRAL - 1 LITRO
LEITE INT ITALAC 1LT,LEITE ITALAC INTEGRAL - 1 LITRO
LEITE ITALAC INTEGRAL 1L,LEITE ITALAC INTEGRAL - 1 LITRO
LTE INTEGRAL ITALAC 1L,LEITE ITALAC INTEGRAL - 1 LITRO
LEITE ITALAC 1L INT,LEITE ITALAC INTEGRAL - 1 LITRO
LT INT ITALAC 1 LITRO,LEITE ITALAC INTEGRAL - 1 LITRO
LEITE INTGL ITALAC 1LT,LEITE ITALAC INTEGRAL - 1 LITRO
LEITE ITALAC INTEG 1000ML,LEITE ITALAC INTEGRAL - 1 LITRO
LT ITALAC INTEGRAL 1L,LEITE ITALAC INTEGRAL - 1 LITRO
ACU CRISTAL UNIAO 1KG,AÇÚCAR UNIÃO CRISTAL - 1 QUILOGRAMA
ACUCAR CRISTAL UNIAO 1KG,AÇÚCAR UNIÃO CRISTAL - 1 QUILOGRAMA
ACU CRIST UNIAO 1 KG,AÇÚCAR UNIÃO CRISTAL - 1 QUILOGRAMA
AÇUCAR CRISTAL UNIAO 1KG,AÇÚCAR UNIÃO CRISTAL - 1 QUILOGRAMA
ACUCAR CRITAL UNIAO 1KG,AÇÚCAR UNIÃO CRISTAL - 1 QUILOGRAMA
ACU CRISTAL UNI 1KG,AÇÚCAR UNIÃO CRISTAL - 1 QUILOGRAMA
ACUCAR UNIAO CRISTAL 1KG,AÇÚCAR UNIÃO CRISTAL - 1 QUILOGRAMA
AÇUCAR UNION CRISTAL 1KG,AÇÚCAR UNIÃO CRISTAL - 1 QUILOGRAMA
ACUCAR CRIST UNIAO1KG,AÇÚCAR UNIÃO CRISTAL - 1 QUILOGRAMA
ACU CRISAL UNIAO 1KG,AÇÚCAR UNIÃO CRISTAL - 1 QUILOGRAMA
CAFE PILO TRAD 500G,CAFÉ PILÃO TRADICIONAL - 500 GRAMAS
CAFE TRADICIONAL PILAO 500G,CAFÉ PILÃO TRADICIONAL - 500 GRAMAS
CF TRAD PILAO 500G,CAFÉ PILÃO TRADICIONAL - 500 GRAMAS
CAFE PILAO 500G TRAD,CAFÉ PILÃO TRADICIONAL - 500 GRAMAS
CAFE TRAD PILAO 500GR,CAFÉ PILÃO TRADICIONAL - 500 GRAMAS
CAF TRADICIONAL PILAO 500G,CAFÉ PILÃO TRADICIONAL - 500 GRAMAS
CAFE TRAD PILAÔ 500G,CAFÉ PILÃO TRADICIONAL - 500 GRAMAS
CAFE PILÃO TRADICIONAL 500G,CAFÉ PILÃO TRADICIONAL - 500 GRAMAS
CAFE TRAD PIL 500G,CAFÉ PILÃO TRADICIONAL - 500 GRAMAS
CFE TRADICIONAL PILAO 500G,CAFÉ PILÃO TRADICIONAL - 500 GRAMAS
DET LIMAO YPE 500ML,DETERGENTE YPÊ LIMÃO - 500 MILILITROS
DETERGENTE LIMAO YPE 500ML,DETERGENTE YPÊ LIMÃO - 500 MILILITROS
DET LIM IPE 500ML,DETERGENTE YPÊ LIMÃO - 500 MILILITROS
DETERG LIMAO YPE 500 ML,DETERGENTE YPÊ LIMÃO - 500 MILILITROS
DETERGNT LIMAO YPE 500ML,DETERGENTE YPÊ LIMÃO - 500 MILILITROS
DET LIMÃO YPE 500ML,DETERGENTE YPÊ LIMÃO - 500 MILILITROS
DETERGENTE LIM YPE 500ML,DETERGENTE YPÊ LIMÃO - 500 MILILITROS
DETERGT LIMAO YPE 500ML,DETERGENTE YPÊ LIMÃO - 500 MILILITROS
DET LM YPÊ 500ML,DETERGENTE YPÊ LIMÃO - 500 MILILITROS
DETERG LIM IPÊ 500 ML,DETERGENTE YPÊ LIMÃO - 500 MILILITROS
SAB PO OMO LAVANDA 1KG,SABÃO EM PÓ OMO LAVANDA - 1 QUILOGRAMA
SABAO EM PO OMO LAVANDA 1KG,SABÃO EM PÓ OMO LAVANDA - 1 QUILOGRAMA
SABAO PO LAVANDA OMO 1KG,SABÃO EM PÓ OMO LAVANDA - 1 QUILOGRAMA
SAB PO OMO LAV 1KG,SABÃO EM PÓ OMO LAVANDA - 1 QUILOGRAMA
SABAO LAVANDA OMO 1KG,SABÃO EM PÓ OMO LAVANDA - 1 QUILOGRAMA
SAB EM PO OMO LAVANDA 1KG,SABÃO EM PÓ OMO LAVANDA - 1 QUILOGRAMA
SABAO PO OMO LAVNDA 1KG,SABÃO EM PÓ OMO LAVANDA - 1 QUILOGRAMA
SAB EM P OMO LAVANDA 1KG,SABÃO EM PÓ OMO LAVANDA - 1 QUILOGRAMA
SABAO PO OMO LAVANDA 1 KG,SABÃO EM PÓ OMO LAVANDA - 1 QUILOGRAMA
SB PO OMO LAVANDA 1KG,SABÃO EM PÓ OMO LAVANDA - 1 QUILOGRAMA
AGUA MIN SG CRYSTAL 500ML,ÁGUA MINERAL CRYSTAL SEM GÁS - 500 MILILITROS
AGUA MINERAL SEM GAS CRYSTAL 500ML,ÁGUA MINERAL CRYSTAL SEM GÁS - 500 MILILITROS
AGU MIN S/GAS CRYSTAL 500ML,ÁGUA MINERAL CRYSTAL SEM GÁS - 500 MILILITROS
AGUA MINRL SEM GAS CRYSTAL 500ML,ÁGUA MINERAL CRYSTAL SEM GÁS - 500 MILILITROS
AGUA MINERAL CRYSTAL S/GAS 500ML,ÁGUA MINERAL CRYSTAL SEM GÁS - 500 MILILITROS
AGUA MIN CRYSTAL 500ML SG,ÁGUA MINERAL CRYSTAL SEM GÁS - 500 MILILITROS
AGUA MINRAL S GAS CRYSTAL 500ML,ÁGUA MINERAL CRYSTAL SEM GÁS - 500 MILILITROS
AGU MINERAL CRYSTAL SEM GS 500ML,ÁGUA MINERAL CRYSTAL SEM GÁS - 500 MILILITROS
AGUA MINERAL CRYSTL S/GAS 500ML,ÁGUA MINERAL CRYSTAL SEM GÁS - 500 MILILITROS
AGU MIN SEM GAS CRISTAL 500ML,ÁGUA MINERAL CRYSTAL SEM GÁS - 500 MILILITROS
BISCOITO CREAM CRACKER BAUDUCCO 200G,BISCOITO CREAM CRACKER BAUDUCCO - 200 GRAMAS
BISC CREAM CRACK BAUDUCO 200G,BISCOITO CREAM CRACKER BAUDUCCO - 200 GRAMAS
BSC CREAM CRACKER BAUDUCCO 200G,BISCOITO CREAM CRACKER BAUDUCCO - 200 GRAMAS
BISCOITO CR CRACKER BAUDUCCO 200G,BISCOITO CREAM CRACKER BAUDUCCO - 200 GRAMAS
BISC CREAN CRACKER BAUDUCCO 200G,BISCOITO CREAM CRACKER BAUDUCCO - 200 GRAMAS
BISCTO CREAM CRACKER BAUDUCCO 200G,BISCOITO CREAM CRACKER BAUDUCCO - 200 GRAMAS
BISCOITO CREAM CRK BAUDUCCO 200G,BISCOITO CREAM CRACKER BAUDUCCO - 200 GRAMAS
BISC CRM CRACKER BAUDUCCO 200G,BISCOITO CREAM CRACKER BAUDUCCO - 200 GRAMAS
BISCOITO CREAM CRACKER BAUDUCO 200GR,BISCOITO CREAM CRACKER BAUDUCCO - 200 GRAMAS
BSC CREAM CRACKER BAUDUCO 200GR,BISCOITO CREAM CRACKER BAUDUCCO - 200 GRAMAS
MACARRAO ESPAGUETE ADRIA 500G,MACARRÃO ESPAGUETE ADRIA - 500 GRAMAS
MAC ESPAGUETE ADRIA 500G,MACARRÃO ESPAGUETE ADRIA - 500 GRAMAS
MACARAO ESPAGUETE ADRIA 500G,MACARRÃO ESPAGUETE ADRIA - 500 GRAMAS
MACARRO ESPAGUETE ADRIA 500G,MACARRÃO ESPAGUETE ADRIA - 500 GRAMAS
MCARRAO ESPAGUETE ADRIA 500G,MACARRÃO ESPAGUETE ADRIA - 500 GRAMAS
MAC ESPAG ADRIA 500G,MACARRÃO ESPAGUETE ADRIA - 500 GRAMAS
MACARRAO ESPAG ADRIA 500G,MACARRÃO ESPAGUETE ADRIA - 500 GRAMAS
MACARRÃO ESPAGUETE ADRIA 500GR,MACARRÃO ESPAGUETE ADRIA - 500 GRAMAS
MAC ESAGUETE ADRIA 500G,MACARRÃO ESPAGUETE ADRIA - 500 GRAMAS
MACARRAO ESPAGUET ADRIA 500G,MACARRÃO ESPAGUETE ADRIA - 500 GRAMAS
AZEITE EXT VIRGEM GALO 500ML,AZEITE GALO EXTRA VIRGEM - 500 MILILITROS
AZEITE EXTRAVIRGEM GALO 500ML,AZEITE GALO EXTRA VIRGEM - 500 MILILITROS
AZEITE EV GALO 500ML,AZEITE GALO EXTRA VIRGEM - 500 MILILITROS
AZEIT EXTRA VIRGEM GALO 500ML,AZEITE GALO EXTRA VIRGEM - 500 MILILITROS
AZEITE EXTRA VGM GALO 500ML,AZEITE GALO EXTRA VIRGEM - 500 MILILITROS
AZEITE EX VIRGEM GALO 500ML,AZEITE GALO EXTRA VIRGEM - 500 MILILITROS
AZEITE EXT VRG GALO 500ML,AZEITE GALO EXTRA VIRGEM - 500 MILILITROS
AZEIT EXT VIRGEM GALO 500ML,AZEITE GALO EXTRA VIRGEM - 500 MILILITROS
AZEITE EXTRA VIRGM GALO 500ML,AZEITE GALO EXTRA VIRGEM - 500 MILILITROS
AZEITE XTRA VIRGEM GALO 500ML,AZEITE GALO EXTRA VIRGEM - 500 MILILITROS
SHAMP ANTICASPA HEAD SHOULDERS 200ML,SHAMPOO HEAD & SHOULDERS ANTICASPA - 200 MILILITROS
SHAMPOO ANTICASPA HEAD SHOULDER 200ML,SHAMPOO HEAD & SHOULDERS ANTICASPA - 200 MILILITROS
SAMP ANTICASPA HEAD SHLDR 200ML,SHAMPOO HEAD & SHOULDERS ANTICASPA - 200 MILILITROS
SHAMPOO ANTI CASPA HEAD SHOULDERS 200ML,SHAMPOO HEAD & SHOULDERS ANTICASPA - 200 MILILITROS
SHAMP ANTI CASPA HEAD SHOULDERS 200ML,SHAMPOO HEAD & SHOULDERS ANTICASPA - 200 MILILITROS
SHAMPOO ANTICASPA HEAD E SHOULDERS 200ML,SHAMPOO HEAD & SHOULDERS ANTICASPA - 200 MILILITROS
SHAMP HEAD SHOULDERS ANTICASPA 200ML,SHAMPOO HEAD & SHOULDERS ANTICASPA - 200 MILILITROS
SHAMPOO ANTICASPA HEAD SHOLD 200ML,SHAMPOO HEAD & SHOULDERS ANTICASPA - 200 MILILITROS
XAMPU ANTICASPA HEAD SHOULDERS 200ML,SHAMPOO HEAD & SHOULDERS ANTICASPA - 200 MILILITROS
SHAMPOO A CASPA HEAD SHOULDERS 200ML,SHAMPOO HEAD & SHOULDERS ANTICASPA - 200 MILILITROS
CREME DENTAL MENTA COLGATE 90G,CREME DENTAL COLGATE MENTA - 90 GRAMAS
CREME DENT MENTA COLGATE 90G,CREME DENTAL COLGATE MENTA - 90 GRAMAS
CRME DENTAL MENTA COLGATE 90G,CREME DENTAL COLGATE MENTA - 90 GRAMAS
CREME DENTAL MENTA COLGATE 90GR,CREME DENTAL COLGATE MENTA - 90 GRAMAS
CREME DENTAL COLGATE MENTA 90G,CREME DENTAL COLGATE MENTA - 90 GRAMAS
CR DENTAL MENTA COLGATE 90G,CREME DENTAL COLGATE MENTA - 90 GRAMAS
CREME DEN MENTA COLGATE 90G,CREME DENTAL COLGATE MENTA - 90 GRAMAS
CREME DNTL MENTA COLGATE 90G,CREME DENTAL COLGATE MENTA - 90 GRAMAS
PASTA DENTAL MENTA COLGATE 90G,CREME DENTAL COLGATE MENTA - 90 GRAMAS
CREME DENTAL COLGATE MNT 90G,CREME DENTAL COLGATE MENTA - 90 GRAMAS
FRALDA PAMPERS SUPERSEC M C/30,FRALDA PAMPERS SUPERSEC TAMANHO M - 30 UNIDADES
FRALDA PAMPERS SUPERSEC M 30UN,FRALDA PAMPERS SUPERSEC TAMANHO M - 30 UNIDADES
FRALD PAMPERS SUPSEC M 30,FRALDA PAMPERS SUPERSEC TAMANHO M - 30 UNIDADES
FRALDA PAMPRS SUPERSEC M C/30,FRALDA PAMPERS SUPERSEC TAMANHO M - 30 UNIDADES
FRALDA PAMPERS SUPER SEC M C30,FRALDA PAMPERS SUPERSEC TAMANHO M - 30 UNIDADES
FRALD PMPERS SUPERSEC M C/30,FRALDA PAMPERS SUPERSEC TAMANHO M - 30 UNIDADES
FRALDA PAMPERS SUPRSEC M C/30,FRALDA PAMPERS SUPERSEC TAMANHO M - 30 UNIDADES
FRALDA PAMPERS SUPERSEC MEDIO 30,FRALDA PAMPERS SUPERSEC TAMANHO M - 30 UNIDADES
FRALDA PAMPERS SUPERSEC M 30 UN,FRALDA PAMPERS SUPERSEC TAMANHO M - 30 UNIDADES
FRL PAMPERS SUPERSEC M C/30,FRALDA PAMPERS SUPERSEC TAMANHO M - 30 UNIDADES
CERVEJA SKOL PURO MALTE 269ML LT,CERVEJA SKOL PURO MALTE LATA - 269 MILILITROS
CERV SKOL P MALTE 269ML LT,CERVEJA SKOL PURO MALTE LATA - 269 MILILITROS
CERVEJA SKOL PM 269ML LATA,CERVEJA SKOL PURO MALTE LATA - 269 MILILITROS
CERV SKOL PURO MALT 269ML LATA,CERVEJA SKOL PURO MALTE LATA - 269 MILILITROS
CRV SKOL PURO MALTE 269ML LT,CERVEJA SKOL PURO MALTE LATA - 269 MILILITROS
CERVEJA SKOL PURO MLT 269ML LATA,CERVEJA SKOL PURO MALTE LATA - 269 MILILITROS
CERV SKOLL PURO MALTE 269ML LT,CERVEJA SKOL PURO MALTE LATA - 269 MILILITROS
CERVEJA SKL PURO MALTE 269ML LATA,CERVEJA SKOL PURO MALTE LATA - 269 MILILITROS
CERVEJA SKOL PURP MALTE 269ML LT,CERVEJA SKOL PURO MALTE LATA - 269 MILILITROS
CERV SKOL P MALTE LT 269ML,CERVEJA SKOL PURO MALTE LATA - 269 MILILITROS
PNEU 175/70R13 BRIDGESTONE,PNEU BRIDGESTONE 175/70 R13 - 1 UNIDADE
PNE 175 70 R13 BRIDGESTONE,PNEU BRIDGESTONE 175/70 R13 - 1 UNIDADE
PNEU 175/70-R13 BRIDGESTN,PNEU BRIDGESTONE 175/70 R13 - 1 UNIDADE
PNEU 175.70R13 BRIDGESTONE,PNEU BRIDGESTONE 175/70 R13 - 1 UNIDADE
PNEU175/70R13 BRIDGESTON,PNEU BRIDGESTONE 175/70 R13 - 1 UNIDADE
PNU 175/70R13 BRIDGESTONE,PNEU BRIDGESTONE 175/70 R13 - 1 UNIDADE
PNEU 175 70R13 BRIDGSTONE,PNEU BRIDGESTONE 175/70 R13 - 1 UNIDADE
PNEU 175/70 R 13 BRIDGESTONE,PNEU BRIDGESTONE 175/70 R13 - 1 UNIDADE
PNEU 175-70-R13 BRIDGESTONE,PNEU BRIDGESTONE 175/70 R13 - 1 UNIDADE
PNEU 175/70R13 BRIDGESONE,PNEU BRIDGESTONE 175/70 R13 - 1 UNIDADE
OLEO MOTOR 5W30 SINT CASTROL 1L,ÓLEO DE MOTOR CASTROL SINTÉTICO 5W30 - 1 LITRO
OLEO MOT 5W30 SINT CASTROL 1L,ÓLEO DE MOTOR CASTROL SINTÉTICO 5W30 - 1 LITRO
OLEO MOTOR 5W-30 SINT CASTRL 1L,ÓLEO DE MOTOR CASTROL SINTÉTICO 5W30 - 1 LITRO
OLEO MTR 5W30 CASTROL 1L SINT,ÓLEO DE MOTOR CASTROL SINTÉTICO 5W30 - 1 LITRO
OLEO 5W30 SINTETICO CASTROL 1L,ÓLEO DE MOTOR CASTROL SINTÉTICO 5W30 - 1 LITRO
OL MOTOR 5W30 SINT CASTROL 1LT,ÓLEO DE MOTOR CASTROL SINTÉTICO 5W30 - 1 LITRO
OLEO MOTOR CASTROL 5W30 S 1L,ÓLEO DE MOTOR CASTROL SINTÉTICO 5W30 - 1 LITRO
OLEO MTR 5W30 CASTROL SINT 1LT,ÓLEO DE MOTOR CASTROL SINTÉTICO 5W30 - 1 LITRO
OLEO MOT SINT 5W30 CASTROL 1L,ÓLEO DE MOTOR CASTROL SINTÉTICO 5W30 - 1 LITRO
OLEO MOTOR 5.W30 SINT CASTROL 1L,ÓLEO DE MOTOR CASTROL SINTÉTICO 5W30 - 1 LITRO
