item_nao_normalizado,item_normalizado
CC 2L,Coca-Cola 2 Litros
COCA COLA 2 LT,Coca-Cola 2 Litros
COKA COLA 2L,Coca-Cola 2 Litros
COCA-COLA 2LT,Coca-Cola 2 Litros
COCACOLA 2 LITROS,Coca-Cola 2 Litros
CCA COLA 2L,Coca-Cola 2 Litros
REFRIG COCA 2L,Coca-Cola 2 Litros
COCA COLA DOIS LITROS,Coca-Cola 2 Litros
REFRIG CC 2LT,Coca-Cola 2 Litros
COCA COLA 2000ML,Coca-Cola 2 Litros
CADEADO PADO LT-50MM,Cadeado Pado LT-50MM
CAD PDO LT50,Cadeado Pado LT-50MM
CADEADO PADRAO LT 50MM,Cadeado Pado LT-50MM
CDO PADO LT-50,Cadeado Pado LT-50MM
CADEADO PADO LT50MM,Cadeado Pado LT-50MM
CAD PADR LT-50MM,Cadeado Pado LT-50MM
CADEADO PDO 50MM,Cadeado Pado LT-50MM
CADEADO PADO MOD LT50,Cadeado Pado LT-50MM
CDO PAD LT 50 MM,Cadeado Pado LT-50MM
CADEADO PADO LT - 50 MM,Cadeado Pado LT-50MM
ARR BCO TJ 1KG,Arroz Branco Tio João 1 Kg
ARROZ BRANCO TIO JOAO 1KG,Arroz Branco Tio João 1 Kg
ARZ BCO TIO JOAO 1 KG,Arroz Branco Tio João 1 Kg
ARROZ TIO JOAO BCO 1KG,Arroz Branco Tio João 1 Kg
ARR BRANCO TIO JOAO 1KG,Arroz Branco Tio João 1 Kg
ARRZ TIO JOA BCO 1KG,Arroz Branco Tio João 1 Kg
ARROZ BCO 1KG TIO JOAO,Arroz Branco Tio João 1 Kg
ARZ BRCO TIO JOAO 1KG,Arroz Branco Tio João 1 Kg
ARROZ BCO TIO JO 1KG,Arroz Branco Tio João 1 Kg
ARR BCO T JOAO 1 KG,Arroz Branco Tio João 1 Kg
FEJ CARIOCA KICALDO 1KG,Feijão Carioca Kicaldo 1 Kg
FEIJAO CARIOCA KICALDO 1KG,Feijão Carioca Kicaldo 1 Kg
FEIJ CAR KICALDO 1 KG,Feijão Carioca Kicaldo 1 Kg
FJO CARIOCA KICALDO 1KG,Feijão Carioca Kicaldo 1 Kg
FEIJAO CARICOA KICALDO 1KG,Feijão Carioca Kicaldo 1 Kg
FEIJ CARIOCA KIC 1KG,Feijão Carioca Kicaldo 1 Kg
FJ CARIOCA KICALDO 1KG,Feijão Carioca Kicaldo 1 Kg
FEIJAO CARIOCA KICLD 1KG,Feijão Carioca Kicaldo 1 Kg
FEIJAO CAR KICALDO 1 KG,Feijão Carioca Kicaldo 1 Kg
FJO CAR KICALDO1KG,Feijão Carioca Kicaldo 1 Kg
LEITE INTEGRAL ITALAC 1L,Leite Integral Italac 1 Litro
LT INTEG ITALAC 1L,Leite Integral Italac 1 Litro
LEITE INT ITALAC 1LT,Leite Integral Italac 1 Litro
LEITE ITALAC INTEGRAL 1L,Leite Integral Italac 1 Litro
LTE INTEGRAL ITALAC 1L,Leite Integral Italac 1 Litro
LEITE ITALAC 1L INT,Leite Integral Italac 1 Litro
LT INT ITALAC 1 LITRO,Leite Integral Italac 1 Litro
LEITE INTGL ITALAC 1LT,Leite Integral Italac 1 Litro
LEITE ITALAC INTEG 1000ML,Leite Integral Italac 1 Litro
LT ITALAC INTEGRAL 1L,Leite Integral Italac 1 Litro
ACU CRISTAL UNIAO 1KG,Açúcar Cristal União 1 Kg
ACUCAR CRISTAL UNIAO 1KG,Açúcar Cristal União 1 Kg
ACU CRIST UNIAO 1 KG,Açúcar Cristal União 1 Kg
AÇUCAR CRISTAL UNIAO 1KG,Açúcar Cristal União 1 Kg
ACUCAR CRITAL UNIAO 1KG,Açúcar Cristal União 1 Kg
ACU CRISTAL UNI 1KG,Açúcar Cristal União 1 Kg
ACUCAR UNIAO CRISTAL 1KG,Açúcar Cristal União 1 Kg
AÇUCAR UNION CRISTAL 1KG,Açúcar Cristal União 1 Kg
ACUCAR CRIST UNIAO1KG,Açúcar Cristal União 1 Kg
ACU CRISAL UNIAO 1KG,Açúcar Cristal União 1 Kg
CAFE PILO TRAD 500G,Café Tradicional Pilão 500 g
CAFE TRADICIONAL PILAO 500G,Café Tradicional Pilão 500 g
CF TRAD PILAO 500G,Café Tradicional Pilão 500 g
CAFE PILAO 500G TRAD,Café Tradicional Pilão 500 g
CAFE TRAD PILAO 500GR,Café Tradicional Pilão 500 g
CAF TRADICIONAL PILAO 500G,Café Tradicional Pilão 500 g
CAFE TRAD PILAÔ 500G,Café Tradicional Pilão 500 g
CAFE PILÃO TRADICIONAL 500G,Café Tradicional Pilão 500 g
CAFE TRAD PIL 500G,Café Tradicional Pilão 500 g
CFE TRADICIONAL PILAO 500G,Café Tradicional Pilão 500 g
DET LIMAO YPE 500ML,Detergente Limão Ypê 500 ml
DETERGENTE LIMAO YPE 500ML,Detergente Limão Ypê 500 ml
DET LIM IPE 500ML,Detergente Limão Ypê 500 ml
DETERG LIMAO YPE 500 ML,Detergente Limão Ypê 500 ml
DETERGNT LIMAO YPE 500ML,Detergente Limão Ypê 500 ml
DET LIMÃO YPE 500ML,Detergente Limão Ypê 500 ml
DETERGENTE LIM YPE 500ML,Detergente Limão Ypê 500 ml
DETERGT LIMAO YPE 500ML,Detergente Limão Ypê 500 ml
DET LM YPÊ 500ML,Detergente Limão Ypê 500 ml
DETERG LIM IPÊ 500 ML,Detergente Limão Ypê 500 ml
SAB PO OMO LAVANDA 1KG,Sabão em Pó OMO Lavanda 1 Kg
SABAO EM PO OMO LAVANDA 1KG,Sabão em Pó OMO Lavanda 1 Kg
SABAO PO LAVANDA OMO 1KG,Sabão em Pó OMO Lavanda 1 Kg
SAB PO OMO LAV 1KG,Sabão em Pó OMO Lavanda 1 Kg
SABAO LAVANDA OMO 1KG,Sabão em Pó OMO Lavanda 1 Kg
SAB EM PO OMO LAVANDA 1KG,Sabão em Pó OMO Lavanda 1 Kg
SABAO PO OMO LAVNDA 1KG,Sabão em Pó OMO Lavanda 1 Kg
SAB EM P OMO LAVANDA 1KG,Sabão em Pó OMO Lavanda 1 Kg
SABAO PO OMO LAVANDA 1 KG,Sabão em Pó OMO Lavanda 1 Kg
SB PO OMO LAVANDA 1KG,Sabão em Pó OMO Lavanda 1 Kg
AGUA MIN SG CRYSTAL 500ML,Água Mineral Sem Gás Crystal 500 ml
AGUA MINERAL SEM GAS CRYSTAL 500ML,Água Mineral Sem Gás Crystal 500 ml
AGU MIN S/GAS CRYSTAL 500ML,Água Mineral Sem Gás Crystal 500 ml
AGUA MINRL SEM GAS CRYSTAL 500ML,Água Mineral Sem Gás Crystal 500 ml
AGUA MINERAL CRYSTAL S/GAS 500ML,Água Mineral Sem Gás Crystal 500 ml
AGUA MIN CRYSTAL 500ML SG,Água Mineral Sem Gás Crystal 500 ml
AGUA MINRAL S GAS CRYSTAL 500ML,Água Mineral Sem Gás Crystal 500 ml
AGU MINERAL CRYSTAL SEM GS 500ML,Água Mineral Sem Gás Crystal 500 ml
AGUA MINERAL CRYSTL S/GAS 500ML,Água Mineral Sem Gás Crystal 500 ml
AGU MIN SEM GAS CRISTAL 500ML,Água Mineral Sem Gás Crystal 500 ml
BISCOITO CREAM CRACKER BAUDUCCO 200G,Biscoito Cream Cracker Bauducco 200 g
BISC CREAM CRACK BAUDUCO 200G,Biscoito Cream Cracker Bauducco 200 g
BSC CREAM CRACKER BAUDUCCO 200G,Biscoito Cream Cracker Bauducco 200 g
BISCOITO CR CRACKER BAUDUCCO 200G,Biscoito Cream Cracker Bauducco 200 g
BISC CREAN CRACKER BAUDUCCO 200G,Biscoito Cream Cracker Bauducco 200 g
BISCTO CREAM CRACKER BAUDUCCO 200G,Biscoito Cream Cracker Bauducco 200 g
BISCOITO CREAM CRK BAUDUCCO 200G,Biscoito Cream Cracker Bauducco 200 g
BISC CRM CRACKER BAUDUCCO 200G,Biscoito Cream Cracker Bauducco 200 g
BISCOITO CREAM CRACKER BAUDUCO 200GR,Biscoito Cream Cracker Bauducco 200 g
BSC CREAM CRACKER BAUDUCO 200GR,Biscoito Cream Cracker Bauducco 200 g
MACARRAO ESPAGUETE ADRIA 500G,Macarrão Espaguete Adria 500 g
MAC ESPAGUETE ADRIA 500G,Macarrão Espaguete Adria 500 g
MACARAO ESPAGUETE ADRIA 500G,Macarrão Espaguete Adria 500 g
MACARRO ESPAGUETE ADRIA 500G,Macarrão Espaguete Adria 500 g
MCARRAO ESPAGUETE ADRIA 500G,Macarrão Espaguete Adria 500 g
MAC ESPAG ADRIA 500G,Macarrão Espaguete Adria 500 g
MACARRAO ESPAG ADRIA 500G,Macarrão Espaguete Adria 500 g
MACARRÃO ESPAGUETE ADRIA 500GR,Macarrão Espaguete Adria 500 g
MAC ESAGUETE ADRIA 500G,Macarrão Espaguete Adria 500 g
MACARRAO ESPAGUET ADRIA 500G,Macarrão Espaguete Adria 500 g
AZEITE EXT VIRGEM GALO 500ML,Azeite Extra Virgem Galo 500 ml
AZEITE EXTRAVIRGEM GALO 500ML,Azeite Extra Virgem Galo 500 ml
AZEITE EV GALO 500ML,Azeite Extra Virgem Galo 500 ml
AZEIT EXTRA VIRGEM GALO 500ML,Azeite Extra Virgem Galo 500 ml
AZEITE EXTRA VGM GALO 500ML,Azeite Extra Virgem Galo 500 ml
AZEITE EX VIRGEM GALO 500ML,Azeite Extra Virgem Galo 500 ml
AZEITE EXT VRG GALO 500ML,Azeite Extra Virgem Galo 500 ml
AZEIT EXT VIRGEM GALO 500ML,Azeite Extra Virgem Galo 500 ml
AZEITE EXTRA VIRGM GALO 500ML,Azeite Extra Virgem Galo 500 ml
AZEITE XTRA VIRGEM GALO 500ML,Azeite Extra Virgem Galo 500 ml
SHAMP ANTICASPA HEAD SHOULDERS 200ML,Shampoo Anticaspa Head & Shoulders 200 ml
SHAMPOO ANTICASPA HEAD SHOULDER 200ML,Shampoo Anticaspa Head & Shoulders 200 ml
SAMP ANTICASPA HEAD SHLDR 200ML,Shampoo Anticaspa Head & Shoulders 200 ml
SHAMPOO ANTI CASPA HEAD SHOULDERS 200ML,Shampoo Anticaspa Head & Shoulders 200 ml
SHAMP ANTI CASPA HEAD SHOULDERS 200ML,Shampoo Anticaspa Head & Shoulders 200 ml
SHAMPOO ANTICASPA HEAD E SHOULDERS 200ML,Shampoo Anticaspa Head & Shoulders 200 ml
SHAMP HEAD SHOULDERS ANTICASPA 200ML,Shampoo Anticaspa Head & Shoulders 200 ml
SHAMPOO ANTICASPA HEAD SHOLD 200ML,Shampoo Anticaspa Head & Shoulders 200 ml
XAMPU ANTICASPA HEAD SHOULDERS 200ML,Shampoo Anticaspa Head & Shoulders 200 ml
SHAMPOO A CASPA HEAD SHOULDERS 200ML,Shampoo Anticaspa Head & Shoulders 200 ml
CREME DENTAL MENTA COLGATE 90G,Creme Dental Menta Colgate 90 g
CREME DENT MENTA COLGATE 90G,Creme Dental Menta Colgate 90 g
CRME DENTAL MENTA COLGATE 90G,Creme Dental Menta Colgate 90 g
CREME DENTAL MENTA COLGATE 90GR,Creme Dental Menta Colgate 90 g
CREME DENTAL COLGATE MENTA 90G,Creme Dental Menta Colgate 90 g
CR DENTAL MENTA COLGATE 90G,Creme Dental Menta Colgate 90 g
CREME DEN MENTA COLGATE 90G,Creme Dental Menta Colgate 90 g
CREME DNTL MENTA COLGATE 90G,Creme Dental Menta Colgate 90 g
PASTA DENTAL MENTA COLGATE 90G,Creme Dental Menta Colgate 90 g
CREME DENTAL COLGATE MNT 90G,Creme Dental Menta Colgate 90 g
FRALDA PAMPERS SUPERSEC M C/30,Fralda Pampers Supersec Tamanho M 30 Unidades
FRALDA PAMPERS SUPERSEC M 30UN,Fralda Pampers Supersec Tamanho M 30 Unidades
FRALD PAMPERS SUPSEC M 30,Fralda Pampers Supersec Tamanho M 30 Unidades
FRALDA PAMPRS SUPERSEC M C/30,Fralda Pampers Supersec Tamanho M 30 Unidades
FRALDA PAMPERS SUPER SEC M C30,Fralda Pampers Supersec Tamanho M 30 Unidades
FRALD PMPERS SUPERSEC M C/30,Fralda Pampers Supersec Tamanho M 30 Unidades
FRALDA PAMPERS SUPRSEC M C/30,Fralda Pampers Supersec Tamanho M 30 Unidades
FRALDA PAMPERS SUPERSEC MEDIO 30,Fralda Pampers Supersec Tamanho M 30 Unidades
FRALDA PAMPERS SUPERSEC M 30 UN,Fralda Pampers Supersec Tamanho M 30 Unidades
FRL PAMPERS SUPERSEC M C/30,Fralda Pampers Supersec Tamanho M 30 Unidades
CERVEJA SKOL PURO MALTE 269ML LT,Cerveja Skol Puro Malte 269 ml Lata
CERV SKOL P MALTE 269ML LT,Cerveja Skol Puro Malte 269 ml Lata
CERVEJA SKOL PM 269ML LATA,Cerveja Skol Puro Malte 269 ml Lata
CERV SKOL PURO MALT 269ML LATA,Cerveja Skol Puro Malte 269 ml Lata
CRV SKOL PURO MALTE 269ML LT,Cerveja Skol Puro Malte 269 ml Lata
CERVEJA SKOL PURO MLT 269ML LATA,Cerveja Skol Puro Malte 269 ml Lata
CERV SKOLL PURO MALTE 269ML LT,Cerveja Skol Puro Malte 269 ml Lata
CERVEJA SKL PURO MALTE 269ML LATA,Cerveja Skol Puro Malte 269 ml Lata
CERVEJA SKOL PURP MALTE 269ML LT,Cerveja Skol Puro Malte 269 ml Lata
CERV SKOL P MALTE LT 269ML,Cerveja Skol Puro Malte 269 ml Lata
PNEU 175/70R13 BRIDGESTONE,Pneu 175/70 R13 Bridgestone
PNE 175 70 R13 BRIDGESTONE,Pneu 175/70 R13 Bridgestone
PNEU 175/70-R13 BRIDGESTN,Pneu 175/70 R13 Bridgestone
PNEU 175.70R13 BRIDGESTONE,Pneu 175/70 R13 Bridgestone
PNEU175/70R13 BRIDGESTON,Pneu 175/70 R13 Bridgestone
PNU 175/70R13 BRIDGESTONE,Pneu 175/70 R13 Bridgestone
PNEU 175 70R13 BRIDGSTONE,Pneu 175/70 R13 Bridgestone
PNEU 175/70 R 13 BRIDGESTONE,Pneu 175/70 R13 Bridgestone
PNEU 175-70-R13 BRIDGESTONE,Pneu 175/70 R13 Bridgestone
PNEU 175/70R13 BRIDGESONE,Pneu 175/70 R13 Bridgestone
OLEO MOTOR 5W30 SINT CASTROL 1L,Óleo de Motor Sintético 5W30 Castrol 1 Litro
OLEO MOT 5W30 SINT CASTROL 1L,Óleo de Motor Sintético 5W30 Castrol 1 Litro
OLEO MOTOR 5W-30 SINT CASTRL 1L,Óleo de Motor Sintético 5W30 Castrol 1 Litro
OLEO MTR 5W30 CASTROL 1L SINT,Óleo de Motor Sintético 5W30 Castrol 1 Litro
OLEO 5W30 SINTETICO CASTROL 1L,Óleo de Motor Sintético 5W30 Castrol 1 Litro
OL MOTOR 5W30 SINT CASTROL 1LT,Óleo de Motor Sintético 5W30 Castrol 1 Litro
OLEO MOTOR CASTROL 5W30 S 1L,Óleo de Motor Sintético 5W30 Castrol 1 Litro
OLEO MTR 5W30 CASTROL SINT 1LT,Óleo de Motor Sintético 5W30 Castrol 1 Litro
OLEO MOT SINT 5W30 CASTROL 1L,Óleo de Motor Sintético 5W30 Castrol 1 Litro
OLEO MOTOR 5.W30 SINT CASTROL 1L,Óleo de Motor Sintético 5W30 Castrol 1 Litro
